[0.000000] (-) TimerEvent: {}
[0.000301] (camera_perception_pkg) JobQueued: {'identifier': 'camera_perception_pkg', 'dependencies': OrderedDict()}
[0.000317] (debug_pkg) JobQueued: {'identifier': 'debug_pkg', 'dependencies': OrderedDict()}
[0.000326] (decision_making_pkg) JobQueued: {'identifier': 'decision_making_pkg', 'dependencies': OrderedDict()}
[0.000333] (interfaces_pkg) JobQueued: {'identifier': 'interfaces_pkg', 'dependencies': OrderedDict()}
[0.000340] (lidar_perception_pkg) JobQueued: {'identifier': 'lidar_perception_pkg', 'dependencies': OrderedDict()}
[0.000346] (simulation_pkg) JobQueued: {'identifier': 'simulation_pkg', 'dependencies': OrderedDict([('camera_perception_pkg', '/home/amrl_sunny/ros2_autonomous_vehicle_simulation/install/camera_perception_pkg'), ('debug_pkg', '/home/amrl_sunny/ros2_autonomous_vehicle_simulation/install/debug_pkg'), ('decision_making_pkg', '/home/amrl_sunny/ros2_autonomous_vehicle_simulation/install/decision_making_pkg'), ('interfaces_pkg', '/home/amrl_sunny/ros2_autonomous_vehicle_simulation/install/interfaces_pkg')])}
[0.000358] (camera_perception_pkg) JobStarted: {'identifier': 'camera_perception_pkg'}
[0.003885] (debug_pkg) JobStarted: {'identifier': 'debug_pkg'}
[0.006244] (decision_making_pkg) JobStarted: {'identifier': 'decision_making_pkg'}
[0.013388] (interfaces_pkg) JobStarted: {'identifier': 'interfaces_pkg'}
[0.016466] (lidar_perception_pkg) JobStarted: {'identifier': 'lidar_perception_pkg'}
[0.099669] (-) TimerEvent: {}
[0.199876] (-) TimerEvent: {}
[0.300092] (-) TimerEvent: {}
[0.400296] (-) TimerEvent: {}
[0.455270] (interfaces_pkg) JobProgress: {'identifier': 'interfaces_pkg', 'progress': 'cmake'}
[0.455514] (interfaces_pkg) JobProgress: {'identifier': 'interfaces_pkg', 'progress': 'build'}
[0.455828] (interfaces_pkg) Command: {'cmd': ['/usr/bin/cmake', '--build', '/home/amrl_sunny/ros2_autonomous_vehicle_simulation/build/interfaces_pkg', '--', '-j20', '-l20'], 'cwd': '/home/amrl_sunny/ros2_autonomous_vehicle_simulation/build/interfaces_pkg', 'env': OrderedDict([('LESSOPEN', '| /usr/bin/lesspipe %s'), ('LANGUAGE', 'ko:en'), ('USER', 'amrl_sunny'), ('LC_TIME', 'ko_KR.UTF-8'), ('XDG_SESSION_TYPE', 'x11'), ('SHLVL', '1'), ('LD_LIBRARY_PATH', '/home/amrl_sunny/ros2_autonomous_vehicle_simulation/install/interfaces_pkg/lib:/opt/ros/humble/opt/rviz_ogre_vendor/lib:/usr/lib/x86_64-linux-gnu/gazebo-11/plugins:/opt/ros/humble/lib/x86_64-linux-gnu:/opt/ros/humble/lib'), ('HOME', '/home/amrl_sunny'), ('OLDPWD', '/home/amrl_sunny/ros2_autonomous_vehicle_simulation'), ('DESKTOP_SESSION', 'ubuntu'), ('ROS_PYTHON_VERSION', '3'), ('GNOME_SHELL_SESSION_MODE', 'ubuntu'), ('GTK_MODULES', 'gail:atk-bridge'), ('XDG_SEAT_PATH', '/org/freedesktop/DisplayManager/Seat0'), ('LC_MONETARY', 'ko_KR.UTF-8'), ('SYSTEMD_EXEC_PID', '1883'), ('DBUS_SESSION_BUS_ADDRESS', 'unix:path=/run/user/1000/bus'), ('COLORTERM', 'truecolor'), ('COLCON_PREFIX_PATH', '/home/amrl_sunny/ros2_autonomous_vehicle_simulation/install:/home/amrl_sunny/2025_jacapdi/install'), ('ROS_DISTRO', 'humble'), ('GTK_IM_MODULE', 'ibus'), ('LOGNAME', 'amrl_sunny'), ('_', '/usr/bin/colcon'), ('ROS_VERSION', '2'), ('XDG_SESSION_CLASS', 'user'), ('TERM', 'xterm-256color'), ('GNOME_DESKTOP_SESSION_ID', 'this-is-deprecated'), ('ROS_LOCALHOST_ONLY', '0'), ('PATH', '/opt/ros/humble/bin:/home/amrl_sunny/.local/bin:/usr/local/sbin:/usr/local/bin:/usr/sbin:/usr/bin:/sbin:/bin:/usr/games:/usr/local/games:/snap/bin'), ('SESSION_MANAGER', 'local/amrl-desktop:@/tmp/.ICE-unix/1667,unix/amrl-desktop:/tmp/.ICE-unix/1667'), ('GDM_LANG', 'ko'), ('PAPERSIZE', 'a4'), ('XDG_SESSION_PATH', '/org/freedesktop/DisplayManager/Session0'), ('XDG_MENU_PREFIX', 'gnome-'), ('LC_ADDRESS', 'ko_KR.UTF-8'), ('GNOME_TERMINAL_SCREEN', '/org/gnome/Terminal/screen/749011a1_a9ba_417b_92ef_a087b4eec115'), ('XDG_RUNTIME_DIR', '/run/user/1000'), ('DISPLAY', ':0'), ('LANG', 'ko_KR.UTF-8'), ('XDG_CURRENT_DESKTOP', 'ubuntu:GNOME'), ('LC_TELEPHONE', 'ko_KR.UTF-8'), ('XMODIFIERS', '@im=ibus'), ('XDG_SESSION_DESKTOP', 'ubuntu'), ('XAUTHORITY', '/home/amrl_sunny/.Xauthority'), ('LS_COLORS', 'rs=0:di=01;34:ln=01;36:mh=00:pi=40;33:so=01;35:do=01;35:bd=40;33;01:cd=40;33;01:or=40;31;01:mi=00:su=37;41:sg=30;43:ca=30;41:tw=30;42:ow=34;42:st=37;44:ex=01;32:*.tar=01;31:*.tgz=01;31:*.arc=01;31:*.arj=01;31:*.taz=01;31:*.lha=01;31:*.lz4=01;31:*.lzh=01;31:*.lzma=01;31:*.tlz=01;31:*.txz=01;31:*.tzo=01;31:*.t7z=01;31:*.zip=01;31:*.z=01;31:*.dz=01;31:*.gz=01;31:*.lrz=01;31:*.lz=01;31:*.lzo=01;31:*.xz=01;31:*.zst=01;31:*.tzst=01;31:*.bz2=01;31:*.bz=01;31:*.tbz=01;31:*.tbz2=01;31:*.tz=01;31:*.deb=01;31:*.rpm=01;31:*.jar=01;31:*.war=01;31:*.ear=01;31:*.sar=01;31:*.rar=01;31:*.alz=01;31:*.ace=01;31:*.zoo=01;31:*.cpio=01;31:*.7z=01;31:*.rz=01;31:*.cab=01;31:*.wim=01;31:*.swm=01;31:*.dwm=01;31:*.esd=01;31:*.jpg=01;35:*.jpeg=01;35:*.mjpg=01;35:*.mjpeg=01;35:*.gif=01;35:*.bmp=01;35:*.pbm=01;35:*.pgm=01;35:*.ppm=01;35:*.tga=01;35:*.xbm=01;35:*.xpm=01;35:*.tif=01;35:*.tiff=01;35:*.png=01;35:*.svg=01;35:*.svgz=01;35:*.mng=01;35:*.pcx=01;35:*.mov=01;35:*.mpg=01;35:*.mpeg=01;35:*.m2v=01;35:*.mkv=01;35:*.webm=01;35:*.webp=01;35:*.ogm=01;35:*.mp4=01;35:*.m4v=01;35:*.mp4v=01;35:*.vob=01;35:*.qt=01;35:*.nuv=01;35:*.wmv=01;35:*.asf=01;35:*.rm=01;35:*.rmvb=01;35:*.flc=01;35:*.avi=01;35:*.fli=01;35:*.flv=01;35:*.gl=01;35:*.dl=01;35:*.xcf=01;35:*.xwd=01;35:*.yuv=01;35:*.cgm=01;35:*.emf=01;35:*.ogv=01;35:*.ogx=01;35:*.aac=00;36:*.au=00;36:*.flac=00;36:*.m4a=00;36:*.mid=00;36:*.midi=00;36:*.mka=00;36:*.mp3=00;36:*.mpc=00;36:*.ogg=00;36:*.ra=00;36:*.wav=00;36:*.oga=00;36:*.opus=00;36:*.spx=00;36:*.xspf=00;36:'), ('GNOME_TERMINAL_SERVICE', ':1.30987'), ('SSH_AGENT_LAUNCHER', 'gnome-keyring'), ('SSH_AUTH_SOCK', '/run/user/1000/keyring/ssh'), ('ROS_DOMAIN_ID', '0'), ('XDG_GREETER_DATA_DIR', '/var/lib/lightdm-data/amrl_sunny'), ('AMENT_PREFIX_PATH', '/home/amrl_sunny/ros2_autonomous_vehicle_simulation/install/simulation_pkg:/home/amrl_sunny/ros2_autonomous_vehicle_simulation/install/debug_pkg:/home/amrl_sunny/ros2_autonomous_vehicle_simulation/install/decision_making_pkg:/home/amrl_sunny/ros2_autonomous_vehicle_simulation/install/camera_perception_pkg:/home/amrl_sunny/ros2_autonomous_vehicle_simulation/install/interfaces_pkg:/home/amrl_sunny/2025_jacapdi/install/simulation_pkg:/home/amrl_sunny/2025_jacapdi/install/debug_pkg:/home/amrl_sunny/2025_jacapdi/install/decision_making_pkg:/home/amrl_sunny/2025_jacapdi/install/camera_perception_pkg:/opt/ros/humble'), ('SHELL', '/bin/bash'), ('LC_NAME', 'ko_KR.UTF-8'), ('QT_ACCESSIBILITY', '1'), ('GDMSESSION', 'ubuntu'), ('LESSCLOSE', '/usr/bin/lesspipe %s %s'), ('LC_MEASUREMENT', 'ko_KR.UTF-8'), ('GPG_AGENT_INFO', '/run/user/1000/gnupg/S.gpg-agent:0:1'), ('LC_IDENTIFICATION', 'ko_KR.UTF-8'), ('QT_IM_MODULE', 'ibus'), ('PWD', '/home/amrl_sunny/ros2_autonomous_vehicle_simulation/build/interfaces_pkg'), ('XDG_CONFIG_DIRS', '/etc/xdg/xdg-ubuntu:/etc/xdg'), ('XDG_DATA_DIRS', '/usr/share/ubuntu:/usr/share/gnome:/usr/local/share:/usr/share:/var/lib/snapd/desktop'), ('PYTHONPATH', '/home/amrl_sunny/ros2_autonomous_vehicle_simulation/build/simulation_pkg:/home/amrl_sunny/ros2_autonomous_vehicle_simulation/install/simulation_pkg/lib/python3.10/site-packages:/home/amrl_sunny/ros2_autonomous_vehicle_simulation/build/debug_pkg:/home/amrl_sunny/ros2_autonomous_vehicle_simulation/install/debug_pkg/lib/python3.10/site-packages:/home/amrl_sunny/ros2_autonomous_vehicle_simulation/build/decision_making_pkg:/home/amrl_sunny/ros2_autonomous_vehicle_simulation/install/decision_making_pkg/lib/python3.10/site-packages:/home/amrl_sunny/ros2_autonomous_vehicle_simulation/build/camera_perception_pkg:/home/amrl_sunny/ros2_autonomous_vehicle_simulation/install/camera_perception_pkg/lib/python3.10/site-packages:/home/amrl_sunny/ros2_autonomous_vehicle_simulation/install/interfaces_pkg/local/lib/python3.10/dist-packages:/home/amrl_sunny/2025_jacapdi/build/simulation_pkg:/home/amrl_sunny/2025_jacapdi/install/simulation_pkg/lib/python3.10/site-packages:/home/amrl_sunny/2025_jacapdi/build/debug_pkg:/home/amrl_sunny/2025_jacapdi/install/debug_pkg/lib/python3.10/site-packages:/home/amrl_sunny/2025_jacapdi/build/decision_making_pkg:/home/amrl_sunny/2025_jacapdi/install/decision_making_pkg/lib/python3.10/site-packages:/home/amrl_sunny/2025_jacapdi/build/camera_perception_pkg:/home/amrl_sunny/2025_jacapdi/install/camera_perception_pkg/lib/python3.10/site-packages:/opt/ros/humble/lib/python3.10/site-packages:/opt/ros/humble/local/lib/python3.10/dist-packages'), ('LC_NUMERIC', 'ko_KR.UTF-8'), ('LC_PAPER', 'ko_KR.UTF-8'), ('COLCON', '1'), ('VTE_VERSION', '6800'), ('CMAKE_PREFIX_PATH', '/home/amrl_sunny/ros2_autonomous_vehicle_simulation/install/interfaces_pkg:/home/amrl_sunny/ros2_autonomous_vehicle_simulation/install/simulation_pkg:/home/amrl_sunny/ros2_autonomous_vehicle_simulation/install/debug_pkg:/home/amrl_sunny/ros2_autonomous_vehicle_simulation/install/decision_making_pkg:/home/amrl_sunny/ros2_autonomous_vehicle_simulation/install/camera_perception_pkg:/home/amrl_sunny/2025_jacapdi/install/simulation_pkg:/home/amrl_sunny/2025_jacapdi/install/debug_pkg:/home/amrl_sunny/2025_jacapdi/install/decision_making_pkg:/home/amrl_sunny/2025_jacapdi/install/camera_perception_pkg:/opt/ros/humble')]), 'shell': False}
[0.488783] (interfaces_pkg) StdoutLine: {'line': b'[  0%] Built target interfaces_pkg__cpp\n'}
[0.490096] (interfaces_pkg) StdoutLine: {'line': b'[ 12%] Built target interfaces_pkg__rosidl_generator_c\n'}
[0.493174] (interfaces_pkg) StdoutLine: {'line': b'[ 12%] Built target ament_cmake_python_symlink_interfaces_pkg\n'}
[0.500397] (-) TimerEvent: {}
[0.504037] (interfaces_pkg) StdoutLine: {'line': b'[ 47%] Built target interfaces_pkg__rosidl_typesupport_introspection_cpp\n'}
[0.504217] (interfaces_pkg) StdoutLine: {'line': b'[ 47%] Built target interfaces_pkg__rosidl_typesupport_introspection_c\n'}
[0.504285] (interfaces_pkg) StdoutLine: {'line': b'[ 48%] Built target interfaces_pkg__rosidl_typesupport_fastrtps_c\n'}
[0.505354] (interfaces_pkg) StdoutLine: {'line': b'[ 60%] Built target interfaces_pkg__rosidl_typesupport_cpp\n'}
[0.505563] (interfaces_pkg) StdoutLine: {'line': b'[ 72%] Built target interfaces_pkg__rosidl_typesupport_c\n'}
[0.509876] (interfaces_pkg) StdoutLine: {'line': b'[ 84%] Built target interfaces_pkg__rosidl_typesupport_fastrtps_cpp\n'}
[0.522422] (interfaces_pkg) StdoutLine: {'line': b'[ 84%] Built target interfaces_pkg\n'}
[0.534059] (interfaces_pkg) StdoutLine: {'line': b'[ 85%] Built target interfaces_pkg__py\n'}
[0.549879] (interfaces_pkg) StdoutLine: {'line': b'[ 96%] Built target interfaces_pkg__rosidl_generator_py\n'}
[0.564398] (interfaces_pkg) StdoutLine: {'line': b'[ 97%] Built target interfaces_pkg__rosidl_typesupport_c__pyext\n'}
[0.564568] (interfaces_pkg) StdoutLine: {'line': b'[100%] Built target interfaces_pkg__rosidl_typesupport_fastrtps_c__pyext\n'}
[0.564618] (interfaces_pkg) StdoutLine: {'line': b'[100%] Built target interfaces_pkg__rosidl_typesupport_introspection_c__pyext\n'}
[0.600465] (-) TimerEvent: {}
[0.633745] (interfaces_pkg) StdoutLine: {'line': b'running egg_info\n'}
[0.634063] (interfaces_pkg) StdoutLine: {'line': b'writing interfaces_pkg.egg-info/PKG-INFO\n'}
[0.634164] (interfaces_pkg) StdoutLine: {'line': b'writing dependency_links to interfaces_pkg.egg-info/dependency_links.txt\n'}
[0.634238] (interfaces_pkg) StdoutLine: {'line': b'writing top-level names to interfaces_pkg.egg-info/top_level.txt\n'}
[0.635329] (interfaces_pkg) StdoutLine: {'line': b"reading manifest file 'interfaces_pkg.egg-info/SOURCES.txt'\n"}
[0.635680] (interfaces_pkg) StdoutLine: {'line': b"writing manifest file 'interfaces_pkg.egg-info/SOURCES.txt'\n"}
[0.652032] (interfaces_pkg) StdoutLine: {'line': b'[100%] Built target ament_cmake_python_build_interfaces_pkg_egg\n'}
[0.661384] (interfaces_pkg) CommandEnded: {'returncode': 0}
[0.661943] (interfaces_pkg) JobProgress: {'identifier': 'interfaces_pkg', 'progress': 'install'}
[0.666463] (interfaces_pkg) Command: {'cmd': ['/usr/bin/cmake', '--install', '/home/amrl_sunny/ros2_autonomous_vehicle_simulation/build/interfaces_pkg'], 'cwd': '/home/amrl_sunny/ros2_autonomous_vehicle_simulation/build/interfaces_pkg', 'env': OrderedDict([('LESSOPEN', '| /usr/bin/lesspipe %s'), ('LANGUAGE', 'ko:en'), ('USER', 'amrl_sunny'), ('LC_TIME', 'ko_KR.UTF-8'), ('XDG_SESSION_TYPE', 'x11'), ('SHLVL', '1'), ('LD_LIBRARY_PATH', '/home/amrl_sunny/ros2_autonomous_vehicle_simulation/install/interfaces_pkg/lib:/opt/ros/humble/opt/rviz_ogre_vendor/lib:/usr/lib/x86_64-linux-gnu/gazebo-11/plugins:/opt/ros/humble/lib/x86_64-linux-gnu:/opt/ros/humble/lib'), ('HOME', '/home/amrl_sunny'), ('OLDPWD', '/home/amrl_sunny/ros2_autonomous_vehicle_simulation'), ('DESKTOP_SESSION', 'ubuntu'), ('ROS_PYTHON_VERSION', '3'), ('GNOME_SHELL_SESSION_MODE', 'ubuntu'), ('GTK_MODULES', 'gail:atk-bridge'), ('XDG_SEAT_PATH', '/org/freedesktop/DisplayManager/Seat0'), ('LC_MONETARY', 'ko_KR.UTF-8'), ('SYSTEMD_EXEC_PID', '1883'), ('DBUS_SESSION_BUS_ADDRESS', 'unix:path=/run/user/1000/bus'), ('COLORTERM', 'truecolor'), ('COLCON_PREFIX_PATH', '/home/amrl_sunny/ros2_autonomous_vehicle_simulation/install:/home/amrl_sunny/2025_jacapdi/install'), ('ROS_DISTRO', 'humble'), ('GTK_IM_MODULE', 'ibus'), ('LOGNAME', 'amrl_sunny'), ('_', '/usr/bin/colcon'), ('ROS_VERSION', '2'), ('XDG_SESSION_CLASS', 'user'), ('TERM', 'xterm-256color'), ('GNOME_DESKTOP_SESSION_ID', 'this-is-deprecated'), ('ROS_LOCALHOST_ONLY', '0'), ('PATH', '/opt/ros/humble/bin:/home/amrl_sunny/.local/bin:/usr/local/sbin:/usr/local/bin:/usr/sbin:/usr/bin:/sbin:/bin:/usr/games:/usr/local/games:/snap/bin'), ('SESSION_MANAGER', 'local/amrl-desktop:@/tmp/.ICE-unix/1667,unix/amrl-desktop:/tmp/.ICE-unix/1667'), ('GDM_LANG', 'ko'), ('PAPERSIZE', 'a4'), ('XDG_SESSION_PATH', '/org/freedesktop/DisplayManager/Session0'), ('XDG_MENU_PREFIX', 'gnome-'), ('LC_ADDRESS', 'ko_KR.UTF-8'), ('GNOME_TERMINAL_SCREEN', '/org/gnome/Terminal/screen/749011a1_a9ba_417b_92ef_a087b4eec115'), ('XDG_RUNTIME_DIR', '/run/user/1000'), ('DISPLAY', ':0'), ('LANG', 'ko_KR.UTF-8'), ('XDG_CURRENT_DESKTOP', 'ubuntu:GNOME'), ('LC_TELEPHONE', 'ko_KR.UTF-8'), ('XMODIFIERS', '@im=ibus'), ('XDG_SESSION_DESKTOP', 'ubuntu'), ('XAUTHORITY', '/home/amrl_sunny/.Xauthority'), ('LS_COLORS', 'rs=0:di=01;34:ln=01;36:mh=00:pi=40;33:so=01;35:do=01;35:bd=40;33;01:cd=40;33;01:or=40;31;01:mi=00:su=37;41:sg=30;43:ca=30;41:tw=30;42:ow=34;42:st=37;44:ex=01;32:*.tar=01;31:*.tgz=01;31:*.arc=01;31:*.arj=01;31:*.taz=01;31:*.lha=01;31:*.lz4=01;31:*.lzh=01;31:*.lzma=01;31:*.tlz=01;31:*.txz=01;31:*.tzo=01;31:*.t7z=01;31:*.zip=01;31:*.z=01;31:*.dz=01;31:*.gz=01;31:*.lrz=01;31:*.lz=01;31:*.lzo=01;31:*.xz=01;31:*.zst=01;31:*.tzst=01;31:*.bz2=01;31:*.bz=01;31:*.tbz=01;31:*.tbz2=01;31:*.tz=01;31:*.deb=01;31:*.rpm=01;31:*.jar=01;31:*.war=01;31:*.ear=01;31:*.sar=01;31:*.rar=01;31:*.alz=01;31:*.ace=01;31:*.zoo=01;31:*.cpio=01;31:*.7z=01;31:*.rz=01;31:*.cab=01;31:*.wim=01;31:*.swm=01;31:*.dwm=01;31:*.esd=01;31:*.jpg=01;35:*.jpeg=01;35:*.mjpg=01;35:*.mjpeg=01;35:*.gif=01;35:*.bmp=01;35:*.pbm=01;35:*.pgm=01;35:*.ppm=01;35:*.tga=01;35:*.xbm=01;35:*.xpm=01;35:*.tif=01;35:*.tiff=01;35:*.png=01;35:*.svg=01;35:*.svgz=01;35:*.mng=01;35:*.pcx=01;35:*.mov=01;35:*.mpg=01;35:*.mpeg=01;35:*.m2v=01;35:*.mkv=01;35:*.webm=01;35:*.webp=01;35:*.ogm=01;35:*.mp4=01;35:*.m4v=01;35:*.mp4v=01;35:*.vob=01;35:*.qt=01;35:*.nuv=01;35:*.wmv=01;35:*.asf=01;35:*.rm=01;35:*.rmvb=01;35:*.flc=01;35:*.avi=01;35:*.fli=01;35:*.flv=01;35:*.gl=01;35:*.dl=01;35:*.xcf=01;35:*.xwd=01;35:*.yuv=01;35:*.cgm=01;35:*.emf=01;35:*.ogv=01;35:*.ogx=01;35:*.aac=00;36:*.au=00;36:*.flac=00;36:*.m4a=00;36:*.mid=00;36:*.midi=00;36:*.mka=00;36:*.mp3=00;36:*.mpc=00;36:*.ogg=00;36:*.ra=00;36:*.wav=00;36:*.oga=00;36:*.opus=00;36:*.spx=00;36:*.xspf=00;36:'), ('GNOME_TERMINAL_SERVICE', ':1.30987'), ('SSH_AGENT_LAUNCHER', 'gnome-keyring'), ('SSH_AUTH_SOCK', '/run/user/1000/keyring/ssh'), ('ROS_DOMAIN_ID', '0'), ('XDG_GREETER_DATA_DIR', '/var/lib/lightdm-data/amrl_sunny'), ('AMENT_PREFIX_PATH', '/home/amrl_sunny/ros2_autonomous_vehicle_simulation/install/simulation_pkg:/home/amrl_sunny/ros2_autonomous_vehicle_simulation/install/debug_pkg:/home/amrl_sunny/ros2_autonomous_vehicle_simulation/install/decision_making_pkg:/home/amrl_sunny/ros2_autonomous_vehicle_simulation/install/camera_perception_pkg:/home/amrl_sunny/ros2_autonomous_vehicle_simulation/install/interfaces_pkg:/home/amrl_sunny/2025_jacapdi/install/simulation_pkg:/home/amrl_sunny/2025_jacapdi/install/debug_pkg:/home/amrl_sunny/2025_jacapdi/install/decision_making_pkg:/home/amrl_sunny/2025_jacapdi/install/camera_perception_pkg:/opt/ros/humble'), ('SHELL', '/bin/bash'), ('LC_NAME', 'ko_KR.UTF-8'), ('QT_ACCESSIBILITY', '1'), ('GDMSESSION', 'ubuntu'), ('LESSCLOSE', '/usr/bin/lesspipe %s %s'), ('LC_MEASUREMENT', 'ko_KR.UTF-8'), ('GPG_AGENT_INFO', '/run/user/1000/gnupg/S.gpg-agent:0:1'), ('LC_IDENTIFICATION', 'ko_KR.UTF-8'), ('QT_IM_MODULE', 'ibus'), ('PWD', '/home/amrl_sunny/ros2_autonomous_vehicle_simulation/build/interfaces_pkg'), ('XDG_CONFIG_DIRS', '/etc/xdg/xdg-ubuntu:/etc/xdg'), ('XDG_DATA_DIRS', '/usr/share/ubuntu:/usr/share/gnome:/usr/local/share:/usr/share:/var/lib/snapd/desktop'), ('PYTHONPATH', '/home/amrl_sunny/ros2_autonomous_vehicle_simulation/build/simulation_pkg:/home/amrl_sunny/ros2_autonomous_vehicle_simulation/install/simulation_pkg/lib/python3.10/site-packages:/home/amrl_sunny/ros2_autonomous_vehicle_simulation/build/debug_pkg:/home/amrl_sunny/ros2_autonomous_vehicle_simulation/install/debug_pkg/lib/python3.10/site-packages:/home/amrl_sunny/ros2_autonomous_vehicle_simulation/build/decision_making_pkg:/home/amrl_sunny/ros2_autonomous_vehicle_simulation/install/decision_making_pkg/lib/python3.10/site-packages:/home/amrl_sunny/ros2_autonomous_vehicle_simulation/build/camera_perception_pkg:/home/amrl_sunny/ros2_autonomous_vehicle_simulation/install/camera_perception_pkg/lib/python3.10/site-packages:/home/amrl_sunny/ros2_autonomous_vehicle_simulation/install/interfaces_pkg/local/lib/python3.10/dist-packages:/home/amrl_sunny/2025_jacapdi/build/simulation_pkg:/home/amrl_sunny/2025_jacapdi/install/simulation_pkg/lib/python3.10/site-packages:/home/amrl_sunny/2025_jacapdi/build/debug_pkg:/home/amrl_sunny/2025_jacapdi/install/debug_pkg/lib/python3.10/site-packages:/home/amrl_sunny/2025_jacapdi/build/decision_making_pkg:/home/amrl_sunny/2025_jacapdi/install/decision_making_pkg/lib/python3.10/site-packages:/home/amrl_sunny/2025_jacapdi/build/camera_perception_pkg:/home/amrl_sunny/2025_jacapdi/install/camera_perception_pkg/lib/python3.10/site-packages:/opt/ros/humble/lib/python3.10/site-packages:/opt/ros/humble/local/lib/python3.10/dist-packages'), ('LC_NUMERIC', 'ko_KR.UTF-8'), ('LC_PAPER', 'ko_KR.UTF-8'), ('COLCON', '1'), ('VTE_VERSION', '6800'), ('CMAKE_PREFIX_PATH', '/home/amrl_sunny/ros2_autonomous_vehicle_simulation/install/interfaces_pkg:/home/amrl_sunny/ros2_autonomous_vehicle_simulation/install/simulation_pkg:/home/amrl_sunny/ros2_autonomous_vehicle_simulation/install/debug_pkg:/home/amrl_sunny/ros2_autonomous_vehicle_simulation/install/decision_making_pkg:/home/amrl_sunny/ros2_autonomous_vehicle_simulation/install/camera_perception_pkg:/home/amrl_sunny/2025_jacapdi/install/simulation_pkg:/home/amrl_sunny/2025_jacapdi/install/debug_pkg:/home/amrl_sunny/2025_jacapdi/install/decision_making_pkg:/home/amrl_sunny/2025_jacapdi/install/camera_perception_pkg:/opt/ros/humble')]), 'shell': False}
[0.670958] (interfaces_pkg) StdoutLine: {'line': b'-- Install configuration: ""\n'}
[0.671375] (interfaces_pkg) StdoutLine: {'line': b'-- Execute custom install script\n'}
[0.671474] (interfaces_pkg) StdoutLine: {'line': b'-- Up-to-date symlink: /home/amrl_sunny/ros2_autonomous_vehicle_simulation/install/interfaces_pkg/share/ament_index/resource_index/rosidl_interfaces/interfaces_pkg\n'}
[0.671893] (interfaces_pkg) StdoutLine: {'line': b'-- Up-to-date symlink: /home/amrl_sunny/ros2_autonomous_vehicle_simulation/install/interfaces_pkg/include/interfaces_pkg/interfaces_pkg/msg/bounding_box2_d.h\n'}
[0.671984] (interfaces_pkg) StdoutLine: {'line': b'-- Up-to-date symlink: /home/amrl_sunny/ros2_autonomous_vehicle_simulation/install/interfaces_pkg/include/interfaces_pkg/interfaces_pkg/msg/bounding_box3_d.h\n'}
[0.672043] (interfaces_pkg) StdoutLine: {'line': b'-- Up-to-date symlink: /home/amrl_sunny/ros2_autonomous_vehicle_simulation/install/interfaces_pkg/include/interfaces_pkg/interfaces_pkg/msg/detail/bounding_box2_d__functions.h\n'}
[0.672120] (interfaces_pkg) StdoutLine: {'line': b'-- Up-to-date symlink: /home/amrl_sunny/ros2_autonomous_vehicle_simulation/install/interfaces_pkg/include/interfaces_pkg/interfaces_pkg/msg/detail/bounding_box2_d__struct.h\n'}
[0.672174] (interfaces_pkg) StdoutLine: {'line': b'-- Up-to-date symlink: /home/amrl_sunny/ros2_autonomous_vehicle_simulation/install/interfaces_pkg/include/interfaces_pkg/interfaces_pkg/msg/detail/bounding_box2_d__type_support.h\n'}
[0.672228] (interfaces_pkg) StdoutLine: {'line': b'-- Up-to-date symlink: /home/amrl_sunny/ros2_autonomous_vehicle_simulation/install/interfaces_pkg/include/interfaces_pkg/interfaces_pkg/msg/detail/bounding_box3_d__functions.h\n'}
[0.672301] (interfaces_pkg) StdoutLine: {'line': b'-- Up-to-date symlink: /home/amrl_sunny/ros2_autonomous_vehicle_simulation/install/interfaces_pkg/include/interfaces_pkg/interfaces_pkg/msg/detail/bounding_box3_d__struct.h\n'}
[0.672384] (interfaces_pkg) StdoutLine: {'line': b'-- Up-to-date symlink: /home/amrl_sunny/ros2_autonomous_vehicle_simulation/install/interfaces_pkg/include/interfaces_pkg/interfaces_pkg/msg/detail/bounding_box3_d__type_support.h\n'}
[0.672437] (interfaces_pkg) StdoutLine: {'line': b'-- Up-to-date symlink: /home/amrl_sunny/ros2_autonomous_vehicle_simulation/install/interfaces_pkg/include/interfaces_pkg/interfaces_pkg/msg/detail/detection__functions.h\n'}
[0.672489] (interfaces_pkg) StdoutLine: {'line': b'-- Up-to-date symlink: /home/amrl_sunny/ros2_autonomous_vehicle_simulation/install/interfaces_pkg/include/interfaces_pkg/interfaces_pkg/msg/detail/detection__struct.h\n'}
[0.672541] (interfaces_pkg) StdoutLine: {'line': b'-- Up-to-date symlink: /home/amrl_sunny/ros2_autonomous_vehicle_simulation/install/interfaces_pkg/include/interfaces_pkg/interfaces_pkg/msg/detail/detection__type_support.h\n'}
[0.672593] (interfaces_pkg) StdoutLine: {'line': b'-- Up-to-date symlink: /home/amrl_sunny/ros2_autonomous_vehicle_simulation/install/interfaces_pkg/include/interfaces_pkg/interfaces_pkg/msg/detail/detection_array__functions.h\n'}
[0.672681] (interfaces_pkg) StdoutLine: {'line': b'-- Up-to-date symlink: /home/amrl_sunny/ros2_autonomous_vehicle_simulation/install/interfaces_pkg/include/interfaces_pkg/interfaces_pkg/msg/detail/detection_array__struct.h\n'}
[0.672788] (interfaces_pkg) StdoutLine: {'line': b'-- Up-to-date symlink: /home/amrl_sunny/ros2_autonomous_vehicle_simulation/install/interfaces_pkg/include/interfaces_pkg/interfaces_pkg/msg/detail/detection_array__type_support.h\n'}
[0.672841] (interfaces_pkg) StdoutLine: {'line': b'-- Up-to-date symlink: /home/amrl_sunny/ros2_autonomous_vehicle_simulation/install/interfaces_pkg/include/interfaces_pkg/interfaces_pkg/msg/detail/key_point2_d__functions.h\n'}
[0.672894] (interfaces_pkg) StdoutLine: {'line': b'-- Up-to-date symlink: /home/amrl_sunny/ros2_autonomous_vehicle_simulation/install/interfaces_pkg/include/interfaces_pkg/interfaces_pkg/msg/detail/key_point2_d__struct.h\n'}
[0.672981] (interfaces_pkg) StdoutLine: {'line': b'-- Up-to-date symlink: /home/amrl_sunny/ros2_autonomous_vehicle_simulation/install/interfaces_pkg/include/interfaces_pkg/interfaces_pkg/msg/detail/key_point2_d__type_support.h\n'}
[0.673035] (interfaces_pkg) StdoutLine: {'line': b'-- Up-to-date symlink: /home/amrl_sunny/ros2_autonomous_vehicle_simulation/install/interfaces_pkg/include/interfaces_pkg/interfaces_pkg/msg/detail/key_point2_d_array__functions.h\n'}
[0.673088] (interfaces_pkg) StdoutLine: {'line': b'-- Up-to-date symlink: /home/amrl_sunny/ros2_autonomous_vehicle_simulation/install/interfaces_pkg/include/interfaces_pkg/interfaces_pkg/msg/detail/key_point2_d_array__struct.h\n'}
[0.673140] (interfaces_pkg) StdoutLine: {'line': b'-- Up-to-date symlink: /home/amrl_sunny/ros2_autonomous_vehicle_simulation/install/interfaces_pkg/include/interfaces_pkg/interfaces_pkg/msg/detail/key_point2_d_array__type_support.h\n'}
[0.673193] (interfaces_pkg) StdoutLine: {'line': b'-- Up-to-date symlink: /home/amrl_sunny/ros2_autonomous_vehicle_simulation/install/interfaces_pkg/include/interfaces_pkg/interfaces_pkg/msg/detail/key_point3_d__functions.h\n'}
[0.673294] (interfaces_pkg) StdoutLine: {'line': b'-- Up-to-date symlink: /home/amrl_sunny/ros2_autonomous_vehicle_simulation/install/interfaces_pkg/include/interfaces_pkg/interfaces_pkg/msg/detail/key_point3_d__struct.h\n'}
[0.673349] (interfaces_pkg) StdoutLine: {'line': b'-- Up-to-date symlink: /home/amrl_sunny/ros2_autonomous_vehicle_simulation/install/interfaces_pkg/include/interfaces_pkg/interfaces_pkg/msg/detail/key_point3_d__type_support.h\n'}
[0.673422] (interfaces_pkg) StdoutLine: {'line': b'-- Up-to-date symlink: /home/amrl_sunny/ros2_autonomous_vehicle_simulation/install/interfaces_pkg/include/interfaces_pkg/interfaces_pkg/msg/detail/key_point3_d_array__functions.h\n'}
[0.673479] (interfaces_pkg) StdoutLine: {'line': b'-- Up-to-date symlink: /home/amrl_sunny/ros2_autonomous_vehicle_simulation/install/interfaces_pkg/include/interfaces_pkg/interfaces_pkg/msg/detail/key_point3_d_array__struct.h\n'}
[0.673566] (interfaces_pkg) StdoutLine: {'line': b'-- Up-to-date symlink: /home/amrl_sunny/ros2_autonomous_vehicle_simulation/install/interfaces_pkg/include/interfaces_pkg/interfaces_pkg/msg/detail/key_point3_d_array__type_support.h\n'}
[0.673622] (interfaces_pkg) StdoutLine: {'line': b'-- Up-to-date symlink: /home/amrl_sunny/ros2_autonomous_vehicle_simulation/install/interfaces_pkg/include/interfaces_pkg/interfaces_pkg/msg/detail/lane_info__functions.h\n'}
[0.673700] (interfaces_pkg) StdoutLine: {'line': b'-- Up-to-date symlink: /home/amrl_sunny/ros2_autonomous_vehicle_simulation/install/interfaces_pkg/include/interfaces_pkg/interfaces_pkg/msg/detail/lane_info__struct.h\n'}
[0.673767] (interfaces_pkg) StdoutLine: {'line': b'-- Up-to-date symlink: /home/amrl_sunny/ros2_autonomous_vehicle_simulation/install/interfaces_pkg/include/interfaces_pkg/interfaces_pkg/msg/detail/lane_info__type_support.h\n'}
[0.673820] (interfaces_pkg) StdoutLine: {'line': b'-- Up-to-date symlink: /home/amrl_sunny/ros2_autonomous_vehicle_simulation/install/interfaces_pkg/include/interfaces_pkg/interfaces_pkg/msg/detail/mask__functions.h\n'}
[0.673873] (interfaces_pkg) StdoutLine: {'line': b'-- Up-to-date symlink: /home/amrl_sunny/ros2_autonomous_vehicle_simulation/install/interfaces_pkg/include/interfaces_pkg/interfaces_pkg/msg/detail/mask__struct.h\n'}
[0.673927] (interfaces_pkg) StdoutLine: {'line': b'-- Up-to-date symlink: /home/amrl_sunny/ros2_autonomous_vehicle_simulation/install/interfaces_pkg/include/interfaces_pkg/interfaces_pkg/msg/detail/mask__type_support.h\n'}
[0.673981] (interfaces_pkg) StdoutLine: {'line': b'-- Up-to-date symlink: /home/amrl_sunny/ros2_autonomous_vehicle_simulation/install/interfaces_pkg/include/interfaces_pkg/interfaces_pkg/msg/detail/motion_command__functions.h\n'}
[0.674034] (interfaces_pkg) StdoutLine: {'line': b'-- Up-to-date symlink: /home/amrl_sunny/ros2_autonomous_vehicle_simulation/install/interfaces_pkg/include/interfaces_pkg/interfaces_pkg/msg/detail/motion_command__struct.h\n'}
[0.674087] (interfaces_pkg) StdoutLine: {'line': b'-- Up-to-date symlink: /home/amrl_sunny/ros2_autonomous_vehicle_simulation/install/interfaces_pkg/include/interfaces_pkg/interfaces_pkg/msg/detail/motion_command__type_support.h\n'}
[0.674140] (interfaces_pkg) StdoutLine: {'line': b'-- Up-to-date symlink: /home/amrl_sunny/ros2_autonomous_vehicle_simulation/install/interfaces_pkg/include/interfaces_pkg/interfaces_pkg/msg/detail/path_planning_result__functions.h\n'}
[0.674194] (interfaces_pkg) StdoutLine: {'line': b'-- Up-to-date symlink: /home/amrl_sunny/ros2_autonomous_vehicle_simulation/install/interfaces_pkg/include/interfaces_pkg/interfaces_pkg/msg/detail/path_planning_result__struct.h\n'}
[0.674248] (interfaces_pkg) StdoutLine: {'line': b'-- Up-to-date symlink: /home/amrl_sunny/ros2_autonomous_vehicle_simulation/install/interfaces_pkg/include/interfaces_pkg/interfaces_pkg/msg/detail/path_planning_result__type_support.h\n'}
[0.674301] (interfaces_pkg) StdoutLine: {'line': b'-- Up-to-date symlink: /home/amrl_sunny/ros2_autonomous_vehicle_simulation/install/interfaces_pkg/include/interfaces_pkg/interfaces_pkg/msg/detail/point2_d__functions.h\n'}
[0.674404] (interfaces_pkg) StdoutLine: {'line': b'-- Up-to-date symlink: /home/amrl_sunny/ros2_autonomous_vehicle_simulation/install/interfaces_pkg/include/interfaces_pkg/interfaces_pkg/msg/detail/point2_d__struct.h\n'}
[0.674455] (interfaces_pkg) StdoutLine: {'line': b'-- Up-to-date symlink: /home/amrl_sunny/ros2_autonomous_vehicle_simulation/install/interfaces_pkg/include/interfaces_pkg/interfaces_pkg/msg/detail/point2_d__type_support.h\n'}
[0.674505] (interfaces_pkg) StdoutLine: {'line': b'-- Up-to-date symlink: /home/amrl_sunny/ros2_autonomous_vehicle_simulation/install/interfaces_pkg/include/interfaces_pkg/interfaces_pkg/msg/detail/pose2_d__functions.h\n'}
[0.674554] (interfaces_pkg) StdoutLine: {'line': b'-- Up-to-date symlink: /home/amrl_sunny/ros2_autonomous_vehicle_simulation/install/interfaces_pkg/include/interfaces_pkg/interfaces_pkg/msg/detail/pose2_d__struct.h\n'}
[0.674604] (interfaces_pkg) StdoutLine: {'line': b'-- Up-to-date symlink: /home/amrl_sunny/ros2_autonomous_vehicle_simulation/install/interfaces_pkg/include/interfaces_pkg/interfaces_pkg/msg/detail/pose2_d__type_support.h\n'}
[0.674672] (interfaces_pkg) StdoutLine: {'line': b'-- Up-to-date symlink: /home/amrl_sunny/ros2_autonomous_vehicle_simulation/install/interfaces_pkg/include/interfaces_pkg/interfaces_pkg/msg/detail/target_point__functions.h\n'}
[0.674749] (interfaces_pkg) StdoutLine: {'line': b'-- Up-to-date symlink: /home/amrl_sunny/ros2_autonomous_vehicle_simulation/install/interfaces_pkg/include/interfaces_pkg/interfaces_pkg/msg/detail/target_point__struct.h\n'}
[0.674804] (interfaces_pkg) StdoutLine: {'line': b'-- Up-to-date symlink: /home/amrl_sunny/ros2_autonomous_vehicle_simulation/install/interfaces_pkg/include/interfaces_pkg/interfaces_pkg/msg/detail/target_point__type_support.h\n'}
[0.674857] (interfaces_pkg) StdoutLine: {'line': b'-- Up-to-date symlink: /home/amrl_sunny/ros2_autonomous_vehicle_simulation/install/interfaces_pkg/include/interfaces_pkg/interfaces_pkg/msg/detail/vector2__functions.h\n'}
[0.674935] (interfaces_pkg) StdoutLine: {'line': b'-- Up-to-date symlink: /home/amrl_sunny/ros2_autonomous_vehicle_simulation/install/interfaces_pkg/include/interfaces_pkg/interfaces_pkg/msg/detail/vector2__struct.h\n'}
[0.674991] (interfaces_pkg) StdoutLine: {'line': b'-- Up-to-date symlink: /home/amrl_sunny/ros2_autonomous_vehicle_simulation/install/interfaces_pkg/include/interfaces_pkg/interfaces_pkg/msg/detail/vector2__type_support.h\n'}
[0.675044] (interfaces_pkg) StdoutLine: {'line': b'-- Up-to-date symlink: /home/amrl_sunny/ros2_autonomous_vehicle_simulation/install/interfaces_pkg/include/interfaces_pkg/interfaces_pkg/msg/detection.h\n'}
[0.675097] (interfaces_pkg) StdoutLine: {'line': b'-- Up-to-date symlink: /home/amrl_sunny/ros2_autonomous_vehicle_simulation/install/interfaces_pkg/include/interfaces_pkg/interfaces_pkg/msg/detection_array.h\n'}
[0.675150] (interfaces_pkg) StdoutLine: {'line': b'-- Up-to-date symlink: /home/amrl_sunny/ros2_autonomous_vehicle_simulation/install/interfaces_pkg/include/interfaces_pkg/interfaces_pkg/msg/key_point2_d.h\n'}
[0.675203] (interfaces_pkg) StdoutLine: {'line': b'-- Up-to-date symlink: /home/amrl_sunny/ros2_autonomous_vehicle_simulation/install/interfaces_pkg/include/interfaces_pkg/interfaces_pkg/msg/key_point2_d_array.h\n'}
[0.675256] (interfaces_pkg) StdoutLine: {'line': b'-- Up-to-date symlink: /home/amrl_sunny/ros2_autonomous_vehicle_simulation/install/interfaces_pkg/include/interfaces_pkg/interfaces_pkg/msg/key_point3_d.h\n'}
[0.675309] (interfaces_pkg) StdoutLine: {'line': b'-- Up-to-date symlink: /home/amrl_sunny/ros2_autonomous_vehicle_simulation/install/interfaces_pkg/include/interfaces_pkg/interfaces_pkg/msg/key_point3_d_array.h\n'}
[0.675362] (interfaces_pkg) StdoutLine: {'line': b'-- Up-to-date symlink: /home/amrl_sunny/ros2_autonomous_vehicle_simulation/install/interfaces_pkg/include/interfaces_pkg/interfaces_pkg/msg/lane_info.h\n'}
[0.675416] (interfaces_pkg) StdoutLine: {'line': b'-- Up-to-date symlink: /home/amrl_sunny/ros2_autonomous_vehicle_simulation/install/interfaces_pkg/include/interfaces_pkg/interfaces_pkg/msg/mask.h\n'}
[0.675481] (interfaces_pkg) StdoutLine: {'line': b'-- Up-to-date symlink: /home/amrl_sunny/ros2_autonomous_vehicle_simulation/install/interfaces_pkg/include/interfaces_pkg/interfaces_pkg/msg/motion_command.h\n'}
[0.675535] (interfaces_pkg) StdoutLine: {'line': b'-- Up-to-date symlink: /home/amrl_sunny/ros2_autonomous_vehicle_simulation/install/interfaces_pkg/include/interfaces_pkg/interfaces_pkg/msg/path_planning_result.h\n'}
[0.675588] (interfaces_pkg) StdoutLine: {'line': b'-- Up-to-date symlink: /home/amrl_sunny/ros2_autonomous_vehicle_simulation/install/interfaces_pkg/include/interfaces_pkg/interfaces_pkg/msg/point2_d.h\n'}
[0.675644] (interfaces_pkg) StdoutLine: {'line': b'-- Up-to-date symlink: /home/amrl_sunny/ros2_autonomous_vehicle_simulation/install/interfaces_pkg/include/interfaces_pkg/interfaces_pkg/msg/pose2_d.h\n'}
[0.675745] (interfaces_pkg) StdoutLine: {'line': b'-- Up-to-date symlink: /home/amrl_sunny/ros2_autonomous_vehicle_simulation/install/interfaces_pkg/include/interfaces_pkg/interfaces_pkg/msg/rosidl_generator_c__visibility_control.h\n'}
[0.675800] (interfaces_pkg) StdoutLine: {'line': b'-- Up-to-date symlink: /home/amrl_sunny/ros2_autonomous_vehicle_simulation/install/interfaces_pkg/include/interfaces_pkg/interfaces_pkg/msg/target_point.h\n'}
[0.675879] (interfaces_pkg) StdoutLine: {'line': b'-- Up-to-date symlink: /home/amrl_sunny/ros2_autonomous_vehicle_simulation/install/interfaces_pkg/include/interfaces_pkg/interfaces_pkg/msg/vector2.h\n'}
[0.675949] (interfaces_pkg) StdoutLine: {'line': b'-- Up-to-date symlink: /home/amrl_sunny/ros2_autonomous_vehicle_simulation/install/interfaces_pkg/share/interfaces_pkg/environment/library_path.sh\n'}
[0.676010] (interfaces_pkg) StdoutLine: {'line': b'-- Up-to-date symlink: /home/amrl_sunny/ros2_autonomous_vehicle_simulation/install/interfaces_pkg/share/interfaces_pkg/environment/library_path.dsv\n'}
[0.676065] (interfaces_pkg) StdoutLine: {'line': b'-- Up-to-date symlink: /home/amrl_sunny/ros2_autonomous_vehicle_simulation/install/interfaces_pkg/include/interfaces_pkg/interfaces_pkg/msg/detail/bounding_box2_d__rosidl_typesupport_fastrtps_c.h\n'}
[0.676119] (interfaces_pkg) StdoutLine: {'line': b'-- Up-to-date symlink: /home/amrl_sunny/ros2_autonomous_vehicle_simulation/install/interfaces_pkg/include/interfaces_pkg/interfaces_pkg/msg/detail/bounding_box3_d__rosidl_typesupport_fastrtps_c.h\n'}
[0.676199] (interfaces_pkg) StdoutLine: {'line': b'-- Up-to-date symlink: /home/amrl_sunny/ros2_autonomous_vehicle_simulation/install/interfaces_pkg/include/interfaces_pkg/interfaces_pkg/msg/detail/detection__rosidl_typesupport_fastrtps_c.h\n'}
[0.676253] (interfaces_pkg) StdoutLine: {'line': b'-- Up-to-date symlink: /home/amrl_sunny/ros2_autonomous_vehicle_simulation/install/interfaces_pkg/include/interfaces_pkg/interfaces_pkg/msg/detail/detection_array__rosidl_typesupport_fastrtps_c.h\n'}
[0.676304] (interfaces_pkg) StdoutLine: {'line': b'-- Up-to-date symlink: /home/amrl_sunny/ros2_autonomous_vehicle_simulation/install/interfaces_pkg/include/interfaces_pkg/interfaces_pkg/msg/detail/key_point2_d__rosidl_typesupport_fastrtps_c.h\n'}
[0.676355] (interfaces_pkg) StdoutLine: {'line': b'-- Up-to-date symlink: /home/amrl_sunny/ros2_autonomous_vehicle_simulation/install/interfaces_pkg/include/interfaces_pkg/interfaces_pkg/msg/detail/key_point2_d_array__rosidl_typesupport_fastrtps_c.h\n'}
[0.676406] (interfaces_pkg) StdoutLine: {'line': b'-- Up-to-date symlink: /home/amrl_sunny/ros2_autonomous_vehicle_simulation/install/interfaces_pkg/include/interfaces_pkg/interfaces_pkg/msg/detail/key_point3_d__rosidl_typesupport_fastrtps_c.h\n'}
[0.676478] (interfaces_pkg) StdoutLine: {'line': b'-- Up-to-date symlink: /home/amrl_sunny/ros2_autonomous_vehicle_simulation/install/interfaces_pkg/include/interfaces_pkg/interfaces_pkg/msg/detail/key_point3_d_array__rosidl_typesupport_fastrtps_c.h\n'}
[0.676547] (interfaces_pkg) StdoutLine: {'line': b'-- Up-to-date symlink: /home/amrl_sunny/ros2_autonomous_vehicle_simulation/install/interfaces_pkg/include/interfaces_pkg/interfaces_pkg/msg/detail/lane_info__rosidl_typesupport_fastrtps_c.h\n'}
[0.676615] (interfaces_pkg) StdoutLine: {'line': b'-- Up-to-date symlink: /home/amrl_sunny/ros2_autonomous_vehicle_simulation/install/interfaces_pkg/include/interfaces_pkg/interfaces_pkg/msg/detail/mask__rosidl_typesupport_fastrtps_c.h\n'}
[0.676690] (interfaces_pkg) StdoutLine: {'line': b'-- Up-to-date symlink: /home/amrl_sunny/ros2_autonomous_vehicle_simulation/install/interfaces_pkg/include/interfaces_pkg/interfaces_pkg/msg/detail/motion_command__rosidl_typesupport_fastrtps_c.h\n'}
[0.676757] (interfaces_pkg) StdoutLine: {'line': b'-- Up-to-date symlink: /home/amrl_sunny/ros2_autonomous_vehicle_simulation/install/interfaces_pkg/include/interfaces_pkg/interfaces_pkg/msg/detail/path_planning_result__rosidl_typesupport_fastrtps_c.h\n'}
[0.676825] (interfaces_pkg) StdoutLine: {'line': b'-- Up-to-date symlink: /home/amrl_sunny/ros2_autonomous_vehicle_simulation/install/interfaces_pkg/include/interfaces_pkg/interfaces_pkg/msg/detail/point2_d__rosidl_typesupport_fastrtps_c.h\n'}
[0.676892] (interfaces_pkg) StdoutLine: {'line': b'-- Up-to-date symlink: /home/amrl_sunny/ros2_autonomous_vehicle_simulation/install/interfaces_pkg/include/interfaces_pkg/interfaces_pkg/msg/detail/pose2_d__rosidl_typesupport_fastrtps_c.h\n'}
[0.676954] (interfaces_pkg) StdoutLine: {'line': b'-- Up-to-date symlink: /home/amrl_sunny/ros2_autonomous_vehicle_simulation/install/interfaces_pkg/include/interfaces_pkg/interfaces_pkg/msg/detail/target_point__rosidl_typesupport_fastrtps_c.h\n'}
[0.677024] (interfaces_pkg) StdoutLine: {'line': b'-- Up-to-date symlink: /home/amrl_sunny/ros2_autonomous_vehicle_simulation/install/interfaces_pkg/include/interfaces_pkg/interfaces_pkg/msg/detail/vector2__rosidl_typesupport_fastrtps_c.h\n'}
[0.677078] (interfaces_pkg) StdoutLine: {'line': b'-- Up-to-date symlink: /home/amrl_sunny/ros2_autonomous_vehicle_simulation/install/interfaces_pkg/include/interfaces_pkg/interfaces_pkg/msg/rosidl_typesupport_fastrtps_c__visibility_control.h\n'}
[0.677132] (interfaces_pkg) StdoutLine: {'line': b'-- Up-to-date symlink: /home/amrl_sunny/ros2_autonomous_vehicle_simulation/install/interfaces_pkg/include/interfaces_pkg/interfaces_pkg/msg/detail/bounding_box2_d__rosidl_typesupport_introspection_c.h\n'}
[0.677185] (interfaces_pkg) StdoutLine: {'line': b'-- Up-to-date symlink: /home/amrl_sunny/ros2_autonomous_vehicle_simulation/install/interfaces_pkg/include/interfaces_pkg/interfaces_pkg/msg/detail/bounding_box3_d__rosidl_typesupport_introspection_c.h\n'}
[0.677280] (interfaces_pkg) StdoutLine: {'line': b'-- Up-to-date symlink: /home/amrl_sunny/ros2_autonomous_vehicle_simulation/install/interfaces_pkg/include/interfaces_pkg/interfaces_pkg/msg/detail/detection__rosidl_typesupport_introspection_c.h\n'}
[0.677334] (interfaces_pkg) StdoutLine: {'line': b'-- Up-to-date symlink: /home/amrl_sunny/ros2_autonomous_vehicle_simulation/install/interfaces_pkg/include/interfaces_pkg/interfaces_pkg/msg/detail/detection_array__rosidl_typesupport_introspection_c.h\n'}
[0.677388] (interfaces_pkg) StdoutLine: {'line': b'-- Up-to-date symlink: /home/amrl_sunny/ros2_autonomous_vehicle_simulation/install/interfaces_pkg/include/interfaces_pkg/interfaces_pkg/msg/detail/key_point2_d__rosidl_typesupport_introspection_c.h\n'}
[0.677442] (interfaces_pkg) StdoutLine: {'line': b'-- Up-to-date symlink: /home/amrl_sunny/ros2_autonomous_vehicle_simulation/install/interfaces_pkg/include/interfaces_pkg/interfaces_pkg/msg/detail/key_point2_d_array__rosidl_typesupport_introspection_c.h\n'}
[0.677520] (interfaces_pkg) StdoutLine: {'line': b'-- Up-to-date symlink: /home/amrl_sunny/ros2_autonomous_vehicle_simulation/install/interfaces_pkg/include/interfaces_pkg/interfaces_pkg/msg/detail/key_point3_d__rosidl_typesupport_introspection_c.h\n'}
[0.677585] (interfaces_pkg) StdoutLine: {'line': b'-- Up-to-date symlink: /home/amrl_sunny/ros2_autonomous_vehicle_simulation/install/interfaces_pkg/include/interfaces_pkg/interfaces_pkg/msg/detail/key_point3_d_array__rosidl_typesupport_introspection_c.h\n'}
[0.677667] (interfaces_pkg) StdoutLine: {'line': b'-- Up-to-date symlink: /home/amrl_sunny/ros2_autonomous_vehicle_simulation/install/interfaces_pkg/include/interfaces_pkg/interfaces_pkg/msg/detail/lane_info__rosidl_typesupport_introspection_c.h\n'}
[0.677737] (interfaces_pkg) StdoutLine: {'line': b'-- Up-to-date symlink: /home/amrl_sunny/ros2_autonomous_vehicle_simulation/install/interfaces_pkg/include/interfaces_pkg/interfaces_pkg/msg/detail/mask__rosidl_typesupport_introspection_c.h\n'}
[0.677791] (interfaces_pkg) StdoutLine: {'line': b'-- Up-to-date symlink: /home/amrl_sunny/ros2_autonomous_vehicle_simulation/install/interfaces_pkg/include/interfaces_pkg/interfaces_pkg/msg/detail/motion_command__rosidl_typesupport_introspection_c.h\n'}
[0.677845] (interfaces_pkg) StdoutLine: {'line': b'-- Up-to-date symlink: /home/amrl_sunny/ros2_autonomous_vehicle_simulation/install/interfaces_pkg/include/interfaces_pkg/interfaces_pkg/msg/detail/path_planning_result__rosidl_typesupport_introspection_c.h\n'}
[0.677899] (interfaces_pkg) StdoutLine: {'line': b'-- Up-to-date symlink: /home/amrl_sunny/ros2_autonomous_vehicle_simulation/install/interfaces_pkg/include/interfaces_pkg/interfaces_pkg/msg/detail/point2_d__rosidl_typesupport_introspection_c.h\n'}
[0.677976] (interfaces_pkg) StdoutLine: {'line': b'-- Up-to-date symlink: /home/amrl_sunny/ros2_autonomous_vehicle_simulation/install/interfaces_pkg/include/interfaces_pkg/interfaces_pkg/msg/detail/pose2_d__rosidl_typesupport_introspection_c.h\n'}
[0.678030] (interfaces_pkg) StdoutLine: {'line': b'-- Up-to-date symlink: /home/amrl_sunny/ros2_autonomous_vehicle_simulation/install/interfaces_pkg/include/interfaces_pkg/interfaces_pkg/msg/detail/target_point__rosidl_typesupport_introspection_c.h\n'}
[0.678083] (interfaces_pkg) StdoutLine: {'line': b'-- Up-to-date symlink: /home/amrl_sunny/ros2_autonomous_vehicle_simulation/install/interfaces_pkg/include/interfaces_pkg/interfaces_pkg/msg/detail/vector2__rosidl_typesupport_introspection_c.h\n'}
[0.678136] (interfaces_pkg) StdoutLine: {'line': b'-- Up-to-date symlink: /home/amrl_sunny/ros2_autonomous_vehicle_simulation/install/interfaces_pkg/include/interfaces_pkg/interfaces_pkg/msg/rosidl_typesupport_introspection_c__visibility_control.h\n'}
[0.678189] (interfaces_pkg) StdoutLine: {'line': b'-- Up-to-date symlink: /home/amrl_sunny/ros2_autonomous_vehicle_simulation/install/interfaces_pkg/include/interfaces_pkg/interfaces_pkg/msg/bounding_box2_d.hpp\n'}
[0.678242] (interfaces_pkg) StdoutLine: {'line': b'-- Up-to-date symlink: /home/amrl_sunny/ros2_autonomous_vehicle_simulation/install/interfaces_pkg/include/interfaces_pkg/interfaces_pkg/msg/bounding_box3_d.hpp\n'}
[0.678296] (interfaces_pkg) StdoutLine: {'line': b'-- Up-to-date symlink: /home/amrl_sunny/ros2_autonomous_vehicle_simulation/install/interfaces_pkg/include/interfaces_pkg/interfaces_pkg/msg/detail/bounding_box2_d__builder.hpp\n'}
[0.678349] (interfaces_pkg) StdoutLine: {'line': b'-- Up-to-date symlink: /home/amrl_sunny/ros2_autonomous_vehicle_simulation/install/interfaces_pkg/include/interfaces_pkg/interfaces_pkg/msg/detail/bounding_box2_d__struct.hpp\n'}
[0.678402] (interfaces_pkg) StdoutLine: {'line': b'-- Up-to-date symlink: /home/amrl_sunny/ros2_autonomous_vehicle_simulation/install/interfaces_pkg/include/interfaces_pkg/interfaces_pkg/msg/detail/bounding_box2_d__traits.hpp\n'}
[0.678456] (interfaces_pkg) StdoutLine: {'line': b'-- Up-to-date symlink: /home/amrl_sunny/ros2_autonomous_vehicle_simulation/install/interfaces_pkg/include/interfaces_pkg/interfaces_pkg/msg/detail/bounding_box2_d__type_support.hpp\n'}
[0.678509] (interfaces_pkg) StdoutLine: {'line': b'-- Up-to-date symlink: /home/amrl_sunny/ros2_autonomous_vehicle_simulation/install/interfaces_pkg/include/interfaces_pkg/interfaces_pkg/msg/detail/bounding_box3_d__builder.hpp\n'}
[0.678616] (interfaces_pkg) StdoutLine: {'line': b'-- Up-to-date symlink: /home/amrl_sunny/ros2_autonomous_vehicle_simulation/install/interfaces_pkg/include/interfaces_pkg/interfaces_pkg/msg/detail/bounding_box3_d__struct.hpp\n'}
[0.678695] (interfaces_pkg) StdoutLine: {'line': b'-- Up-to-date symlink: /home/amrl_sunny/ros2_autonomous_vehicle_simulation/install/interfaces_pkg/include/interfaces_pkg/interfaces_pkg/msg/detail/bounding_box3_d__traits.hpp\n'}
[0.678769] (interfaces_pkg) StdoutLine: {'line': b'-- Up-to-date symlink: /home/amrl_sunny/ros2_autonomous_vehicle_simulation/install/interfaces_pkg/include/interfaces_pkg/interfaces_pkg/msg/detail/bounding_box3_d__type_support.hpp\n'}
[0.678824] (interfaces_pkg) StdoutLine: {'line': b'-- Up-to-date symlink: /home/amrl_sunny/ros2_autonomous_vehicle_simulation/install/interfaces_pkg/include/interfaces_pkg/interfaces_pkg/msg/detail/detection__builder.hpp\n'}
[0.678878] (interfaces_pkg) StdoutLine: {'line': b'-- Up-to-date symlink: /home/amrl_sunny/ros2_autonomous_vehicle_simulation/install/interfaces_pkg/include/interfaces_pkg/interfaces_pkg/msg/detail/detection__struct.hpp\n'}
[0.678931] (interfaces_pkg) StdoutLine: {'line': b'-- Up-to-date symlink: /home/amrl_sunny/ros2_autonomous_vehicle_simulation/install/interfaces_pkg/include/interfaces_pkg/interfaces_pkg/msg/detail/detection__traits.hpp\n'}
[0.678985] (interfaces_pkg) StdoutLine: {'line': b'-- Up-to-date symlink: /home/amrl_sunny/ros2_autonomous_vehicle_simulation/install/interfaces_pkg/include/interfaces_pkg/interfaces_pkg/msg/detail/detection__type_support.hpp\n'}
[0.679038] (interfaces_pkg) StdoutLine: {'line': b'-- Up-to-date symlink: /home/amrl_sunny/ros2_autonomous_vehicle_simulation/install/interfaces_pkg/include/interfaces_pkg/interfaces_pkg/msg/detail/detection_array__builder.hpp\n'}
[0.679091] (interfaces_pkg) StdoutLine: {'line': b'-- Up-to-date symlink: /home/amrl_sunny/ros2_autonomous_vehicle_simulation/install/interfaces_pkg/include/interfaces_pkg/interfaces_pkg/msg/detail/detection_array__struct.hpp\n'}
[0.679145] (interfaces_pkg) StdoutLine: {'line': b'-- Up-to-date symlink: /home/amrl_sunny/ros2_autonomous_vehicle_simulation/install/interfaces_pkg/include/interfaces_pkg/interfaces_pkg/msg/detail/detection_array__traits.hpp\n'}
[0.679199] (interfaces_pkg) StdoutLine: {'line': b'-- Up-to-date symlink: /home/amrl_sunny/ros2_autonomous_vehicle_simulation/install/interfaces_pkg/include/interfaces_pkg/interfaces_pkg/msg/detail/detection_array__type_support.hpp\n'}
[0.679252] (interfaces_pkg) StdoutLine: {'line': b'-- Up-to-date symlink: /home/amrl_sunny/ros2_autonomous_vehicle_simulation/install/interfaces_pkg/include/interfaces_pkg/interfaces_pkg/msg/detail/key_point2_d__builder.hpp\n'}
[0.679304] (interfaces_pkg) StdoutLine: {'line': b'-- Up-to-date symlink: /home/amrl_sunny/ros2_autonomous_vehicle_simulation/install/interfaces_pkg/include/interfaces_pkg/interfaces_pkg/msg/detail/key_point2_d__struct.hpp\n'}
[0.679368] (interfaces_pkg) StdoutLine: {'line': b'-- Up-to-date symlink: /home/amrl_sunny/ros2_autonomous_vehicle_simulation/install/interfaces_pkg/include/interfaces_pkg/interfaces_pkg/msg/detail/key_point2_d__traits.hpp\n'}
[0.679421] (interfaces_pkg) StdoutLine: {'line': b'-- Up-to-date symlink: /home/amrl_sunny/ros2_autonomous_vehicle_simulation/install/interfaces_pkg/include/interfaces_pkg/interfaces_pkg/msg/detail/key_point2_d__type_support.hpp\n'}
[0.679475] (interfaces_pkg) StdoutLine: {'line': b'-- Up-to-date symlink: /home/amrl_sunny/ros2_autonomous_vehicle_simulation/install/interfaces_pkg/include/interfaces_pkg/interfaces_pkg/msg/detail/key_point2_d_array__builder.hpp\n'}
[0.679528] (interfaces_pkg) StdoutLine: {'line': b'-- Up-to-date symlink: /home/amrl_sunny/ros2_autonomous_vehicle_simulation/install/interfaces_pkg/include/interfaces_pkg/interfaces_pkg/msg/detail/key_point2_d_array__struct.hpp\n'}
[0.679581] (interfaces_pkg) StdoutLine: {'line': b'-- Up-to-date symlink: /home/amrl_sunny/ros2_autonomous_vehicle_simulation/install/interfaces_pkg/include/interfaces_pkg/interfaces_pkg/msg/detail/key_point2_d_array__traits.hpp\n'}
[0.679637] (interfaces_pkg) StdoutLine: {'line': b'-- Up-to-date symlink: /home/amrl_sunny/ros2_autonomous_vehicle_simulation/install/interfaces_pkg/include/interfaces_pkg/interfaces_pkg/msg/detail/key_point2_d_array__type_support.hpp\n'}
[0.679738] (interfaces_pkg) StdoutLine: {'line': b'-- Up-to-date symlink: /home/amrl_sunny/ros2_autonomous_vehicle_simulation/install/interfaces_pkg/include/interfaces_pkg/interfaces_pkg/msg/detail/key_point3_d__builder.hpp\n'}
[0.679792] (interfaces_pkg) StdoutLine: {'line': b'-- Up-to-date symlink: /home/amrl_sunny/ros2_autonomous_vehicle_simulation/install/interfaces_pkg/include/interfaces_pkg/interfaces_pkg/msg/detail/key_point3_d__struct.hpp\n'}
[0.679845] (interfaces_pkg) StdoutLine: {'line': b'-- Up-to-date symlink: /home/amrl_sunny/ros2_autonomous_vehicle_simulation/install/interfaces_pkg/include/interfaces_pkg/interfaces_pkg/msg/detail/key_point3_d__traits.hpp\n'}
[0.679901] (interfaces_pkg) StdoutLine: {'line': b'-- Up-to-date symlink: /home/amrl_sunny/ros2_autonomous_vehicle_simulation/install/interfaces_pkg/include/interfaces_pkg/interfaces_pkg/msg/detail/key_point3_d__type_support.hpp\n'}
[0.679981] (interfaces_pkg) StdoutLine: {'line': b'-- Up-to-date symlink: /home/amrl_sunny/ros2_autonomous_vehicle_simulation/install/interfaces_pkg/include/interfaces_pkg/interfaces_pkg/msg/detail/key_point3_d_array__builder.hpp\n'}
[0.680035] (interfaces_pkg) StdoutLine: {'line': b'-- Up-to-date symlink: /home/amrl_sunny/ros2_autonomous_vehicle_simulation/install/interfaces_pkg/include/interfaces_pkg/interfaces_pkg/msg/detail/key_point3_d_array__struct.hpp\n'}
[0.680110] (interfaces_pkg) StdoutLine: {'line': b'-- Up-to-date symlink: /home/amrl_sunny/ros2_autonomous_vehicle_simulation/install/interfaces_pkg/include/interfaces_pkg/interfaces_pkg/msg/detail/key_point3_d_array__traits.hpp\n'}
[0.680164] (interfaces_pkg) StdoutLine: {'line': b'-- Up-to-date symlink: /home/amrl_sunny/ros2_autonomous_vehicle_simulation/install/interfaces_pkg/include/interfaces_pkg/interfaces_pkg/msg/detail/key_point3_d_array__type_support.hpp\n'}
[0.680235] (interfaces_pkg) StdoutLine: {'line': b'-- Up-to-date symlink: /home/amrl_sunny/ros2_autonomous_vehicle_simulation/install/interfaces_pkg/include/interfaces_pkg/interfaces_pkg/msg/detail/lane_info__builder.hpp\n'}
[0.680290] (interfaces_pkg) StdoutLine: {'line': b'-- Up-to-date symlink: /home/amrl_sunny/ros2_autonomous_vehicle_simulation/install/interfaces_pkg/include/interfaces_pkg/interfaces_pkg/msg/detail/lane_info__struct.hpp\n'}
[0.680361] (interfaces_pkg) StdoutLine: {'line': b'-- Up-to-date symlink: /home/amrl_sunny/ros2_autonomous_vehicle_simulation/install/interfaces_pkg/include/interfaces_pkg/interfaces_pkg/msg/detail/lane_info__traits.hpp\n'}
[0.680413] (interfaces_pkg) StdoutLine: {'line': b'-- Up-to-date symlink: /home/amrl_sunny/ros2_autonomous_vehicle_simulation/install/interfaces_pkg/include/interfaces_pkg/interfaces_pkg/msg/detail/lane_info__type_support.hpp\n'}
[0.680464] (interfaces_pkg) StdoutLine: {'line': b'-- Up-to-date symlink: /home/amrl_sunny/ros2_autonomous_vehicle_simulation/install/interfaces_pkg/include/interfaces_pkg/interfaces_pkg/msg/detail/mask__builder.hpp\n'}
[0.680514] (interfaces_pkg) StdoutLine: {'line': b'-- Up-to-date symlink: /home/amrl_sunny/ros2_autonomous_vehicle_simulation/install/interfaces_pkg/include/interfaces_pkg/interfaces_pkg/msg/detail/mask__struct.hpp\n'}
[0.680566] (interfaces_pkg) StdoutLine: {'line': b'-- Up-to-date symlink: /home/amrl_sunny/ros2_autonomous_vehicle_simulation/install/interfaces_pkg/include/interfaces_pkg/interfaces_pkg/msg/detail/mask__traits.hpp\n'}
[0.680620] (interfaces_pkg) StdoutLine: {'line': b'-- Up-to-date symlink: /home/amrl_sunny/ros2_autonomous_vehicle_simulation/install/interfaces_pkg/include/interfaces_pkg/interfaces_pkg/msg/detail/mask__type_support.hpp\n'}
[0.680701] (interfaces_pkg) StdoutLine: {'line': b'-- Up-to-date symlink: /home/amrl_sunny/ros2_autonomous_vehicle_simulation/install/interfaces_pkg/include/interfaces_pkg/interfaces_pkg/msg/detail/motion_command__builder.hpp\n'}
[0.680767] (interfaces_pkg) StdoutLine: {'line': b'-- Up-to-date symlink: /home/amrl_sunny/ros2_autonomous_vehicle_simulation/install/interfaces_pkg/include/interfaces_pkg/interfaces_pkg/msg/detail/motion_command__struct.hpp\n'}
[0.680838] (interfaces_pkg) StdoutLine: {'line': b'-- Up-to-date symlink: /home/amrl_sunny/ros2_autonomous_vehicle_simulation/install/interfaces_pkg/include/interfaces_pkg/interfaces_pkg/msg/detail/motion_command__traits.hpp\n'}
[0.680892] (interfaces_pkg) StdoutLine: {'line': b'-- Up-to-date symlink: /home/amrl_sunny/ros2_autonomous_vehicle_simulation/install/interfaces_pkg/include/interfaces_pkg/interfaces_pkg/msg/detail/motion_command__type_support.hpp\n'}
[0.680945] (interfaces_pkg) StdoutLine: {'line': b'-- Up-to-date symlink: /home/amrl_sunny/ros2_autonomous_vehicle_simulation/install/interfaces_pkg/include/interfaces_pkg/interfaces_pkg/msg/detail/path_planning_result__builder.hpp\n'}
[0.680999] (interfaces_pkg) StdoutLine: {'line': b'-- Up-to-date symlink: /home/amrl_sunny/ros2_autonomous_vehicle_simulation/install/interfaces_pkg/include/interfaces_pkg/interfaces_pkg/msg/detail/path_planning_result__struct.hpp\n'}
[0.681053] (interfaces_pkg) StdoutLine: {'line': b'-- Up-to-date symlink: /home/amrl_sunny/ros2_autonomous_vehicle_simulation/install/interfaces_pkg/include/interfaces_pkg/interfaces_pkg/msg/detail/path_planning_result__traits.hpp\n'}
[0.681106] (interfaces_pkg) StdoutLine: {'line': b'-- Up-to-date symlink: /home/amrl_sunny/ros2_autonomous_vehicle_simulation/install/interfaces_pkg/include/interfaces_pkg/interfaces_pkg/msg/detail/path_planning_result__type_support.hpp\n'}
[0.681159] (interfaces_pkg) StdoutLine: {'line': b'-- Up-to-date symlink: /home/amrl_sunny/ros2_autonomous_vehicle_simulation/install/interfaces_pkg/include/interfaces_pkg/interfaces_pkg/msg/detail/point2_d__builder.hpp\n'}
[0.681213] (interfaces_pkg) StdoutLine: {'line': b'-- Up-to-date symlink: /home/amrl_sunny/ros2_autonomous_vehicle_simulation/install/interfaces_pkg/include/interfaces_pkg/interfaces_pkg/msg/detail/point2_d__struct.hpp\n'}
[0.681278] (interfaces_pkg) StdoutLine: {'line': b'-- Up-to-date symlink: /home/amrl_sunny/ros2_autonomous_vehicle_simulation/install/interfaces_pkg/include/interfaces_pkg/interfaces_pkg/msg/detail/point2_d__traits.hpp\n'}
[0.681330] (interfaces_pkg) StdoutLine: {'line': b'-- Up-to-date symlink: /home/amrl_sunny/ros2_autonomous_vehicle_simulation/install/interfaces_pkg/include/interfaces_pkg/interfaces_pkg/msg/detail/point2_d__type_support.hpp\n'}
[0.681424] (interfaces_pkg) StdoutLine: {'line': b'-- Up-to-date symlink: /home/amrl_sunny/ros2_autonomous_vehicle_simulation/install/interfaces_pkg/include/interfaces_pkg/interfaces_pkg/msg/detail/pose2_d__builder.hpp\n'}
[0.681479] (interfaces_pkg) StdoutLine: {'line': b'-- Up-to-date symlink: /home/amrl_sunny/ros2_autonomous_vehicle_simulation/install/interfaces_pkg/include/interfaces_pkg/interfaces_pkg/msg/detail/pose2_d__struct.hpp\n'}
[0.681532] (interfaces_pkg) StdoutLine: {'line': b'-- Up-to-date symlink: /home/amrl_sunny/ros2_autonomous_vehicle_simulation/install/interfaces_pkg/include/interfaces_pkg/interfaces_pkg/msg/detail/pose2_d__traits.hpp\n'}
[0.681586] (interfaces_pkg) StdoutLine: {'line': b'-- Up-to-date symlink: /home/amrl_sunny/ros2_autonomous_vehicle_simulation/install/interfaces_pkg/include/interfaces_pkg/interfaces_pkg/msg/detail/pose2_d__type_support.hpp\n'}
[0.681667] (interfaces_pkg) StdoutLine: {'line': b'-- Up-to-date symlink: /home/amrl_sunny/ros2_autonomous_vehicle_simulation/install/interfaces_pkg/include/interfaces_pkg/interfaces_pkg/msg/detail/target_point__builder.hpp\n'}
[0.681721] (interfaces_pkg) StdoutLine: {'line': b'-- Up-to-date symlink: /home/amrl_sunny/ros2_autonomous_vehicle_simulation/install/interfaces_pkg/include/interfaces_pkg/interfaces_pkg/msg/detail/target_point__struct.hpp\n'}
[0.681772] (interfaces_pkg) StdoutLine: {'line': b'-- Up-to-date symlink: /home/amrl_sunny/ros2_autonomous_vehicle_simulation/install/interfaces_pkg/include/interfaces_pkg/interfaces_pkg/msg/detail/target_point__traits.hpp\n'}
[0.681824] (interfaces_pkg) StdoutLine: {'line': b'-- Up-to-date symlink: /home/amrl_sunny/ros2_autonomous_vehicle_simulation/install/interfaces_pkg/include/interfaces_pkg/interfaces_pkg/msg/detail/target_point__type_support.hpp\n'}
[0.681885] (interfaces_pkg) StdoutLine: {'line': b'-- Up-to-date symlink: /home/amrl_sunny/ros2_autonomous_vehicle_simulation/install/interfaces_pkg/include/interfaces_pkg/interfaces_pkg/msg/detail/vector2__builder.hpp\n'}
[0.681936] (interfaces_pkg) StdoutLine: {'line': b'-- Up-to-date symlink: /home/amrl_sunny/ros2_autonomous_vehicle_simulation/install/interfaces_pkg/include/interfaces_pkg/interfaces_pkg/msg/detail/vector2__struct.hpp\n'}
[0.681987] (interfaces_pkg) StdoutLine: {'line': b'-- Up-to-date symlink: /home/amrl_sunny/ros2_autonomous_vehicle_simulation/install/interfaces_pkg/include/interfaces_pkg/interfaces_pkg/msg/detail/vector2__traits.hpp\n'}
[0.682040] (interfaces_pkg) StdoutLine: {'line': b'-- Up-to-date symlink: /home/amrl_sunny/ros2_autonomous_vehicle_simulation/install/interfaces_pkg/include/interfaces_pkg/interfaces_pkg/msg/detail/vector2__type_support.hpp\n'}
[0.682117] (interfaces_pkg) StdoutLine: {'line': b'-- Up-to-date symlink: /home/amrl_sunny/ros2_autonomous_vehicle_simulation/install/interfaces_pkg/include/interfaces_pkg/interfaces_pkg/msg/detection.hpp\n'}
[0.682172] (interfaces_pkg) StdoutLine: {'line': b'-- Up-to-date symlink: /home/amrl_sunny/ros2_autonomous_vehicle_simulation/install/interfaces_pkg/include/interfaces_pkg/interfaces_pkg/msg/detection_array.hpp\n'}
[0.682262] (interfaces_pkg) StdoutLine: {'line': b'-- Up-to-date symlink: /home/amrl_sunny/ros2_autonomous_vehicle_simulation/install/interfaces_pkg/include/interfaces_pkg/interfaces_pkg/msg/key_point2_d.hpp\n'}
[0.682327] (interfaces_pkg) StdoutLine: {'line': b'-- Up-to-date symlink: /home/amrl_sunny/ros2_autonomous_vehicle_simulation/install/interfaces_pkg/include/interfaces_pkg/interfaces_pkg/msg/key_point2_d_array.hpp\n'}
[0.682407] (interfaces_pkg) StdoutLine: {'line': b'-- Up-to-date symlink: /home/amrl_sunny/ros2_autonomous_vehicle_simulation/install/interfaces_pkg/include/interfaces_pkg/interfaces_pkg/msg/key_point3_d.hpp\n'}
[0.682465] (interfaces_pkg) StdoutLine: {'line': b'-- Up-to-date symlink: /home/amrl_sunny/ros2_autonomous_vehicle_simulation/install/interfaces_pkg/include/interfaces_pkg/interfaces_pkg/msg/key_point3_d_array.hpp\n'}
[0.682520] (interfaces_pkg) StdoutLine: {'line': b'-- Up-to-date symlink: /home/amrl_sunny/ros2_autonomous_vehicle_simulation/install/interfaces_pkg/include/interfaces_pkg/interfaces_pkg/msg/lane_info.hpp\n'}
[0.682573] (interfaces_pkg) StdoutLine: {'line': b'-- Up-to-date symlink: /home/amrl_sunny/ros2_autonomous_vehicle_simulation/install/interfaces_pkg/include/interfaces_pkg/interfaces_pkg/msg/mask.hpp\n'}
[0.682627] (interfaces_pkg) StdoutLine: {'line': b'-- Up-to-date symlink: /home/amrl_sunny/ros2_autonomous_vehicle_simulation/install/interfaces_pkg/include/interfaces_pkg/interfaces_pkg/msg/motion_command.hpp\n'}
[0.682722] (interfaces_pkg) StdoutLine: {'line': b'-- Up-to-date symlink: /home/amrl_sunny/ros2_autonomous_vehicle_simulation/install/interfaces_pkg/include/interfaces_pkg/interfaces_pkg/msg/path_planning_result.hpp\n'}
[0.682793] (interfaces_pkg) StdoutLine: {'line': b'-- Up-to-date symlink: /home/amrl_sunny/ros2_autonomous_vehicle_simulation/install/interfaces_pkg/include/interfaces_pkg/interfaces_pkg/msg/point2_d.hpp\n'}
[0.682847] (interfaces_pkg) StdoutLine: {'line': b'-- Up-to-date symlink: /home/amrl_sunny/ros2_autonomous_vehicle_simulation/install/interfaces_pkg/include/interfaces_pkg/interfaces_pkg/msg/pose2_d.hpp\n'}
[0.682929] (interfaces_pkg) StdoutLine: {'line': b'-- Up-to-date symlink: /home/amrl_sunny/ros2_autonomous_vehicle_simulation/install/interfaces_pkg/include/interfaces_pkg/interfaces_pkg/msg/rosidl_generator_cpp__visibility_control.hpp\n'}
[0.683007] (interfaces_pkg) StdoutLine: {'line': b'-- Up-to-date symlink: /home/amrl_sunny/ros2_autonomous_vehicle_simulation/install/interfaces_pkg/include/interfaces_pkg/interfaces_pkg/msg/target_point.hpp\n'}
[0.683063] (interfaces_pkg) StdoutLine: {'line': b'-- Up-to-date symlink: /home/amrl_sunny/ros2_autonomous_vehicle_simulation/install/interfaces_pkg/include/interfaces_pkg/interfaces_pkg/msg/vector2.hpp\n'}
[0.683145] (interfaces_pkg) StdoutLine: {'line': b'-- Up-to-date symlink: /home/amrl_sunny/ros2_autonomous_vehicle_simulation/install/interfaces_pkg/include/interfaces_pkg/interfaces_pkg/msg/detail/bounding_box2_d__rosidl_typesupport_fastrtps_cpp.hpp\n'}
[0.683201] (interfaces_pkg) StdoutLine: {'line': b'-- Up-to-date symlink: /home/amrl_sunny/ros2_autonomous_vehicle_simulation/install/interfaces_pkg/include/interfaces_pkg/interfaces_pkg/msg/detail/bounding_box3_d__rosidl_typesupport_fastrtps_cpp.hpp\n'}
[0.683255] (interfaces_pkg) StdoutLine: {'line': b'-- Up-to-date symlink: /home/amrl_sunny/ros2_autonomous_vehicle_simulation/install/interfaces_pkg/include/interfaces_pkg/interfaces_pkg/msg/detail/detection__rosidl_typesupport_fastrtps_cpp.hpp\n'}
[0.683351] (interfaces_pkg) StdoutLine: {'line': b'-- Up-to-date symlink: /home/amrl_sunny/ros2_autonomous_vehicle_simulation/install/interfaces_pkg/include/interfaces_pkg/interfaces_pkg/msg/detail/detection_array__rosidl_typesupport_fastrtps_cpp.hpp\n'}
[0.683420] (interfaces_pkg) StdoutLine: {'line': b'-- Up-to-date symlink: /home/amrl_sunny/ros2_autonomous_vehicle_simulation/install/interfaces_pkg/include/interfaces_pkg/interfaces_pkg/msg/detail/key_point2_d__rosidl_typesupport_fastrtps_cpp.hpp\n'}
[0.683492] (interfaces_pkg) StdoutLine: {'line': b'-- Up-to-date symlink: /home/amrl_sunny/ros2_autonomous_vehicle_simulation/install/interfaces_pkg/include/interfaces_pkg/interfaces_pkg/msg/detail/key_point2_d_array__rosidl_typesupport_fastrtps_cpp.hpp\n'}
[0.683568] (interfaces_pkg) StdoutLine: {'line': b'-- Up-to-date symlink: /home/amrl_sunny/ros2_autonomous_vehicle_simulation/install/interfaces_pkg/include/interfaces_pkg/interfaces_pkg/msg/detail/key_point3_d__rosidl_typesupport_fastrtps_cpp.hpp\n'}
[0.683621] (interfaces_pkg) StdoutLine: {'line': b'-- Up-to-date symlink: /home/amrl_sunny/ros2_autonomous_vehicle_simulation/install/interfaces_pkg/include/interfaces_pkg/interfaces_pkg/msg/detail/key_point3_d_array__rosidl_typesupport_fastrtps_cpp.hpp\n'}
[0.683691] (interfaces_pkg) StdoutLine: {'line': b'-- Up-to-date symlink: /home/amrl_sunny/ros2_autonomous_vehicle_simulation/install/interfaces_pkg/include/interfaces_pkg/interfaces_pkg/msg/detail/lane_info__rosidl_typesupport_fastrtps_cpp.hpp\n'}
[0.683745] (interfaces_pkg) StdoutLine: {'line': b'-- Up-to-date symlink: /home/amrl_sunny/ros2_autonomous_vehicle_simulation/install/interfaces_pkg/include/interfaces_pkg/interfaces_pkg/msg/detail/mask__rosidl_typesupport_fastrtps_cpp.hpp\n'}
[0.683809] (interfaces_pkg) StdoutLine: {'line': b'-- Up-to-date symlink: /home/amrl_sunny/ros2_autonomous_vehicle_simulation/install/interfaces_pkg/include/interfaces_pkg/interfaces_pkg/msg/detail/motion_command__rosidl_typesupport_fastrtps_cpp.hpp\n'}
[0.683861] (interfaces_pkg) StdoutLine: {'line': b'-- Up-to-date symlink: /home/amrl_sunny/ros2_autonomous_vehicle_simulation/install/interfaces_pkg/include/interfaces_pkg/interfaces_pkg/msg/detail/path_planning_result__rosidl_typesupport_fastrtps_cpp.hpp\n'}
[0.683915] (interfaces_pkg) StdoutLine: {'line': b'-- Up-to-date symlink: /home/amrl_sunny/ros2_autonomous_vehicle_simulation/install/interfaces_pkg/include/interfaces_pkg/interfaces_pkg/msg/detail/point2_d__rosidl_typesupport_fastrtps_cpp.hpp\n'}
[0.683968] (interfaces_pkg) StdoutLine: {'line': b'-- Up-to-date symlink: /home/amrl_sunny/ros2_autonomous_vehicle_simulation/install/interfaces_pkg/include/interfaces_pkg/interfaces_pkg/msg/detail/pose2_d__rosidl_typesupport_fastrtps_cpp.hpp\n'}
[0.684022] (interfaces_pkg) StdoutLine: {'line': b'-- Up-to-date symlink: /home/amrl_sunny/ros2_autonomous_vehicle_simulation/install/interfaces_pkg/include/interfaces_pkg/interfaces_pkg/msg/detail/target_point__rosidl_typesupport_fastrtps_cpp.hpp\n'}
[0.684075] (interfaces_pkg) StdoutLine: {'line': b'-- Up-to-date symlink: /home/amrl_sunny/ros2_autonomous_vehicle_simulation/install/interfaces_pkg/include/interfaces_pkg/interfaces_pkg/msg/detail/vector2__rosidl_typesupport_fastrtps_cpp.hpp\n'}
[0.684157] (interfaces_pkg) StdoutLine: {'line': b'-- Up-to-date symlink: /home/amrl_sunny/ros2_autonomous_vehicle_simulation/install/interfaces_pkg/include/interfaces_pkg/interfaces_pkg/msg/rosidl_typesupport_fastrtps_cpp__visibility_control.h\n'}
[0.684221] (interfaces_pkg) StdoutLine: {'line': b'-- Up-to-date symlink: /home/amrl_sunny/ros2_autonomous_vehicle_simulation/install/interfaces_pkg/include/interfaces_pkg/interfaces_pkg/msg/detail/bounding_box2_d__rosidl_typesupport_introspection_cpp.hpp\n'}
[0.684275] (interfaces_pkg) StdoutLine: {'line': b'-- Up-to-date symlink: /home/amrl_sunny/ros2_autonomous_vehicle_simulation/install/interfaces_pkg/include/interfaces_pkg/interfaces_pkg/msg/detail/bounding_box3_d__rosidl_typesupport_introspection_cpp.hpp\n'}
[0.684352] (interfaces_pkg) StdoutLine: {'line': b'-- Up-to-date symlink: /home/amrl_sunny/ros2_autonomous_vehicle_simulation/install/interfaces_pkg/include/interfaces_pkg/interfaces_pkg/msg/detail/detection__rosidl_typesupport_introspection_cpp.hpp\n'}
[0.684407] (interfaces_pkg) StdoutLine: {'line': b'-- Up-to-date symlink: /home/amrl_sunny/ros2_autonomous_vehicle_simulation/install/interfaces_pkg/include/interfaces_pkg/interfaces_pkg/msg/detail/detection_array__rosidl_typesupport_introspection_cpp.hpp\n'}
[0.684460] (interfaces_pkg) StdoutLine: {'line': b'-- Up-to-date symlink: /home/amrl_sunny/ros2_autonomous_vehicle_simulation/install/interfaces_pkg/include/interfaces_pkg/interfaces_pkg/msg/detail/key_point2_d__rosidl_typesupport_introspection_cpp.hpp\n'}
[0.684514] (interfaces_pkg) StdoutLine: {'line': b'-- Up-to-date symlink: /home/amrl_sunny/ros2_autonomous_vehicle_simulation/install/interfaces_pkg/include/interfaces_pkg/interfaces_pkg/msg/detail/key_point2_d_array__rosidl_typesupport_introspection_cpp.hpp\n'}
[0.684567] (interfaces_pkg) StdoutLine: {'line': b'-- Up-to-date symlink: /home/amrl_sunny/ros2_autonomous_vehicle_simulation/install/interfaces_pkg/include/interfaces_pkg/interfaces_pkg/msg/detail/key_point3_d__rosidl_typesupport_introspection_cpp.hpp\n'}
[0.684620] (interfaces_pkg) StdoutLine: {'line': b'-- Up-to-date symlink: /home/amrl_sunny/ros2_autonomous_vehicle_simulation/install/interfaces_pkg/include/interfaces_pkg/interfaces_pkg/msg/detail/key_point3_d_array__rosidl_typesupport_introspection_cpp.hpp\n'}
[0.684702] (interfaces_pkg) StdoutLine: {'line': b'-- Up-to-date symlink: /home/amrl_sunny/ros2_autonomous_vehicle_simulation/install/interfaces_pkg/include/interfaces_pkg/interfaces_pkg/msg/detail/lane_info__rosidl_typesupport_introspection_cpp.hpp\n'}
[0.684773] (interfaces_pkg) StdoutLine: {'line': b'-- Up-to-date symlink: /home/amrl_sunny/ros2_autonomous_vehicle_simulation/install/interfaces_pkg/include/interfaces_pkg/interfaces_pkg/msg/detail/mask__rosidl_typesupport_introspection_cpp.hpp\n'}
[0.684826] (interfaces_pkg) StdoutLine: {'line': b'-- Up-to-date symlink: /home/amrl_sunny/ros2_autonomous_vehicle_simulation/install/interfaces_pkg/include/interfaces_pkg/interfaces_pkg/msg/detail/motion_command__rosidl_typesupport_introspection_cpp.hpp\n'}
[0.684880] (interfaces_pkg) StdoutLine: {'line': b'-- Up-to-date symlink: /home/amrl_sunny/ros2_autonomous_vehicle_simulation/install/interfaces_pkg/include/interfaces_pkg/interfaces_pkg/msg/detail/path_planning_result__rosidl_typesupport_introspection_cpp.hpp\n'}
[0.684935] (interfaces_pkg) StdoutLine: {'line': b'-- Up-to-date symlink: /home/amrl_sunny/ros2_autonomous_vehicle_simulation/install/interfaces_pkg/include/interfaces_pkg/interfaces_pkg/msg/detail/point2_d__rosidl_typesupport_introspection_cpp.hpp\n'}
[0.684988] (interfaces_pkg) StdoutLine: {'line': b'-- Up-to-date symlink: /home/amrl_sunny/ros2_autonomous_vehicle_simulation/install/interfaces_pkg/include/interfaces_pkg/interfaces_pkg/msg/detail/pose2_d__rosidl_typesupport_introspection_cpp.hpp\n'}
[0.685042] (interfaces_pkg) StdoutLine: {'line': b'-- Up-to-date symlink: /home/amrl_sunny/ros2_autonomous_vehicle_simulation/install/interfaces_pkg/include/interfaces_pkg/interfaces_pkg/msg/detail/target_point__rosidl_typesupport_introspection_cpp.hpp\n'}
[0.685119] (interfaces_pkg) StdoutLine: {'line': b'-- Up-to-date symlink: /home/amrl_sunny/ros2_autonomous_vehicle_simulation/install/interfaces_pkg/include/interfaces_pkg/interfaces_pkg/msg/detail/vector2__rosidl_typesupport_introspection_cpp.hpp\n'}
[0.685173] (interfaces_pkg) StdoutLine: {'line': b'-- Up-to-date symlink: /home/amrl_sunny/ros2_autonomous_vehicle_simulation/install/interfaces_pkg/share/interfaces_pkg/environment/pythonpath.sh\n'}
[0.685226] (interfaces_pkg) StdoutLine: {'line': b'-- Up-to-date symlink: /home/amrl_sunny/ros2_autonomous_vehicle_simulation/install/interfaces_pkg/share/interfaces_pkg/environment/pythonpath.dsv\n'}
[0.685299] (interfaces_pkg) StdoutLine: {'line': b'-- Up-to-date symlink: /home/amrl_sunny/ros2_autonomous_vehicle_simulation/install/interfaces_pkg/local/lib/python3.10/dist-packages/interfaces_pkg-0.0.0-py3.10.egg-info/PKG-INFO\n'}
[0.685353] (interfaces_pkg) StdoutLine: {'line': b'-- Up-to-date symlink: /home/amrl_sunny/ros2_autonomous_vehicle_simulation/install/interfaces_pkg/local/lib/python3.10/dist-packages/interfaces_pkg-0.0.0-py3.10.egg-info/SOURCES.txt\n'}
[0.685427] (interfaces_pkg) StdoutLine: {'line': b'-- Up-to-date symlink: /home/amrl_sunny/ros2_autonomous_vehicle_simulation/install/interfaces_pkg/local/lib/python3.10/dist-packages/interfaces_pkg-0.0.0-py3.10.egg-info/dependency_links.txt\n'}
[0.685480] (interfaces_pkg) StdoutLine: {'line': b'-- Up-to-date symlink: /home/amrl_sunny/ros2_autonomous_vehicle_simulation/install/interfaces_pkg/local/lib/python3.10/dist-packages/interfaces_pkg-0.0.0-py3.10.egg-info/top_level.txt\n'}
[0.685533] (interfaces_pkg) StdoutLine: {'line': b'-- Up-to-date symlink: /home/amrl_sunny/ros2_autonomous_vehicle_simulation/install/interfaces_pkg/local/lib/python3.10/dist-packages/interfaces_pkg/__init__.py\n'}
[0.685609] (interfaces_pkg) StdoutLine: {'line': b'-- Up-to-date symlink: /home/amrl_sunny/ros2_autonomous_vehicle_simulation/install/interfaces_pkg/local/lib/python3.10/dist-packages/interfaces_pkg/_interfaces_pkg_s.ep.rosidl_typesupport_c.c\n'}
[0.685716] (interfaces_pkg) StdoutLine: {'line': b'-- Up-to-date symlink: /home/amrl_sunny/ros2_autonomous_vehicle_simulation/install/interfaces_pkg/local/lib/python3.10/dist-packages/interfaces_pkg/_interfaces_pkg_s.ep.rosidl_typesupport_fastrtps_c.c\n'}
[0.685758] (interfaces_pkg) StdoutLine: {'line': b'-- Up-to-date symlink: /home/amrl_sunny/ros2_autonomous_vehicle_simulation/install/interfaces_pkg/local/lib/python3.10/dist-packages/interfaces_pkg/_interfaces_pkg_s.ep.rosidl_typesupport_introspection_c.c\n'}
[0.685786] (interfaces_pkg) StdoutLine: {'line': b'-- Up-to-date symlink: /home/amrl_sunny/ros2_autonomous_vehicle_simulation/install/interfaces_pkg/local/lib/python3.10/dist-packages/interfaces_pkg/interfaces_pkg_s__rosidl_typesupport_c.cpython-310-x86_64-linux-gnu.so\n'}
[0.685825] (interfaces_pkg) StdoutLine: {'line': b'-- Up-to-date symlink: /home/amrl_sunny/ros2_autonomous_vehicle_simulation/install/interfaces_pkg/local/lib/python3.10/dist-packages/interfaces_pkg/interfaces_pkg_s__rosidl_typesupport_fastrtps_c.cpython-310-x86_64-linux-gnu.so\n'}
[0.685847] (interfaces_pkg) StdoutLine: {'line': b'-- Up-to-date symlink: /home/amrl_sunny/ros2_autonomous_vehicle_simulation/install/interfaces_pkg/local/lib/python3.10/dist-packages/interfaces_pkg/interfaces_pkg_s__rosidl_typesupport_introspection_c.cpython-310-x86_64-linux-gnu.so\n'}
[0.685870] (interfaces_pkg) StdoutLine: {'line': b'-- Up-to-date symlink: /home/amrl_sunny/ros2_autonomous_vehicle_simulation/install/interfaces_pkg/local/lib/python3.10/dist-packages/interfaces_pkg/libinterfaces_pkg__rosidl_generator_py.so\n'}
[0.685892] (interfaces_pkg) StdoutLine: {'line': b'-- Up-to-date symlink: /home/amrl_sunny/ros2_autonomous_vehicle_simulation/install/interfaces_pkg/local/lib/python3.10/dist-packages/interfaces_pkg/msg/__init__.py\n'}
[0.685915] (interfaces_pkg) StdoutLine: {'line': b'-- Up-to-date symlink: /home/amrl_sunny/ros2_autonomous_vehicle_simulation/install/interfaces_pkg/local/lib/python3.10/dist-packages/interfaces_pkg/msg/_bounding_box2_d.py\n'}
[0.685956] (interfaces_pkg) StdoutLine: {'line': b'-- Up-to-date symlink: /home/amrl_sunny/ros2_autonomous_vehicle_simulation/install/interfaces_pkg/local/lib/python3.10/dist-packages/interfaces_pkg/msg/_bounding_box2_d_s.c\n'}
[0.685978] (interfaces_pkg) StdoutLine: {'line': b'-- Up-to-date symlink: /home/amrl_sunny/ros2_autonomous_vehicle_simulation/install/interfaces_pkg/local/lib/python3.10/dist-packages/interfaces_pkg/msg/_bounding_box3_d.py\n'}
[0.686001] (interfaces_pkg) StdoutLine: {'line': b'-- Up-to-date symlink: /home/amrl_sunny/ros2_autonomous_vehicle_simulation/install/interfaces_pkg/local/lib/python3.10/dist-packages/interfaces_pkg/msg/_bounding_box3_d_s.c\n'}
[0.686025] (interfaces_pkg) StdoutLine: {'line': b'-- Up-to-date symlink: /home/amrl_sunny/ros2_autonomous_vehicle_simulation/install/interfaces_pkg/local/lib/python3.10/dist-packages/interfaces_pkg/msg/_detection.py\n'}
[0.686048] (interfaces_pkg) StdoutLine: {'line': b'-- Up-to-date symlink: /home/amrl_sunny/ros2_autonomous_vehicle_simulation/install/interfaces_pkg/local/lib/python3.10/dist-packages/interfaces_pkg/msg/_detection_array.py\n'}
[0.686069] (interfaces_pkg) StdoutLine: {'line': b'-- Up-to-date symlink: /home/amrl_sunny/ros2_autonomous_vehicle_simulation/install/interfaces_pkg/local/lib/python3.10/dist-packages/interfaces_pkg/msg/_detection_array_s.c\n'}
[0.686090] (interfaces_pkg) StdoutLine: {'line': b'-- Up-to-date symlink: /home/amrl_sunny/ros2_autonomous_vehicle_simulation/install/interfaces_pkg/local/lib/python3.10/dist-packages/interfaces_pkg/msg/_detection_s.c\n'}
[0.686112] (interfaces_pkg) StdoutLine: {'line': b'-- Up-to-date symlink: /home/amrl_sunny/ros2_autonomous_vehicle_simulation/install/interfaces_pkg/local/lib/python3.10/dist-packages/interfaces_pkg/msg/_key_point2_d.py\n'}
[0.686133] (interfaces_pkg) StdoutLine: {'line': b'-- Up-to-date symlink: /home/amrl_sunny/ros2_autonomous_vehicle_simulation/install/interfaces_pkg/local/lib/python3.10/dist-packages/interfaces_pkg/msg/_key_point2_d_array.py\n'}
[0.686155] (interfaces_pkg) StdoutLine: {'line': b'-- Up-to-date symlink: /home/amrl_sunny/ros2_autonomous_vehicle_simulation/install/interfaces_pkg/local/lib/python3.10/dist-packages/interfaces_pkg/msg/_key_point2_d_array_s.c\n'}
[0.686199] (interfaces_pkg) StdoutLine: {'line': b'-- Up-to-date symlink: /home/amrl_sunny/ros2_autonomous_vehicle_simulation/install/interfaces_pkg/local/lib/python3.10/dist-packages/interfaces_pkg/msg/_key_point2_d_s.c\n'}
[0.686228] (interfaces_pkg) StdoutLine: {'line': b'-- Up-to-date symlink: /home/amrl_sunny/ros2_autonomous_vehicle_simulation/install/interfaces_pkg/local/lib/python3.10/dist-packages/interfaces_pkg/msg/_key_point3_d.py\n'}
[0.686249] (interfaces_pkg) StdoutLine: {'line': b'-- Up-to-date symlink: /home/amrl_sunny/ros2_autonomous_vehicle_simulation/install/interfaces_pkg/local/lib/python3.10/dist-packages/interfaces_pkg/msg/_key_point3_d_array.py\n'}
[0.686272] (interfaces_pkg) StdoutLine: {'line': b'-- Up-to-date symlink: /home/amrl_sunny/ros2_autonomous_vehicle_simulation/install/interfaces_pkg/local/lib/python3.10/dist-packages/interfaces_pkg/msg/_key_point3_d_array_s.c\n'}
[0.686292] (interfaces_pkg) StdoutLine: {'line': b'-- Up-to-date symlink: /home/amrl_sunny/ros2_autonomous_vehicle_simulation/install/interfaces_pkg/local/lib/python3.10/dist-packages/interfaces_pkg/msg/_key_point3_d_s.c\n'}
[0.686311] (interfaces_pkg) StdoutLine: {'line': b'-- Up-to-date symlink: /home/amrl_sunny/ros2_autonomous_vehicle_simulation/install/interfaces_pkg/local/lib/python3.10/dist-packages/interfaces_pkg/msg/_lane_info.py\n'}
[0.686331] (interfaces_pkg) StdoutLine: {'line': b'-- Up-to-date symlink: /home/amrl_sunny/ros2_autonomous_vehicle_simulation/install/interfaces_pkg/local/lib/python3.10/dist-packages/interfaces_pkg/msg/_lane_info_s.c\n'}
[0.686349] (interfaces_pkg) StdoutLine: {'line': b'-- Up-to-date symlink: /home/amrl_sunny/ros2_autonomous_vehicle_simulation/install/interfaces_pkg/local/lib/python3.10/dist-packages/interfaces_pkg/msg/_mask.py\n'}
[0.686370] (interfaces_pkg) StdoutLine: {'line': b'-- Up-to-date symlink: /home/amrl_sunny/ros2_autonomous_vehicle_simulation/install/interfaces_pkg/local/lib/python3.10/dist-packages/interfaces_pkg/msg/_mask_s.c\n'}
[0.686401] (interfaces_pkg) StdoutLine: {'line': b'-- Up-to-date symlink: /home/amrl_sunny/ros2_autonomous_vehicle_simulation/install/interfaces_pkg/local/lib/python3.10/dist-packages/interfaces_pkg/msg/_motion_command.py\n'}
[0.686421] (interfaces_pkg) StdoutLine: {'line': b'-- Up-to-date symlink: /home/amrl_sunny/ros2_autonomous_vehicle_simulation/install/interfaces_pkg/local/lib/python3.10/dist-packages/interfaces_pkg/msg/_motion_command_s.c\n'}
[0.686440] (interfaces_pkg) StdoutLine: {'line': b'-- Up-to-date symlink: /home/amrl_sunny/ros2_autonomous_vehicle_simulation/install/interfaces_pkg/local/lib/python3.10/dist-packages/interfaces_pkg/msg/_path_planning_result.py\n'}
[0.686459] (interfaces_pkg) StdoutLine: {'line': b'-- Up-to-date symlink: /home/amrl_sunny/ros2_autonomous_vehicle_simulation/install/interfaces_pkg/local/lib/python3.10/dist-packages/interfaces_pkg/msg/_path_planning_result_s.c\n'}
[0.686479] (interfaces_pkg) StdoutLine: {'line': b'-- Up-to-date symlink: /home/amrl_sunny/ros2_autonomous_vehicle_simulation/install/interfaces_pkg/local/lib/python3.10/dist-packages/interfaces_pkg/msg/_point2_d.py\n'}
[0.686497] (interfaces_pkg) StdoutLine: {'line': b'-- Up-to-date symlink: /home/amrl_sunny/ros2_autonomous_vehicle_simulation/install/interfaces_pkg/local/lib/python3.10/dist-packages/interfaces_pkg/msg/_point2_d_s.c\n'}
[0.686516] (interfaces_pkg) StdoutLine: {'line': b'-- Up-to-date symlink: /home/amrl_sunny/ros2_autonomous_vehicle_simulation/install/interfaces_pkg/local/lib/python3.10/dist-packages/interfaces_pkg/msg/_pose2_d.py\n'}
[0.686535] (interfaces_pkg) StdoutLine: {'line': b'-- Up-to-date symlink: /home/amrl_sunny/ros2_autonomous_vehicle_simulation/install/interfaces_pkg/local/lib/python3.10/dist-packages/interfaces_pkg/msg/_pose2_d_s.c\n'}
[0.686555] (interfaces_pkg) StdoutLine: {'line': b'-- Up-to-date symlink: /home/amrl_sunny/ros2_autonomous_vehicle_simulation/install/interfaces_pkg/local/lib/python3.10/dist-packages/interfaces_pkg/msg/_target_point.py\n'}
[0.686574] (interfaces_pkg) StdoutLine: {'line': b'-- Up-to-date symlink: /home/amrl_sunny/ros2_autonomous_vehicle_simulation/install/interfaces_pkg/local/lib/python3.10/dist-packages/interfaces_pkg/msg/_target_point_s.c\n'}
[0.686593] (interfaces_pkg) StdoutLine: {'line': b'-- Up-to-date symlink: /home/amrl_sunny/ros2_autonomous_vehicle_simulation/install/interfaces_pkg/local/lib/python3.10/dist-packages/interfaces_pkg/msg/_vector2.py\n'}
[0.686612] (interfaces_pkg) StdoutLine: {'line': b'-- Up-to-date symlink: /home/amrl_sunny/ros2_autonomous_vehicle_simulation/install/interfaces_pkg/local/lib/python3.10/dist-packages/interfaces_pkg/msg/_vector2_s.c\n'}
[0.686637] (interfaces_pkg) StdoutLine: {'line': b'-- Up-to-date symlink: /home/amrl_sunny/ros2_autonomous_vehicle_simulation/install/interfaces_pkg/local/lib/python3.10/dist-packages/interfaces_pkg/interfaces_pkg_s__rosidl_typesupport_fastrtps_c.cpython-310-x86_64-linux-gnu.so\n'}
[0.686669] (interfaces_pkg) StdoutLine: {'line': b'-- Up-to-date symlink: /home/amrl_sunny/ros2_autonomous_vehicle_simulation/install/interfaces_pkg/local/lib/python3.10/dist-packages/interfaces_pkg/interfaces_pkg_s__rosidl_typesupport_introspection_c.cpython-310-x86_64-linux-gnu.so\n'}
[0.686690] (interfaces_pkg) StdoutLine: {'line': b'-- Up-to-date symlink: /home/amrl_sunny/ros2_autonomous_vehicle_simulation/install/interfaces_pkg/local/lib/python3.10/dist-packages/interfaces_pkg/interfaces_pkg_s__rosidl_typesupport_c.cpython-310-x86_64-linux-gnu.so\n'}
[0.686711] (interfaces_pkg) StdoutLine: {'line': b'-- Up-to-date symlink: /home/amrl_sunny/ros2_autonomous_vehicle_simulation/install/interfaces_pkg/share/interfaces_pkg/msg/Point2D.idl\n'}
[0.686731] (interfaces_pkg) StdoutLine: {'line': b'-- Up-to-date symlink: /home/amrl_sunny/ros2_autonomous_vehicle_simulation/install/interfaces_pkg/share/interfaces_pkg/msg/Vector2.idl\n'}
[0.686754] (interfaces_pkg) StdoutLine: {'line': b'-- Up-to-date symlink: /home/amrl_sunny/ros2_autonomous_vehicle_simulation/install/interfaces_pkg/share/interfaces_pkg/msg/Pose2D.idl\n'}
[0.686778] (interfaces_pkg) StdoutLine: {'line': b'-- Up-to-date symlink: /home/amrl_sunny/ros2_autonomous_vehicle_simulation/install/interfaces_pkg/share/interfaces_pkg/msg/BoundingBox2D.idl\n'}
[0.686798] (interfaces_pkg) StdoutLine: {'line': b'-- Up-to-date symlink: /home/amrl_sunny/ros2_autonomous_vehicle_simulation/install/interfaces_pkg/share/interfaces_pkg/msg/BoundingBox3D.idl\n'}
[0.686818] (interfaces_pkg) StdoutLine: {'line': b'-- Up-to-date symlink: /home/amrl_sunny/ros2_autonomous_vehicle_simulation/install/interfaces_pkg/share/interfaces_pkg/msg/Mask.idl\n'}
[0.686839] (interfaces_pkg) StdoutLine: {'line': b'-- Up-to-date symlink: /home/amrl_sunny/ros2_autonomous_vehicle_simulation/install/interfaces_pkg/share/interfaces_pkg/msg/KeyPoint2D.idl\n'}
[0.686858] (interfaces_pkg) StdoutLine: {'line': b'-- Up-to-date symlink: /home/amrl_sunny/ros2_autonomous_vehicle_simulation/install/interfaces_pkg/share/interfaces_pkg/msg/KeyPoint2DArray.idl\n'}
[0.686879] (interfaces_pkg) StdoutLine: {'line': b'-- Up-to-date symlink: /home/amrl_sunny/ros2_autonomous_vehicle_simulation/install/interfaces_pkg/share/interfaces_pkg/msg/KeyPoint3D.idl\n'}
[0.686898] (interfaces_pkg) StdoutLine: {'line': b'-- Up-to-date symlink: /home/amrl_sunny/ros2_autonomous_vehicle_simulation/install/interfaces_pkg/share/interfaces_pkg/msg/KeyPoint3DArray.idl\n'}
[0.686918] (interfaces_pkg) StdoutLine: {'line': b'-- Up-to-date symlink: /home/amrl_sunny/ros2_autonomous_vehicle_simulation/install/interfaces_pkg/share/interfaces_pkg/msg/Detection.idl\n'}
[0.686937] (interfaces_pkg) StdoutLine: {'line': b'-- Up-to-date symlink: /home/amrl_sunny/ros2_autonomous_vehicle_simulation/install/interfaces_pkg/share/interfaces_pkg/msg/DetectionArray.idl\n'}
[0.686957] (interfaces_pkg) StdoutLine: {'line': b'-- Up-to-date symlink: /home/amrl_sunny/ros2_autonomous_vehicle_simulation/install/interfaces_pkg/share/interfaces_pkg/msg/LaneInfo.idl\n'}
[0.686976] (interfaces_pkg) StdoutLine: {'line': b'-- Up-to-date symlink: /home/amrl_sunny/ros2_autonomous_vehicle_simulation/install/interfaces_pkg/share/interfaces_pkg/msg/MotionCommand.idl\n'}
[0.686996] (interfaces_pkg) StdoutLine: {'line': b'-- Up-to-date symlink: /home/amrl_sunny/ros2_autonomous_vehicle_simulation/install/interfaces_pkg/share/interfaces_pkg/msg/TargetPoint.idl\n'}
[0.687016] (interfaces_pkg) StdoutLine: {'line': b'-- Up-to-date symlink: /home/amrl_sunny/ros2_autonomous_vehicle_simulation/install/interfaces_pkg/share/interfaces_pkg/msg/PathPlanningResult.idl\n'}
[0.687034] (interfaces_pkg) StdoutLine: {'line': b'-- Up-to-date symlink: /home/amrl_sunny/ros2_autonomous_vehicle_simulation/install/interfaces_pkg/share/interfaces_pkg/msg/Point2D.msg\n'}
[0.687053] (interfaces_pkg) StdoutLine: {'line': b'-- Up-to-date symlink: /home/amrl_sunny/ros2_autonomous_vehicle_simulation/install/interfaces_pkg/share/interfaces_pkg/msg/Vector2.msg\n'}
[0.687072] (interfaces_pkg) StdoutLine: {'line': b'-- Up-to-date symlink: /home/amrl_sunny/ros2_autonomous_vehicle_simulation/install/interfaces_pkg/share/interfaces_pkg/msg/Pose2D.msg\n'}
[0.687091] (interfaces_pkg) StdoutLine: {'line': b'-- Up-to-date symlink: /home/amrl_sunny/ros2_autonomous_vehicle_simulation/install/interfaces_pkg/share/interfaces_pkg/msg/BoundingBox2D.msg\n'}
[0.687110] (interfaces_pkg) StdoutLine: {'line': b'-- Up-to-date symlink: /home/amrl_sunny/ros2_autonomous_vehicle_simulation/install/interfaces_pkg/share/interfaces_pkg/msg/BoundingBox3D.msg\n'}
[0.687130] (interfaces_pkg) StdoutLine: {'line': b'-- Up-to-date symlink: /home/amrl_sunny/ros2_autonomous_vehicle_simulation/install/interfaces_pkg/share/interfaces_pkg/msg/Mask.msg\n'}
[0.687149] (interfaces_pkg) StdoutLine: {'line': b'-- Up-to-date symlink: /home/amrl_sunny/ros2_autonomous_vehicle_simulation/install/interfaces_pkg/share/interfaces_pkg/msg/KeyPoint2D.msg\n'}
[0.687170] (interfaces_pkg) StdoutLine: {'line': b'-- Up-to-date symlink: /home/amrl_sunny/ros2_autonomous_vehicle_simulation/install/interfaces_pkg/share/interfaces_pkg/msg/KeyPoint2DArray.msg\n'}
[0.687190] (interfaces_pkg) StdoutLine: {'line': b'-- Up-to-date symlink: /home/amrl_sunny/ros2_autonomous_vehicle_simulation/install/interfaces_pkg/share/interfaces_pkg/msg/KeyPoint3D.msg\n'}
[0.687211] (interfaces_pkg) StdoutLine: {'line': b'-- Up-to-date symlink: /home/amrl_sunny/ros2_autonomous_vehicle_simulation/install/interfaces_pkg/share/interfaces_pkg/msg/KeyPoint3DArray.msg\n'}
[0.687230] (interfaces_pkg) StdoutLine: {'line': b'-- Up-to-date symlink: /home/amrl_sunny/ros2_autonomous_vehicle_simulation/install/interfaces_pkg/share/interfaces_pkg/msg/Detection.msg\n'}
[0.687249] (interfaces_pkg) StdoutLine: {'line': b'-- Up-to-date symlink: /home/amrl_sunny/ros2_autonomous_vehicle_simulation/install/interfaces_pkg/share/interfaces_pkg/msg/DetectionArray.msg\n'}
[0.687268] (interfaces_pkg) StdoutLine: {'line': b'-- Up-to-date symlink: /home/amrl_sunny/ros2_autonomous_vehicle_simulation/install/interfaces_pkg/share/interfaces_pkg/msg/LaneInfo.msg\n'}
[0.687287] (interfaces_pkg) StdoutLine: {'line': b'-- Up-to-date symlink: /home/amrl_sunny/ros2_autonomous_vehicle_simulation/install/interfaces_pkg/share/interfaces_pkg/msg/MotionCommand.msg\n'}
[0.687306] (interfaces_pkg) StdoutLine: {'line': b'-- Up-to-date symlink: /home/amrl_sunny/ros2_autonomous_vehicle_simulation/install/interfaces_pkg/share/interfaces_pkg/msg/TargetPoint.msg\n'}
[0.687325] (interfaces_pkg) StdoutLine: {'line': b'-- Up-to-date symlink: /home/amrl_sunny/ros2_autonomous_vehicle_simulation/install/interfaces_pkg/share/interfaces_pkg/msg/PathPlanningResult.msg\n'}
[0.687345] (interfaces_pkg) StdoutLine: {'line': b'-- Up-to-date symlink: /home/amrl_sunny/ros2_autonomous_vehicle_simulation/install/interfaces_pkg/share/ament_index/resource_index/package_run_dependencies/interfaces_pkg\n'}
[0.687368] (interfaces_pkg) StdoutLine: {'line': b'-- Up-to-date symlink: /home/amrl_sunny/ros2_autonomous_vehicle_simulation/install/interfaces_pkg/share/ament_index/resource_index/parent_prefix_path/interfaces_pkg\n'}
[0.687387] (interfaces_pkg) StdoutLine: {'line': b'-- Up-to-date symlink: /home/amrl_sunny/ros2_autonomous_vehicle_simulation/install/interfaces_pkg/share/interfaces_pkg/environment/ament_prefix_path.sh\n'}
[0.687407] (interfaces_pkg) StdoutLine: {'line': b'-- Up-to-date symlink: /home/amrl_sunny/ros2_autonomous_vehicle_simulation/install/interfaces_pkg/share/interfaces_pkg/environment/ament_prefix_path.dsv\n'}
[0.687427] (interfaces_pkg) StdoutLine: {'line': b'-- Up-to-date symlink: /home/amrl_sunny/ros2_autonomous_vehicle_simulation/install/interfaces_pkg/share/interfaces_pkg/environment/path.sh\n'}
[0.687447] (interfaces_pkg) StdoutLine: {'line': b'-- Up-to-date symlink: /home/amrl_sunny/ros2_autonomous_vehicle_simulation/install/interfaces_pkg/share/interfaces_pkg/environment/path.dsv\n'}
[0.687465] (interfaces_pkg) StdoutLine: {'line': b'-- Up-to-date symlink: /home/amrl_sunny/ros2_autonomous_vehicle_simulation/install/interfaces_pkg/share/interfaces_pkg/local_setup.bash\n'}
[0.687484] (interfaces_pkg) StdoutLine: {'line': b'-- Up-to-date symlink: /home/amrl_sunny/ros2_autonomous_vehicle_simulation/install/interfaces_pkg/share/interfaces_pkg/local_setup.sh\n'}
[0.687503] (interfaces_pkg) StdoutLine: {'line': b'-- Up-to-date symlink: /home/amrl_sunny/ros2_autonomous_vehicle_simulation/install/interfaces_pkg/share/interfaces_pkg/local_setup.zsh\n'}
[0.687523] (interfaces_pkg) StdoutLine: {'line': b'-- Up-to-date symlink: /home/amrl_sunny/ros2_autonomous_vehicle_simulation/install/interfaces_pkg/share/interfaces_pkg/local_setup.dsv\n'}
[0.687543] (interfaces_pkg) StdoutLine: {'line': b'-- Symlinking: /home/amrl_sunny/ros2_autonomous_vehicle_simulation/install/interfaces_pkg/share/interfaces_pkg/package.dsv\n'}
[0.691649] (interfaces_pkg) StdoutLine: {'line': b'-- Up-to-date symlink: /home/amrl_sunny/ros2_autonomous_vehicle_simulation/install/interfaces_pkg/share/ament_index/resource_index/packages/interfaces_pkg\n'}
[0.691782] (interfaces_pkg) StdoutLine: {'line': b'-- Up-to-date symlink: /home/amrl_sunny/ros2_autonomous_vehicle_simulation/install/interfaces_pkg/share/interfaces_pkg/cmake/rosidl_cmake-extras.cmake\n'}
[0.691857] (interfaces_pkg) StdoutLine: {'line': b'-- Up-to-date symlink: /home/amrl_sunny/ros2_autonomous_vehicle_simulation/install/interfaces_pkg/share/interfaces_pkg/cmake/ament_cmake_export_dependencies-extras.cmake\n'}
[0.691973] (interfaces_pkg) StdoutLine: {'line': b'-- Up-to-date symlink: /home/amrl_sunny/ros2_autonomous_vehicle_simulation/install/interfaces_pkg/share/interfaces_pkg/cmake/ament_cmake_export_include_directories-extras.cmake\n'}
[0.692089] (interfaces_pkg) StdoutLine: {'line': b'-- Up-to-date symlink: /home/amrl_sunny/ros2_autonomous_vehicle_simulation/install/interfaces_pkg/share/interfaces_pkg/cmake/ament_cmake_export_libraries-extras.cmake\n'}
[0.692198] (interfaces_pkg) StdoutLine: {'line': b'-- Up-to-date symlink: /home/amrl_sunny/ros2_autonomous_vehicle_simulation/install/interfaces_pkg/share/interfaces_pkg/cmake/ament_cmake_export_targets-extras.cmake\n'}
[0.692306] (interfaces_pkg) StdoutLine: {'line': b'-- Up-to-date symlink: /home/amrl_sunny/ros2_autonomous_vehicle_simulation/install/interfaces_pkg/share/interfaces_pkg/cmake/rosidl_cmake_export_typesupport_targets-extras.cmake\n'}
[0.692414] (interfaces_pkg) StdoutLine: {'line': b'-- Up-to-date symlink: /home/amrl_sunny/ros2_autonomous_vehicle_simulation/install/interfaces_pkg/share/interfaces_pkg/cmake/rosidl_cmake_export_typesupport_libraries-extras.cmake\n'}
[0.692528] (interfaces_pkg) StdoutLine: {'line': b'-- Up-to-date symlink: /home/amrl_sunny/ros2_autonomous_vehicle_simulation/install/interfaces_pkg/share/interfaces_pkg/cmake/interfaces_pkgConfig.cmake\n'}
[0.692606] (interfaces_pkg) StdoutLine: {'line': b'-- Up-to-date symlink: /home/amrl_sunny/ros2_autonomous_vehicle_simulation/install/interfaces_pkg/share/interfaces_pkg/cmake/interfaces_pkgConfig-version.cmake\n'}
[0.692729] (interfaces_pkg) StdoutLine: {'line': b'-- Up-to-date symlink: /home/amrl_sunny/ros2_autonomous_vehicle_simulation/install/interfaces_pkg/share/interfaces_pkg/package.xml\n'}
[0.692899] (interfaces_pkg) StdoutLine: {'line': b'-- Up-to-date: /home/amrl_sunny/ros2_autonomous_vehicle_simulation/install/interfaces_pkg/lib/libinterfaces_pkg__rosidl_generator_c.so\n'}
[0.693117] (interfaces_pkg) StdoutLine: {'line': b'-- Up-to-date: /home/amrl_sunny/ros2_autonomous_vehicle_simulation/install/interfaces_pkg/lib/libinterfaces_pkg__rosidl_typesupport_fastrtps_c.so\n'}
[0.693317] (interfaces_pkg) StdoutLine: {'line': b'-- Up-to-date: /home/amrl_sunny/ros2_autonomous_vehicle_simulation/install/interfaces_pkg/lib/libinterfaces_pkg__rosidl_typesupport_introspection_c.so\n'}
[0.693497] (interfaces_pkg) StdoutLine: {'line': b'-- Up-to-date: /home/amrl_sunny/ros2_autonomous_vehicle_simulation/install/interfaces_pkg/lib/libinterfaces_pkg__rosidl_typesupport_c.so\n'}
[0.693694] (interfaces_pkg) StdoutLine: {'line': b'-- Up-to-date: /home/amrl_sunny/ros2_autonomous_vehicle_simulation/install/interfaces_pkg/lib/libinterfaces_pkg__rosidl_typesupport_fastrtps_cpp.so\n'}
[0.693899] (interfaces_pkg) StdoutLine: {'line': b'-- Up-to-date: /home/amrl_sunny/ros2_autonomous_vehicle_simulation/install/interfaces_pkg/lib/libinterfaces_pkg__rosidl_typesupport_introspection_cpp.so\n'}
[0.694090] (interfaces_pkg) StdoutLine: {'line': b'-- Up-to-date: /home/amrl_sunny/ros2_autonomous_vehicle_simulation/install/interfaces_pkg/lib/libinterfaces_pkg__rosidl_typesupport_cpp.so\n'}
[0.700525] (-) TimerEvent: {}
[0.714272] (interfaces_pkg) StdoutLine: {'line': b"Listing '/home/amrl_sunny/ros2_autonomous_vehicle_simulation/install/interfaces_pkg/local/lib/python3.10/dist-packages/interfaces_pkg'...\n"}
[0.714486] (interfaces_pkg) StdoutLine: {'line': b"Listing '/home/amrl_sunny/ros2_autonomous_vehicle_simulation/install/interfaces_pkg/local/lib/python3.10/dist-packages/interfaces_pkg/msg'...\n"}
[0.717322] (interfaces_pkg) StdoutLine: {'line': b'-- Up-to-date: /home/amrl_sunny/ros2_autonomous_vehicle_simulation/install/interfaces_pkg/lib/libinterfaces_pkg__rosidl_generator_py.so\n'}
[0.717511] (interfaces_pkg) StdoutLine: {'line': b'-- Up-to-date: /home/amrl_sunny/ros2_autonomous_vehicle_simulation/install/interfaces_pkg/share/interfaces_pkg/cmake/export_interfaces_pkg__rosidl_generator_cExport.cmake\n'}
[0.717583] (interfaces_pkg) StdoutLine: {'line': b'-- Up-to-date: /home/amrl_sunny/ros2_autonomous_vehicle_simulation/install/interfaces_pkg/share/interfaces_pkg/cmake/export_interfaces_pkg__rosidl_generator_cExport-noconfig.cmake\n'}
[0.717687] (interfaces_pkg) StdoutLine: {'line': b'-- Up-to-date: /home/amrl_sunny/ros2_autonomous_vehicle_simulation/install/interfaces_pkg/share/interfaces_pkg/cmake/export_interfaces_pkg__rosidl_typesupport_fastrtps_cExport.cmake\n'}
[0.717761] (interfaces_pkg) StdoutLine: {'line': b'-- Up-to-date: /home/amrl_sunny/ros2_autonomous_vehicle_simulation/install/interfaces_pkg/share/interfaces_pkg/cmake/export_interfaces_pkg__rosidl_typesupport_fastrtps_cExport-noconfig.cmake\n'}
[0.717807] (interfaces_pkg) StdoutLine: {'line': b'-- Up-to-date: /home/amrl_sunny/ros2_autonomous_vehicle_simulation/install/interfaces_pkg/share/interfaces_pkg/cmake/interfaces_pkg__rosidl_typesupport_introspection_cExport.cmake\n'}
[0.717849] (interfaces_pkg) StdoutLine: {'line': b'-- Up-to-date: /home/amrl_sunny/ros2_autonomous_vehicle_simulation/install/interfaces_pkg/share/interfaces_pkg/cmake/interfaces_pkg__rosidl_typesupport_introspection_cExport-noconfig.cmake\n'}
[0.717887] (interfaces_pkg) StdoutLine: {'line': b'-- Up-to-date: /home/amrl_sunny/ros2_autonomous_vehicle_simulation/install/interfaces_pkg/share/interfaces_pkg/cmake/interfaces_pkg__rosidl_typesupport_cExport.cmake\n'}
[0.717910] (interfaces_pkg) StdoutLine: {'line': b'-- Up-to-date: /home/amrl_sunny/ros2_autonomous_vehicle_simulation/install/interfaces_pkg/share/interfaces_pkg/cmake/interfaces_pkg__rosidl_typesupport_cExport-noconfig.cmake\n'}
[0.717951] (interfaces_pkg) StdoutLine: {'line': b'-- Up-to-date: /home/amrl_sunny/ros2_autonomous_vehicle_simulation/install/interfaces_pkg/share/interfaces_pkg/cmake/export_interfaces_pkg__rosidl_generator_cppExport.cmake\n'}
[0.717992] (interfaces_pkg) StdoutLine: {'line': b'-- Up-to-date: /home/amrl_sunny/ros2_autonomous_vehicle_simulation/install/interfaces_pkg/share/interfaces_pkg/cmake/export_interfaces_pkg__rosidl_typesupport_fastrtps_cppExport.cmake\n'}
[0.718028] (interfaces_pkg) StdoutLine: {'line': b'-- Up-to-date: /home/amrl_sunny/ros2_autonomous_vehicle_simulation/install/interfaces_pkg/share/interfaces_pkg/cmake/export_interfaces_pkg__rosidl_typesupport_fastrtps_cppExport-noconfig.cmake\n'}
[0.718099] (interfaces_pkg) StdoutLine: {'line': b'-- Up-to-date: /home/amrl_sunny/ros2_autonomous_vehicle_simulation/install/interfaces_pkg/share/interfaces_pkg/cmake/interfaces_pkg__rosidl_typesupport_introspection_cppExport.cmake\n'}
[0.718133] (interfaces_pkg) StdoutLine: {'line': b'-- Up-to-date: /home/amrl_sunny/ros2_autonomous_vehicle_simulation/install/interfaces_pkg/share/interfaces_pkg/cmake/interfaces_pkg__rosidl_typesupport_introspection_cppExport-noconfig.cmake\n'}
[0.718175] (interfaces_pkg) StdoutLine: {'line': b'-- Up-to-date: /home/amrl_sunny/ros2_autonomous_vehicle_simulation/install/interfaces_pkg/share/interfaces_pkg/cmake/interfaces_pkg__rosidl_typesupport_cppExport.cmake\n'}
[0.718220] (interfaces_pkg) StdoutLine: {'line': b'-- Up-to-date: /home/amrl_sunny/ros2_autonomous_vehicle_simulation/install/interfaces_pkg/share/interfaces_pkg/cmake/interfaces_pkg__rosidl_typesupport_cppExport-noconfig.cmake\n'}
[0.718265] (interfaces_pkg) StdoutLine: {'line': b'-- Up-to-date: /home/amrl_sunny/ros2_autonomous_vehicle_simulation/install/interfaces_pkg/share/interfaces_pkg/cmake/export_interfaces_pkg__rosidl_generator_pyExport.cmake\n'}
[0.718300] (interfaces_pkg) StdoutLine: {'line': b'-- Up-to-date: /home/amrl_sunny/ros2_autonomous_vehicle_simulation/install/interfaces_pkg/share/interfaces_pkg/cmake/export_interfaces_pkg__rosidl_generator_pyExport-noconfig.cmake\n'}
[0.720226] (interfaces_pkg) CommandEnded: {'returncode': 0}
[0.730536] (interfaces_pkg) JobEnded: {'identifier': 'interfaces_pkg', 'rc': 0}
[0.800704] (-) TimerEvent: {}
[0.805561] (camera_perception_pkg) Command: {'cmd': ['/usr/bin/python3', '-W', 'ignore:setup.py install is deprecated', '-W', 'ignore:easy_install command is deprecated', 'setup.py', 'develop', '--editable', '--build-directory', '/home/amrl_sunny/ros2_autonomous_vehicle_simulation/build/camera_perception_pkg/build', '--no-deps', 'symlink_data'], 'cwd': '/home/amrl_sunny/ros2_autonomous_vehicle_simulation/build/camera_perception_pkg', 'env': {'LESSOPEN': '| /usr/bin/lesspipe %s', 'LANGUAGE': 'ko:en', 'USER': 'amrl_sunny', 'LC_TIME': 'ko_KR.UTF-8', 'XDG_SESSION_TYPE': 'x11', 'SHLVL': '1', 'LD_LIBRARY_PATH': '/home/amrl_sunny/ros2_autonomous_vehicle_simulation/install/interfaces_pkg/lib:/opt/ros/humble/opt/rviz_ogre_vendor/lib:/usr/lib/x86_64-linux-gnu/gazebo-11/plugins:/opt/ros/humble/lib/x86_64-linux-gnu:/opt/ros/humble/lib', 'HOME': '/home/amrl_sunny', 'OLDPWD': '/home/amrl_sunny/ros2_autonomous_vehicle_simulation', 'DESKTOP_SESSION': 'ubuntu', 'ROS_PYTHON_VERSION': '3', 'GNOME_SHELL_SESSION_MODE': 'ubuntu', 'GTK_MODULES': 'gail:atk-bridge', 'XDG_SEAT_PATH': '/org/freedesktop/DisplayManager/Seat0', 'LC_MONETARY': 'ko_KR.UTF-8', 'SYSTEMD_EXEC_PID': '1883', 'DBUS_SESSION_BUS_ADDRESS': 'unix:path=/run/user/1000/bus', 'COLORTERM': 'truecolor', 'COLCON_PREFIX_PATH': '/home/amrl_sunny/ros2_autonomous_vehicle_simulation/install:/home/amrl_sunny/2025_jacapdi/install', 'ROS_DISTRO': 'humble', 'GTK_IM_MODULE': 'ibus', 'LOGNAME': 'amrl_sunny', '_': '/usr/bin/colcon', 'ROS_VERSION': '2', 'XDG_SESSION_CLASS': 'user', 'TERM': 'xterm-256color', 'GNOME_DESKTOP_SESSION_ID': 'this-is-deprecated', 'ROS_LOCALHOST_ONLY': '0', 'PATH': '/opt/ros/humble/bin:/home/amrl_sunny/.local/bin:/usr/local/sbin:/usr/local/bin:/usr/sbin:/usr/bin:/sbin:/bin:/usr/games:/usr/local/games:/snap/bin', 'SESSION_MANAGER': 'local/amrl-desktop:@/tmp/.ICE-unix/1667,unix/amrl-desktop:/tmp/.ICE-unix/1667', 'GDM_LANG': 'ko', 'PAPERSIZE': 'a4', 'XDG_SESSION_PATH': '/org/freedesktop/DisplayManager/Session0', 'XDG_MENU_PREFIX': 'gnome-', 'LC_ADDRESS': 'ko_KR.UTF-8', 'GNOME_TERMINAL_SCREEN': '/org/gnome/Terminal/screen/749011a1_a9ba_417b_92ef_a087b4eec115', 'XDG_RUNTIME_DIR': '/run/user/1000', 'DISPLAY': ':0', 'LANG': 'ko_KR.UTF-8', 'XDG_CURRENT_DESKTOP': 'ubuntu:GNOME', 'LC_TELEPHONE': 'ko_KR.UTF-8', 'XMODIFIERS': '@im=ibus', 'XDG_SESSION_DESKTOP': 'ubuntu', 'XAUTHORITY': '/home/amrl_sunny/.Xauthority', 'LS_COLORS': 'rs=0:di=01;34:ln=01;36:mh=00:pi=40;33:so=01;35:do=01;35:bd=40;33;01:cd=40;33;01:or=40;31;01:mi=00:su=37;41:sg=30;43:ca=30;41:tw=30;42:ow=34;42:st=37;44:ex=01;32:*.tar=01;31:*.tgz=01;31:*.arc=01;31:*.arj=01;31:*.taz=01;31:*.lha=01;31:*.lz4=01;31:*.lzh=01;31:*.lzma=01;31:*.tlz=01;31:*.txz=01;31:*.tzo=01;31:*.t7z=01;31:*.zip=01;31:*.z=01;31:*.dz=01;31:*.gz=01;31:*.lrz=01;31:*.lz=01;31:*.lzo=01;31:*.xz=01;31:*.zst=01;31:*.tzst=01;31:*.bz2=01;31:*.bz=01;31:*.tbz=01;31:*.tbz2=01;31:*.tz=01;31:*.deb=01;31:*.rpm=01;31:*.jar=01;31:*.war=01;31:*.ear=01;31:*.sar=01;31:*.rar=01;31:*.alz=01;31:*.ace=01;31:*.zoo=01;31:*.cpio=01;31:*.7z=01;31:*.rz=01;31:*.cab=01;31:*.wim=01;31:*.swm=01;31:*.dwm=01;31:*.esd=01;31:*.jpg=01;35:*.jpeg=01;35:*.mjpg=01;35:*.mjpeg=01;35:*.gif=01;35:*.bmp=01;35:*.pbm=01;35:*.pgm=01;35:*.ppm=01;35:*.tga=01;35:*.xbm=01;35:*.xpm=01;35:*.tif=01;35:*.tiff=01;35:*.png=01;35:*.svg=01;35:*.svgz=01;35:*.mng=01;35:*.pcx=01;35:*.mov=01;35:*.mpg=01;35:*.mpeg=01;35:*.m2v=01;35:*.mkv=01;35:*.webm=01;35:*.webp=01;35:*.ogm=01;35:*.mp4=01;35:*.m4v=01;35:*.mp4v=01;35:*.vob=01;35:*.qt=01;35:*.nuv=01;35:*.wmv=01;35:*.asf=01;35:*.rm=01;35:*.rmvb=01;35:*.flc=01;35:*.avi=01;35:*.fli=01;35:*.flv=01;35:*.gl=01;35:*.dl=01;35:*.xcf=01;35:*.xwd=01;35:*.yuv=01;35:*.cgm=01;35:*.emf=01;35:*.ogv=01;35:*.ogx=01;35:*.aac=00;36:*.au=00;36:*.flac=00;36:*.m4a=00;36:*.mid=00;36:*.midi=00;36:*.mka=00;36:*.mp3=00;36:*.mpc=00;36:*.ogg=00;36:*.ra=00;36:*.wav=00;36:*.oga=00;36:*.opus=00;36:*.spx=00;36:*.xspf=00;36:', 'GNOME_TERMINAL_SERVICE': ':1.30987', 'SSH_AGENT_LAUNCHER': 'gnome-keyring', 'SSH_AUTH_SOCK': '/run/user/1000/keyring/ssh', 'ROS_DOMAIN_ID': '0', 'XDG_GREETER_DATA_DIR': '/var/lib/lightdm-data/amrl_sunny', 'AMENT_PREFIX_PATH': '/home/amrl_sunny/ros2_autonomous_vehicle_simulation/install/simulation_pkg:/home/amrl_sunny/ros2_autonomous_vehicle_simulation/install/debug_pkg:/home/amrl_sunny/ros2_autonomous_vehicle_simulation/install/decision_making_pkg:/home/amrl_sunny/ros2_autonomous_vehicle_simulation/install/camera_perception_pkg:/home/amrl_sunny/ros2_autonomous_vehicle_simulation/install/interfaces_pkg:/home/amrl_sunny/2025_jacapdi/install/simulation_pkg:/home/amrl_sunny/2025_jacapdi/install/debug_pkg:/home/amrl_sunny/2025_jacapdi/install/decision_making_pkg:/home/amrl_sunny/2025_jacapdi/install/camera_perception_pkg:/opt/ros/humble', 'SHELL': '/bin/bash', 'LC_NAME': 'ko_KR.UTF-8', 'QT_ACCESSIBILITY': '1', 'GDMSESSION': 'ubuntu', 'LESSCLOSE': '/usr/bin/lesspipe %s %s', 'LC_MEASUREMENT': 'ko_KR.UTF-8', 'GPG_AGENT_INFO': '/run/user/1000/gnupg/S.gpg-agent:0:1', 'LC_IDENTIFICATION': 'ko_KR.UTF-8', 'QT_IM_MODULE': 'ibus', 'PWD': '/home/amrl_sunny/ros2_autonomous_vehicle_simulation/build/camera_perception_pkg', 'XDG_CONFIG_DIRS': '/etc/xdg/xdg-ubuntu:/etc/xdg', 'XDG_DATA_DIRS': '/usr/share/ubuntu:/usr/share/gnome:/usr/local/share:/usr/share:/var/lib/snapd/desktop', 'PYTHONPATH': '/home/amrl_sunny/ros2_autonomous_vehicle_simulation/build/camera_perception_pkg/prefix_override:/usr/lib/python3/dist-packages/colcon_core/task/python/colcon_distutils_commands:/home/amrl_sunny/ros2_autonomous_vehicle_simulation/install/camera_perception_pkg/lib/python3.10/site-packages:/home/amrl_sunny/ros2_autonomous_vehicle_simulation/build/simulation_pkg:/home/amrl_sunny/ros2_autonomous_vehicle_simulation/install/simulation_pkg/lib/python3.10/site-packages:/home/amrl_sunny/ros2_autonomous_vehicle_simulation/build/debug_pkg:/home/amrl_sunny/ros2_autonomous_vehicle_simulation/install/debug_pkg/lib/python3.10/site-packages:/home/amrl_sunny/ros2_autonomous_vehicle_simulation/build/decision_making_pkg:/home/amrl_sunny/ros2_autonomous_vehicle_simulation/install/decision_making_pkg/lib/python3.10/site-packages:/home/amrl_sunny/ros2_autonomous_vehicle_simulation/build/camera_perception_pkg:/home/amrl_sunny/ros2_autonomous_vehicle_simulation/install/camera_perception_pkg/lib/python3.10/site-packages:/home/amrl_sunny/ros2_autonomous_vehicle_simulation/install/interfaces_pkg/local/lib/python3.10/dist-packages:/home/amrl_sunny/2025_jacapdi/build/simulation_pkg:/home/amrl_sunny/2025_jacapdi/install/simulation_pkg/lib/python3.10/site-packages:/home/amrl_sunny/2025_jacapdi/build/debug_pkg:/home/amrl_sunny/2025_jacapdi/install/debug_pkg/lib/python3.10/site-packages:/home/amrl_sunny/2025_jacapdi/build/decision_making_pkg:/home/amrl_sunny/2025_jacapdi/install/decision_making_pkg/lib/python3.10/site-packages:/home/amrl_sunny/2025_jacapdi/build/camera_perception_pkg:/home/amrl_sunny/2025_jacapdi/install/camera_perception_pkg/lib/python3.10/site-packages:/opt/ros/humble/lib/python3.10/site-packages:/opt/ros/humble/local/lib/python3.10/dist-packages', 'LC_NUMERIC': 'ko_KR.UTF-8', 'LC_PAPER': 'ko_KR.UTF-8', 'COLCON': '1', 'VTE_VERSION': '6800', 'CMAKE_PREFIX_PATH': '/home/amrl_sunny/ros2_autonomous_vehicle_simulation/install/interfaces_pkg'}, 'shell': False}
[0.815775] (lidar_perception_pkg) Command: {'cmd': ['/usr/bin/python3', '-W', 'ignore:setup.py install is deprecated', '-W', 'ignore:easy_install command is deprecated', 'setup.py', 'develop', '--editable', '--build-directory', '/home/amrl_sunny/ros2_autonomous_vehicle_simulation/build/lidar_perception_pkg/build', '--no-deps', 'symlink_data'], 'cwd': '/home/amrl_sunny/ros2_autonomous_vehicle_simulation/build/lidar_perception_pkg', 'env': {'LESSOPEN': '| /usr/bin/lesspipe %s', 'LANGUAGE': 'ko:en', 'USER': 'amrl_sunny', 'LC_TIME': 'ko_KR.UTF-8', 'XDG_SESSION_TYPE': 'x11', 'SHLVL': '1', 'LD_LIBRARY_PATH': '/home/amrl_sunny/ros2_autonomous_vehicle_simulation/install/interfaces_pkg/lib:/opt/ros/humble/opt/rviz_ogre_vendor/lib:/usr/lib/x86_64-linux-gnu/gazebo-11/plugins:/opt/ros/humble/lib/x86_64-linux-gnu:/opt/ros/humble/lib', 'HOME': '/home/amrl_sunny', 'OLDPWD': '/home/amrl_sunny/ros2_autonomous_vehicle_simulation', 'DESKTOP_SESSION': 'ubuntu', 'ROS_PYTHON_VERSION': '3', 'GNOME_SHELL_SESSION_MODE': 'ubuntu', 'GTK_MODULES': 'gail:atk-bridge', 'XDG_SEAT_PATH': '/org/freedesktop/DisplayManager/Seat0', 'LC_MONETARY': 'ko_KR.UTF-8', 'SYSTEMD_EXEC_PID': '1883', 'DBUS_SESSION_BUS_ADDRESS': 'unix:path=/run/user/1000/bus', 'COLORTERM': 'truecolor', 'COLCON_PREFIX_PATH': '/home/amrl_sunny/ros2_autonomous_vehicle_simulation/install:/home/amrl_sunny/2025_jacapdi/install', 'ROS_DISTRO': 'humble', 'GTK_IM_MODULE': 'ibus', 'LOGNAME': 'amrl_sunny', '_': '/usr/bin/colcon', 'ROS_VERSION': '2', 'XDG_SESSION_CLASS': 'user', 'TERM': 'xterm-256color', 'GNOME_DESKTOP_SESSION_ID': 'this-is-deprecated', 'ROS_LOCALHOST_ONLY': '0', 'PATH': '/opt/ros/humble/bin:/home/amrl_sunny/.local/bin:/usr/local/sbin:/usr/local/bin:/usr/sbin:/usr/bin:/sbin:/bin:/usr/games:/usr/local/games:/snap/bin', 'SESSION_MANAGER': 'local/amrl-desktop:@/tmp/.ICE-unix/1667,unix/amrl-desktop:/tmp/.ICE-unix/1667', 'GDM_LANG': 'ko', 'PAPERSIZE': 'a4', 'XDG_SESSION_PATH': '/org/freedesktop/DisplayManager/Session0', 'XDG_MENU_PREFIX': 'gnome-', 'LC_ADDRESS': 'ko_KR.UTF-8', 'GNOME_TERMINAL_SCREEN': '/org/gnome/Terminal/screen/749011a1_a9ba_417b_92ef_a087b4eec115', 'XDG_RUNTIME_DIR': '/run/user/1000', 'DISPLAY': ':0', 'LANG': 'ko_KR.UTF-8', 'XDG_CURRENT_DESKTOP': 'ubuntu:GNOME', 'LC_TELEPHONE': 'ko_KR.UTF-8', 'XMODIFIERS': '@im=ibus', 'XDG_SESSION_DESKTOP': 'ubuntu', 'XAUTHORITY': '/home/amrl_sunny/.Xauthority', 'LS_COLORS': 'rs=0:di=01;34:ln=01;36:mh=00:pi=40;33:so=01;35:do=01;35:bd=40;33;01:cd=40;33;01:or=40;31;01:mi=00:su=37;41:sg=30;43:ca=30;41:tw=30;42:ow=34;42:st=37;44:ex=01;32:*.tar=01;31:*.tgz=01;31:*.arc=01;31:*.arj=01;31:*.taz=01;31:*.lha=01;31:*.lz4=01;31:*.lzh=01;31:*.lzma=01;31:*.tlz=01;31:*.txz=01;31:*.tzo=01;31:*.t7z=01;31:*.zip=01;31:*.z=01;31:*.dz=01;31:*.gz=01;31:*.lrz=01;31:*.lz=01;31:*.lzo=01;31:*.xz=01;31:*.zst=01;31:*.tzst=01;31:*.bz2=01;31:*.bz=01;31:*.tbz=01;31:*.tbz2=01;31:*.tz=01;31:*.deb=01;31:*.rpm=01;31:*.jar=01;31:*.war=01;31:*.ear=01;31:*.sar=01;31:*.rar=01;31:*.alz=01;31:*.ace=01;31:*.zoo=01;31:*.cpio=01;31:*.7z=01;31:*.rz=01;31:*.cab=01;31:*.wim=01;31:*.swm=01;31:*.dwm=01;31:*.esd=01;31:*.jpg=01;35:*.jpeg=01;35:*.mjpg=01;35:*.mjpeg=01;35:*.gif=01;35:*.bmp=01;35:*.pbm=01;35:*.pgm=01;35:*.ppm=01;35:*.tga=01;35:*.xbm=01;35:*.xpm=01;35:*.tif=01;35:*.tiff=01;35:*.png=01;35:*.svg=01;35:*.svgz=01;35:*.mng=01;35:*.pcx=01;35:*.mov=01;35:*.mpg=01;35:*.mpeg=01;35:*.m2v=01;35:*.mkv=01;35:*.webm=01;35:*.webp=01;35:*.ogm=01;35:*.mp4=01;35:*.m4v=01;35:*.mp4v=01;35:*.vob=01;35:*.qt=01;35:*.nuv=01;35:*.wmv=01;35:*.asf=01;35:*.rm=01;35:*.rmvb=01;35:*.flc=01;35:*.avi=01;35:*.fli=01;35:*.flv=01;35:*.gl=01;35:*.dl=01;35:*.xcf=01;35:*.xwd=01;35:*.yuv=01;35:*.cgm=01;35:*.emf=01;35:*.ogv=01;35:*.ogx=01;35:*.aac=00;36:*.au=00;36:*.flac=00;36:*.m4a=00;36:*.mid=00;36:*.midi=00;36:*.mka=00;36:*.mp3=00;36:*.mpc=00;36:*.ogg=00;36:*.ra=00;36:*.wav=00;36:*.oga=00;36:*.opus=00;36:*.spx=00;36:*.xspf=00;36:', 'GNOME_TERMINAL_SERVICE': ':1.30987', 'SSH_AGENT_LAUNCHER': 'gnome-keyring', 'SSH_AUTH_SOCK': '/run/user/1000/keyring/ssh', 'ROS_DOMAIN_ID': '0', 'XDG_GREETER_DATA_DIR': '/var/lib/lightdm-data/amrl_sunny', 'AMENT_PREFIX_PATH': '/home/amrl_sunny/ros2_autonomous_vehicle_simulation/install/simulation_pkg:/home/amrl_sunny/ros2_autonomous_vehicle_simulation/install/debug_pkg:/home/amrl_sunny/ros2_autonomous_vehicle_simulation/install/decision_making_pkg:/home/amrl_sunny/ros2_autonomous_vehicle_simulation/install/camera_perception_pkg:/home/amrl_sunny/ros2_autonomous_vehicle_simulation/install/interfaces_pkg:/home/amrl_sunny/2025_jacapdi/install/simulation_pkg:/home/amrl_sunny/2025_jacapdi/install/debug_pkg:/home/amrl_sunny/2025_jacapdi/install/decision_making_pkg:/home/amrl_sunny/2025_jacapdi/install/camera_perception_pkg:/opt/ros/humble', 'SHELL': '/bin/bash', 'LC_NAME': 'ko_KR.UTF-8', 'QT_ACCESSIBILITY': '1', 'GDMSESSION': 'ubuntu', 'LESSCLOSE': '/usr/bin/lesspipe %s %s', 'LC_MEASUREMENT': 'ko_KR.UTF-8', 'GPG_AGENT_INFO': '/run/user/1000/gnupg/S.gpg-agent:0:1', 'LC_IDENTIFICATION': 'ko_KR.UTF-8', 'QT_IM_MODULE': 'ibus', 'PWD': '/home/amrl_sunny/ros2_autonomous_vehicle_simulation/build/lidar_perception_pkg', 'XDG_CONFIG_DIRS': '/etc/xdg/xdg-ubuntu:/etc/xdg', 'XDG_DATA_DIRS': '/usr/share/ubuntu:/usr/share/gnome:/usr/local/share:/usr/share:/var/lib/snapd/desktop', 'PYTHONPATH': '/home/amrl_sunny/ros2_autonomous_vehicle_simulation/build/lidar_perception_pkg/prefix_override:/usr/lib/python3/dist-packages/colcon_core/task/python/colcon_distutils_commands:/home/amrl_sunny/ros2_autonomous_vehicle_simulation/install/lidar_perception_pkg/lib/python3.10/site-packages:/home/amrl_sunny/ros2_autonomous_vehicle_simulation/build/simulation_pkg:/home/amrl_sunny/ros2_autonomous_vehicle_simulation/install/simulation_pkg/lib/python3.10/site-packages:/home/amrl_sunny/ros2_autonomous_vehicle_simulation/build/debug_pkg:/home/amrl_sunny/ros2_autonomous_vehicle_simulation/install/debug_pkg/lib/python3.10/site-packages:/home/amrl_sunny/ros2_autonomous_vehicle_simulation/build/decision_making_pkg:/home/amrl_sunny/ros2_autonomous_vehicle_simulation/install/decision_making_pkg/lib/python3.10/site-packages:/home/amrl_sunny/ros2_autonomous_vehicle_simulation/build/camera_perception_pkg:/home/amrl_sunny/ros2_autonomous_vehicle_simulation/install/camera_perception_pkg/lib/python3.10/site-packages:/home/amrl_sunny/ros2_autonomous_vehicle_simulation/install/interfaces_pkg/local/lib/python3.10/dist-packages:/home/amrl_sunny/2025_jacapdi/build/simulation_pkg:/home/amrl_sunny/2025_jacapdi/install/simulation_pkg/lib/python3.10/site-packages:/home/amrl_sunny/2025_jacapdi/build/debug_pkg:/home/amrl_sunny/2025_jacapdi/install/debug_pkg/lib/python3.10/site-packages:/home/amrl_sunny/2025_jacapdi/build/decision_making_pkg:/home/amrl_sunny/2025_jacapdi/install/decision_making_pkg/lib/python3.10/site-packages:/home/amrl_sunny/2025_jacapdi/build/camera_perception_pkg:/home/amrl_sunny/2025_jacapdi/install/camera_perception_pkg/lib/python3.10/site-packages:/opt/ros/humble/lib/python3.10/site-packages:/opt/ros/humble/local/lib/python3.10/dist-packages', 'LC_NUMERIC': 'ko_KR.UTF-8', 'LC_PAPER': 'ko_KR.UTF-8', 'COLCON': '1', 'VTE_VERSION': '6800', 'CMAKE_PREFIX_PATH': '/home/amrl_sunny/ros2_autonomous_vehicle_simulation/install/interfaces_pkg'}, 'shell': False}
[0.820412] (decision_making_pkg) Command: {'cmd': ['/usr/bin/python3', '-W', 'ignore:setup.py install is deprecated', '-W', 'ignore:easy_install command is deprecated', 'setup.py', 'develop', '--editable', '--build-directory', '/home/amrl_sunny/ros2_autonomous_vehicle_simulation/build/decision_making_pkg/build', '--no-deps', 'symlink_data'], 'cwd': '/home/amrl_sunny/ros2_autonomous_vehicle_simulation/build/decision_making_pkg', 'env': {'LESSOPEN': '| /usr/bin/lesspipe %s', 'LANGUAGE': 'ko:en', 'USER': 'amrl_sunny', 'LC_TIME': 'ko_KR.UTF-8', 'XDG_SESSION_TYPE': 'x11', 'SHLVL': '1', 'LD_LIBRARY_PATH': '/home/amrl_sunny/ros2_autonomous_vehicle_simulation/install/interfaces_pkg/lib:/opt/ros/humble/opt/rviz_ogre_vendor/lib:/usr/lib/x86_64-linux-gnu/gazebo-11/plugins:/opt/ros/humble/lib/x86_64-linux-gnu:/opt/ros/humble/lib', 'HOME': '/home/amrl_sunny', 'OLDPWD': '/home/amrl_sunny/ros2_autonomous_vehicle_simulation', 'DESKTOP_SESSION': 'ubuntu', 'ROS_PYTHON_VERSION': '3', 'GNOME_SHELL_SESSION_MODE': 'ubuntu', 'GTK_MODULES': 'gail:atk-bridge', 'XDG_SEAT_PATH': '/org/freedesktop/DisplayManager/Seat0', 'LC_MONETARY': 'ko_KR.UTF-8', 'SYSTEMD_EXEC_PID': '1883', 'DBUS_SESSION_BUS_ADDRESS': 'unix:path=/run/user/1000/bus', 'COLORTERM': 'truecolor', 'COLCON_PREFIX_PATH': '/home/amrl_sunny/ros2_autonomous_vehicle_simulation/install:/home/amrl_sunny/2025_jacapdi/install', 'ROS_DISTRO': 'humble', 'GTK_IM_MODULE': 'ibus', 'LOGNAME': 'amrl_sunny', '_': '/usr/bin/colcon', 'ROS_VERSION': '2', 'XDG_SESSION_CLASS': 'user', 'TERM': 'xterm-256color', 'GNOME_DESKTOP_SESSION_ID': 'this-is-deprecated', 'ROS_LOCALHOST_ONLY': '0', 'PATH': '/opt/ros/humble/bin:/home/amrl_sunny/.local/bin:/usr/local/sbin:/usr/local/bin:/usr/sbin:/usr/bin:/sbin:/bin:/usr/games:/usr/local/games:/snap/bin', 'SESSION_MANAGER': 'local/amrl-desktop:@/tmp/.ICE-unix/1667,unix/amrl-desktop:/tmp/.ICE-unix/1667', 'GDM_LANG': 'ko', 'PAPERSIZE': 'a4', 'XDG_SESSION_PATH': '/org/freedesktop/DisplayManager/Session0', 'XDG_MENU_PREFIX': 'gnome-', 'LC_ADDRESS': 'ko_KR.UTF-8', 'GNOME_TERMINAL_SCREEN': '/org/gnome/Terminal/screen/749011a1_a9ba_417b_92ef_a087b4eec115', 'XDG_RUNTIME_DIR': '/run/user/1000', 'DISPLAY': ':0', 'LANG': 'ko_KR.UTF-8', 'XDG_CURRENT_DESKTOP': 'ubuntu:GNOME', 'LC_TELEPHONE': 'ko_KR.UTF-8', 'XMODIFIERS': '@im=ibus', 'XDG_SESSION_DESKTOP': 'ubuntu', 'XAUTHORITY': '/home/amrl_sunny/.Xauthority', 'LS_COLORS': 'rs=0:di=01;34:ln=01;36:mh=00:pi=40;33:so=01;35:do=01;35:bd=40;33;01:cd=40;33;01:or=40;31;01:mi=00:su=37;41:sg=30;43:ca=30;41:tw=30;42:ow=34;42:st=37;44:ex=01;32:*.tar=01;31:*.tgz=01;31:*.arc=01;31:*.arj=01;31:*.taz=01;31:*.lha=01;31:*.lz4=01;31:*.lzh=01;31:*.lzma=01;31:*.tlz=01;31:*.txz=01;31:*.tzo=01;31:*.t7z=01;31:*.zip=01;31:*.z=01;31:*.dz=01;31:*.gz=01;31:*.lrz=01;31:*.lz=01;31:*.lzo=01;31:*.xz=01;31:*.zst=01;31:*.tzst=01;31:*.bz2=01;31:*.bz=01;31:*.tbz=01;31:*.tbz2=01;31:*.tz=01;31:*.deb=01;31:*.rpm=01;31:*.jar=01;31:*.war=01;31:*.ear=01;31:*.sar=01;31:*.rar=01;31:*.alz=01;31:*.ace=01;31:*.zoo=01;31:*.cpio=01;31:*.7z=01;31:*.rz=01;31:*.cab=01;31:*.wim=01;31:*.swm=01;31:*.dwm=01;31:*.esd=01;31:*.jpg=01;35:*.jpeg=01;35:*.mjpg=01;35:*.mjpeg=01;35:*.gif=01;35:*.bmp=01;35:*.pbm=01;35:*.pgm=01;35:*.ppm=01;35:*.tga=01;35:*.xbm=01;35:*.xpm=01;35:*.tif=01;35:*.tiff=01;35:*.png=01;35:*.svg=01;35:*.svgz=01;35:*.mng=01;35:*.pcx=01;35:*.mov=01;35:*.mpg=01;35:*.mpeg=01;35:*.m2v=01;35:*.mkv=01;35:*.webm=01;35:*.webp=01;35:*.ogm=01;35:*.mp4=01;35:*.m4v=01;35:*.mp4v=01;35:*.vob=01;35:*.qt=01;35:*.nuv=01;35:*.wmv=01;35:*.asf=01;35:*.rm=01;35:*.rmvb=01;35:*.flc=01;35:*.avi=01;35:*.fli=01;35:*.flv=01;35:*.gl=01;35:*.dl=01;35:*.xcf=01;35:*.xwd=01;35:*.yuv=01;35:*.cgm=01;35:*.emf=01;35:*.ogv=01;35:*.ogx=01;35:*.aac=00;36:*.au=00;36:*.flac=00;36:*.m4a=00;36:*.mid=00;36:*.midi=00;36:*.mka=00;36:*.mp3=00;36:*.mpc=00;36:*.ogg=00;36:*.ra=00;36:*.wav=00;36:*.oga=00;36:*.opus=00;36:*.spx=00;36:*.xspf=00;36:', 'GNOME_TERMINAL_SERVICE': ':1.30987', 'SSH_AGENT_LAUNCHER': 'gnome-keyring', 'SSH_AUTH_SOCK': '/run/user/1000/keyring/ssh', 'ROS_DOMAIN_ID': '0', 'XDG_GREETER_DATA_DIR': '/var/lib/lightdm-data/amrl_sunny', 'AMENT_PREFIX_PATH': '/home/amrl_sunny/ros2_autonomous_vehicle_simulation/install/simulation_pkg:/home/amrl_sunny/ros2_autonomous_vehicle_simulation/install/debug_pkg:/home/amrl_sunny/ros2_autonomous_vehicle_simulation/install/decision_making_pkg:/home/amrl_sunny/ros2_autonomous_vehicle_simulation/install/camera_perception_pkg:/home/amrl_sunny/ros2_autonomous_vehicle_simulation/install/interfaces_pkg:/home/amrl_sunny/2025_jacapdi/install/simulation_pkg:/home/amrl_sunny/2025_jacapdi/install/debug_pkg:/home/amrl_sunny/2025_jacapdi/install/decision_making_pkg:/home/amrl_sunny/2025_jacapdi/install/camera_perception_pkg:/opt/ros/humble', 'SHELL': '/bin/bash', 'LC_NAME': 'ko_KR.UTF-8', 'QT_ACCESSIBILITY': '1', 'GDMSESSION': 'ubuntu', 'LESSCLOSE': '/usr/bin/lesspipe %s %s', 'LC_MEASUREMENT': 'ko_KR.UTF-8', 'GPG_AGENT_INFO': '/run/user/1000/gnupg/S.gpg-agent:0:1', 'LC_IDENTIFICATION': 'ko_KR.UTF-8', 'QT_IM_MODULE': 'ibus', 'PWD': '/home/amrl_sunny/ros2_autonomous_vehicle_simulation/build/decision_making_pkg', 'XDG_CONFIG_DIRS': '/etc/xdg/xdg-ubuntu:/etc/xdg', 'XDG_DATA_DIRS': '/usr/share/ubuntu:/usr/share/gnome:/usr/local/share:/usr/share:/var/lib/snapd/desktop', 'PYTHONPATH': '/home/amrl_sunny/ros2_autonomous_vehicle_simulation/build/decision_making_pkg/prefix_override:/usr/lib/python3/dist-packages/colcon_core/task/python/colcon_distutils_commands:/home/amrl_sunny/ros2_autonomous_vehicle_simulation/install/decision_making_pkg/lib/python3.10/site-packages:/home/amrl_sunny/ros2_autonomous_vehicle_simulation/build/simulation_pkg:/home/amrl_sunny/ros2_autonomous_vehicle_simulation/install/simulation_pkg/lib/python3.10/site-packages:/home/amrl_sunny/ros2_autonomous_vehicle_simulation/build/debug_pkg:/home/amrl_sunny/ros2_autonomous_vehicle_simulation/install/debug_pkg/lib/python3.10/site-packages:/home/amrl_sunny/ros2_autonomous_vehicle_simulation/build/decision_making_pkg:/home/amrl_sunny/ros2_autonomous_vehicle_simulation/install/decision_making_pkg/lib/python3.10/site-packages:/home/amrl_sunny/ros2_autonomous_vehicle_simulation/build/camera_perception_pkg:/home/amrl_sunny/ros2_autonomous_vehicle_simulation/install/camera_perception_pkg/lib/python3.10/site-packages:/home/amrl_sunny/ros2_autonomous_vehicle_simulation/install/interfaces_pkg/local/lib/python3.10/dist-packages:/home/amrl_sunny/2025_jacapdi/build/simulation_pkg:/home/amrl_sunny/2025_jacapdi/install/simulation_pkg/lib/python3.10/site-packages:/home/amrl_sunny/2025_jacapdi/build/debug_pkg:/home/amrl_sunny/2025_jacapdi/install/debug_pkg/lib/python3.10/site-packages:/home/amrl_sunny/2025_jacapdi/build/decision_making_pkg:/home/amrl_sunny/2025_jacapdi/install/decision_making_pkg/lib/python3.10/site-packages:/home/amrl_sunny/2025_jacapdi/build/camera_perception_pkg:/home/amrl_sunny/2025_jacapdi/install/camera_perception_pkg/lib/python3.10/site-packages:/opt/ros/humble/lib/python3.10/site-packages:/opt/ros/humble/local/lib/python3.10/dist-packages', 'LC_NUMERIC': 'ko_KR.UTF-8', 'LC_PAPER': 'ko_KR.UTF-8', 'COLCON': '1', 'VTE_VERSION': '6800', 'CMAKE_PREFIX_PATH': '/home/amrl_sunny/ros2_autonomous_vehicle_simulation/install/interfaces_pkg'}, 'shell': False}
[0.824462] (debug_pkg) Command: {'cmd': ['/usr/bin/python3', '-W', 'ignore:setup.py install is deprecated', '-W', 'ignore:easy_install command is deprecated', 'setup.py', 'develop', '--editable', '--build-directory', '/home/amrl_sunny/ros2_autonomous_vehicle_simulation/build/debug_pkg/build', '--no-deps', 'symlink_data'], 'cwd': '/home/amrl_sunny/ros2_autonomous_vehicle_simulation/build/debug_pkg', 'env': {'LESSOPEN': '| /usr/bin/lesspipe %s', 'LANGUAGE': 'ko:en', 'USER': 'amrl_sunny', 'LC_TIME': 'ko_KR.UTF-8', 'XDG_SESSION_TYPE': 'x11', 'SHLVL': '1', 'LD_LIBRARY_PATH': '/home/amrl_sunny/ros2_autonomous_vehicle_simulation/install/interfaces_pkg/lib:/opt/ros/humble/opt/rviz_ogre_vendor/lib:/usr/lib/x86_64-linux-gnu/gazebo-11/plugins:/opt/ros/humble/lib/x86_64-linux-gnu:/opt/ros/humble/lib', 'HOME': '/home/amrl_sunny', 'OLDPWD': '/home/amrl_sunny/ros2_autonomous_vehicle_simulation', 'DESKTOP_SESSION': 'ubuntu', 'ROS_PYTHON_VERSION': '3', 'GNOME_SHELL_SESSION_MODE': 'ubuntu', 'GTK_MODULES': 'gail:atk-bridge', 'XDG_SEAT_PATH': '/org/freedesktop/DisplayManager/Seat0', 'LC_MONETARY': 'ko_KR.UTF-8', 'SYSTEMD_EXEC_PID': '1883', 'DBUS_SESSION_BUS_ADDRESS': 'unix:path=/run/user/1000/bus', 'COLORTERM': 'truecolor', 'COLCON_PREFIX_PATH': '/home/amrl_sunny/ros2_autonomous_vehicle_simulation/install:/home/amrl_sunny/2025_jacapdi/install', 'ROS_DISTRO': 'humble', 'GTK_IM_MODULE': 'ibus', 'LOGNAME': 'amrl_sunny', '_': '/usr/bin/colcon', 'ROS_VERSION': '2', 'XDG_SESSION_CLASS': 'user', 'TERM': 'xterm-256color', 'GNOME_DESKTOP_SESSION_ID': 'this-is-deprecated', 'ROS_LOCALHOST_ONLY': '0', 'PATH': '/opt/ros/humble/bin:/home/amrl_sunny/.local/bin:/usr/local/sbin:/usr/local/bin:/usr/sbin:/usr/bin:/sbin:/bin:/usr/games:/usr/local/games:/snap/bin', 'SESSION_MANAGER': 'local/amrl-desktop:@/tmp/.ICE-unix/1667,unix/amrl-desktop:/tmp/.ICE-unix/1667', 'GDM_LANG': 'ko', 'PAPERSIZE': 'a4', 'XDG_SESSION_PATH': '/org/freedesktop/DisplayManager/Session0', 'XDG_MENU_PREFIX': 'gnome-', 'LC_ADDRESS': 'ko_KR.UTF-8', 'GNOME_TERMINAL_SCREEN': '/org/gnome/Terminal/screen/749011a1_a9ba_417b_92ef_a087b4eec115', 'XDG_RUNTIME_DIR': '/run/user/1000', 'DISPLAY': ':0', 'LANG': 'ko_KR.UTF-8', 'XDG_CURRENT_DESKTOP': 'ubuntu:GNOME', 'LC_TELEPHONE': 'ko_KR.UTF-8', 'XMODIFIERS': '@im=ibus', 'XDG_SESSION_DESKTOP': 'ubuntu', 'XAUTHORITY': '/home/amrl_sunny/.Xauthority', 'LS_COLORS': 'rs=0:di=01;34:ln=01;36:mh=00:pi=40;33:so=01;35:do=01;35:bd=40;33;01:cd=40;33;01:or=40;31;01:mi=00:su=37;41:sg=30;43:ca=30;41:tw=30;42:ow=34;42:st=37;44:ex=01;32:*.tar=01;31:*.tgz=01;31:*.arc=01;31:*.arj=01;31:*.taz=01;31:*.lha=01;31:*.lz4=01;31:*.lzh=01;31:*.lzma=01;31:*.tlz=01;31:*.txz=01;31:*.tzo=01;31:*.t7z=01;31:*.zip=01;31:*.z=01;31:*.dz=01;31:*.gz=01;31:*.lrz=01;31:*.lz=01;31:*.lzo=01;31:*.xz=01;31:*.zst=01;31:*.tzst=01;31:*.bz2=01;31:*.bz=01;31:*.tbz=01;31:*.tbz2=01;31:*.tz=01;31:*.deb=01;31:*.rpm=01;31:*.jar=01;31:*.war=01;31:*.ear=01;31:*.sar=01;31:*.rar=01;31:*.alz=01;31:*.ace=01;31:*.zoo=01;31:*.cpio=01;31:*.7z=01;31:*.rz=01;31:*.cab=01;31:*.wim=01;31:*.swm=01;31:*.dwm=01;31:*.esd=01;31:*.jpg=01;35:*.jpeg=01;35:*.mjpg=01;35:*.mjpeg=01;35:*.gif=01;35:*.bmp=01;35:*.pbm=01;35:*.pgm=01;35:*.ppm=01;35:*.tga=01;35:*.xbm=01;35:*.xpm=01;35:*.tif=01;35:*.tiff=01;35:*.png=01;35:*.svg=01;35:*.svgz=01;35:*.mng=01;35:*.pcx=01;35:*.mov=01;35:*.mpg=01;35:*.mpeg=01;35:*.m2v=01;35:*.mkv=01;35:*.webm=01;35:*.webp=01;35:*.ogm=01;35:*.mp4=01;35:*.m4v=01;35:*.mp4v=01;35:*.vob=01;35:*.qt=01;35:*.nuv=01;35:*.wmv=01;35:*.asf=01;35:*.rm=01;35:*.rmvb=01;35:*.flc=01;35:*.avi=01;35:*.fli=01;35:*.flv=01;35:*.gl=01;35:*.dl=01;35:*.xcf=01;35:*.xwd=01;35:*.yuv=01;35:*.cgm=01;35:*.emf=01;35:*.ogv=01;35:*.ogx=01;35:*.aac=00;36:*.au=00;36:*.flac=00;36:*.m4a=00;36:*.mid=00;36:*.midi=00;36:*.mka=00;36:*.mp3=00;36:*.mpc=00;36:*.ogg=00;36:*.ra=00;36:*.wav=00;36:*.oga=00;36:*.opus=00;36:*.spx=00;36:*.xspf=00;36:', 'GNOME_TERMINAL_SERVICE': ':1.30987', 'SSH_AGENT_LAUNCHER': 'gnome-keyring', 'SSH_AUTH_SOCK': '/run/user/1000/keyring/ssh', 'ROS_DOMAIN_ID': '0', 'XDG_GREETER_DATA_DIR': '/var/lib/lightdm-data/amrl_sunny', 'AMENT_PREFIX_PATH': '/home/amrl_sunny/ros2_autonomous_vehicle_simulation/install/simulation_pkg:/home/amrl_sunny/ros2_autonomous_vehicle_simulation/install/debug_pkg:/home/amrl_sunny/ros2_autonomous_vehicle_simulation/install/decision_making_pkg:/home/amrl_sunny/ros2_autonomous_vehicle_simulation/install/camera_perception_pkg:/home/amrl_sunny/ros2_autonomous_vehicle_simulation/install/interfaces_pkg:/home/amrl_sunny/2025_jacapdi/install/simulation_pkg:/home/amrl_sunny/2025_jacapdi/install/debug_pkg:/home/amrl_sunny/2025_jacapdi/install/decision_making_pkg:/home/amrl_sunny/2025_jacapdi/install/camera_perception_pkg:/opt/ros/humble', 'SHELL': '/bin/bash', 'LC_NAME': 'ko_KR.UTF-8', 'QT_ACCESSIBILITY': '1', 'GDMSESSION': 'ubuntu', 'LESSCLOSE': '/usr/bin/lesspipe %s %s', 'LC_MEASUREMENT': 'ko_KR.UTF-8', 'GPG_AGENT_INFO': '/run/user/1000/gnupg/S.gpg-agent:0:1', 'LC_IDENTIFICATION': 'ko_KR.UTF-8', 'QT_IM_MODULE': 'ibus', 'PWD': '/home/amrl_sunny/ros2_autonomous_vehicle_simulation/build/debug_pkg', 'XDG_CONFIG_DIRS': '/etc/xdg/xdg-ubuntu:/etc/xdg', 'XDG_DATA_DIRS': '/usr/share/ubuntu:/usr/share/gnome:/usr/local/share:/usr/share:/var/lib/snapd/desktop', 'PYTHONPATH': '/home/amrl_sunny/ros2_autonomous_vehicle_simulation/build/debug_pkg/prefix_override:/usr/lib/python3/dist-packages/colcon_core/task/python/colcon_distutils_commands:/home/amrl_sunny/ros2_autonomous_vehicle_simulation/install/debug_pkg/lib/python3.10/site-packages:/home/amrl_sunny/ros2_autonomous_vehicle_simulation/build/simulation_pkg:/home/amrl_sunny/ros2_autonomous_vehicle_simulation/install/simulation_pkg/lib/python3.10/site-packages:/home/amrl_sunny/ros2_autonomous_vehicle_simulation/build/debug_pkg:/home/amrl_sunny/ros2_autonomous_vehicle_simulation/install/debug_pkg/lib/python3.10/site-packages:/home/amrl_sunny/ros2_autonomous_vehicle_simulation/build/decision_making_pkg:/home/amrl_sunny/ros2_autonomous_vehicle_simulation/install/decision_making_pkg/lib/python3.10/site-packages:/home/amrl_sunny/ros2_autonomous_vehicle_simulation/build/camera_perception_pkg:/home/amrl_sunny/ros2_autonomous_vehicle_simulation/install/camera_perception_pkg/lib/python3.10/site-packages:/home/amrl_sunny/ros2_autonomous_vehicle_simulation/install/interfaces_pkg/local/lib/python3.10/dist-packages:/home/amrl_sunny/2025_jacapdi/build/simulation_pkg:/home/amrl_sunny/2025_jacapdi/install/simulation_pkg/lib/python3.10/site-packages:/home/amrl_sunny/2025_jacapdi/build/debug_pkg:/home/amrl_sunny/2025_jacapdi/install/debug_pkg/lib/python3.10/site-packages:/home/amrl_sunny/2025_jacapdi/build/decision_making_pkg:/home/amrl_sunny/2025_jacapdi/install/decision_making_pkg/lib/python3.10/site-packages:/home/amrl_sunny/2025_jacapdi/build/camera_perception_pkg:/home/amrl_sunny/2025_jacapdi/install/camera_perception_pkg/lib/python3.10/site-packages:/opt/ros/humble/lib/python3.10/site-packages:/opt/ros/humble/local/lib/python3.10/dist-packages', 'LC_NUMERIC': 'ko_KR.UTF-8', 'LC_PAPER': 'ko_KR.UTF-8', 'COLCON': '1', 'VTE_VERSION': '6800', 'CMAKE_PREFIX_PATH': '/home/amrl_sunny/ros2_autonomous_vehicle_simulation/install/interfaces_pkg'}, 'shell': False}
[0.900796] (-) TimerEvent: {}
[0.954917] (camera_perception_pkg) StdoutLine: {'line': b'running develop\n'}
[0.961582] (lidar_perception_pkg) StdoutLine: {'line': b'running develop\n'}
[0.962017] (decision_making_pkg) StdoutLine: {'line': b'running develop\n'}
[0.970972] (debug_pkg) StdoutLine: {'line': b'running develop\n'}
[1.000878] (-) TimerEvent: {}
[1.049934] (camera_perception_pkg) StdoutLine: {'line': b'running egg_info\n'}
[1.050289] (camera_perception_pkg) StdoutLine: {'line': b'writing camera_perception_pkg.egg-info/PKG-INFO\n'}
[1.050388] (camera_perception_pkg) StdoutLine: {'line': b'writing dependency_links to camera_perception_pkg.egg-info/dependency_links.txt\n'}
[1.050452] (camera_perception_pkg) StdoutLine: {'line': b'writing entry points to camera_perception_pkg.egg-info/entry_points.txt\n'}
[1.050512] (camera_perception_pkg) StdoutLine: {'line': b'writing requirements to camera_perception_pkg.egg-info/requires.txt\n'}
[1.050584] (camera_perception_pkg) StdoutLine: {'line': b'writing top-level names to camera_perception_pkg.egg-info/top_level.txt\n'}
[1.051630] (camera_perception_pkg) StdoutLine: {'line': b"reading manifest file 'camera_perception_pkg.egg-info/SOURCES.txt'\n"}
[1.052007] (camera_perception_pkg) StdoutLine: {'line': b"writing manifest file 'camera_perception_pkg.egg-info/SOURCES.txt'\n"}
[1.052789] (camera_perception_pkg) StdoutLine: {'line': b'running build_ext\n'}
[1.052990] (camera_perception_pkg) StdoutLine: {'line': b'Creating /home/amrl_sunny/ros2_autonomous_vehicle_simulation/install/camera_perception_pkg/lib/python3.10/site-packages/camera-perception-pkg.egg-link (link to .)\n'}
[1.053349] (camera_perception_pkg) StdoutLine: {'line': b'Installing crosswalk_detector_node script to /home/amrl_sunny/ros2_autonomous_vehicle_simulation/install/camera_perception_pkg/lib/camera_perception_pkg\n'}
[1.053426] (camera_perception_pkg) StdoutLine: {'line': b'Installing image_publisher_node script to /home/amrl_sunny/ros2_autonomous_vehicle_simulation/install/camera_perception_pkg/lib/camera_perception_pkg\n'}
[1.053493] (camera_perception_pkg) StdoutLine: {'line': b'Installing lane_info_extractor_node script to /home/amrl_sunny/ros2_autonomous_vehicle_simulation/install/camera_perception_pkg/lib/camera_perception_pkg\n'}
[1.053569] (camera_perception_pkg) StdoutLine: {'line': b'Installing traffic_light_detector_node script to /home/amrl_sunny/ros2_autonomous_vehicle_simulation/install/camera_perception_pkg/lib/camera_perception_pkg\n'}
[1.053624] (camera_perception_pkg) StdoutLine: {'line': b'Installing yolov8_node script to /home/amrl_sunny/ros2_autonomous_vehicle_simulation/install/camera_perception_pkg/lib/camera_perception_pkg\n'}
[1.053705] (camera_perception_pkg) StdoutLine: {'line': b'\n'}
[1.053758] (camera_perception_pkg) StdoutLine: {'line': b'Installed /home/amrl_sunny/ros2_autonomous_vehicle_simulation/build/camera_perception_pkg\n'}
[1.053809] (camera_perception_pkg) StdoutLine: {'line': b'running symlink_data\n'}
[1.056275] (lidar_perception_pkg) StdoutLine: {'line': b'running egg_info\n'}
[1.056402] (decision_making_pkg) StdoutLine: {'line': b'running egg_info\n'}
[1.056490] (lidar_perception_pkg) StdoutLine: {'line': b'writing lidar_perception_pkg.egg-info/PKG-INFO\n'}
[1.056546] (decision_making_pkg) StdoutLine: {'line': b'writing decision_making_pkg.egg-info/PKG-INFO\n'}
[1.056611] (lidar_perception_pkg) StdoutLine: {'line': b'writing dependency_links to lidar_perception_pkg.egg-info/dependency_links.txt\n'}
[1.056726] (decision_making_pkg) StdoutLine: {'line': b'writing dependency_links to decision_making_pkg.egg-info/dependency_links.txt\n'}
[1.056782] (decision_making_pkg) StdoutLine: {'line': b'writing entry points to decision_making_pkg.egg-info/entry_points.txt\n'}
[1.056833] (decision_making_pkg) StdoutLine: {'line': b'writing requirements to decision_making_pkg.egg-info/requires.txt\n'}
[1.056884] (decision_making_pkg) StdoutLine: {'line': b'writing top-level names to decision_making_pkg.egg-info/top_level.txt\n'}
[1.056934] (lidar_perception_pkg) StdoutLine: {'line': b'writing entry points to lidar_perception_pkg.egg-info/entry_points.txt\n'}
[1.056985] (lidar_perception_pkg) StdoutLine: {'line': b'writing requirements to lidar_perception_pkg.egg-info/requires.txt\n'}
[1.057036] (lidar_perception_pkg) StdoutLine: {'line': b'writing top-level names to lidar_perception_pkg.egg-info/top_level.txt\n'}
[1.057736] (lidar_perception_pkg) StdoutLine: {'line': b"reading manifest file 'lidar_perception_pkg.egg-info/SOURCES.txt'\n"}
[1.057826] (decision_making_pkg) StdoutLine: {'line': b"reading manifest file 'decision_making_pkg.egg-info/SOURCES.txt'\n"}
[1.058089] (lidar_perception_pkg) StdoutLine: {'line': b"writing manifest file 'lidar_perception_pkg.egg-info/SOURCES.txt'\n"}
[1.058165] (decision_making_pkg) StdoutLine: {'line': b"writing manifest file 'decision_making_pkg.egg-info/SOURCES.txt'\n"}
[1.058951] (lidar_perception_pkg) StdoutLine: {'line': b'running build_ext\n'}
[1.059030] (decision_making_pkg) StdoutLine: {'line': b'running build_ext\n'}
[1.059117] (lidar_perception_pkg) StdoutLine: {'line': b'Creating /home/amrl_sunny/ros2_autonomous_vehicle_simulation/install/lidar_perception_pkg/lib/python3.10/site-packages/lidar-perception-pkg.egg-link (link to .)\n'}
[1.059171] (decision_making_pkg) StdoutLine: {'line': b'Creating /home/amrl_sunny/ros2_autonomous_vehicle_simulation/install/decision_making_pkg/lib/python3.10/site-packages/decision-making-pkg.egg-link (link to .)\n'}
[1.059435] (lidar_perception_pkg) StdoutLine: {'line': b'Installing lidar_obstacle_detector_node script to /home/amrl_sunny/ros2_autonomous_vehicle_simulation/install/lidar_perception_pkg/lib/lidar_perception_pkg\n'}
[1.059508] (decision_making_pkg) StdoutLine: {'line': b'Installing motion_planner_node script to /home/amrl_sunny/ros2_autonomous_vehicle_simulation/install/decision_making_pkg/lib/decision_making_pkg\n'}
[1.059583] (decision_making_pkg) StdoutLine: {'line': b'Installing path_planner_node script to /home/amrl_sunny/ros2_autonomous_vehicle_simulation/install/decision_making_pkg/lib/decision_making_pkg\n'}
[1.059663] (lidar_perception_pkg) StdoutLine: {'line': b'Installing lidar_processor_node script to /home/amrl_sunny/ros2_autonomous_vehicle_simulation/install/lidar_perception_pkg/lib/lidar_perception_pkg\n'}
[1.059763] (lidar_perception_pkg) StdoutLine: {'line': b'Installing lidar_publisher_node script to /home/amrl_sunny/ros2_autonomous_vehicle_simulation/install/lidar_perception_pkg/lib/lidar_perception_pkg\n'}
[1.059821] (lidar_perception_pkg) StdoutLine: {'line': b'\n'}
[1.059874] (lidar_perception_pkg) StdoutLine: {'line': b'Installed /home/amrl_sunny/ros2_autonomous_vehicle_simulation/build/lidar_perception_pkg\n'}
[1.059929] (lidar_perception_pkg) StdoutLine: {'line': b'running symlink_data\n'}
[1.059983] (decision_making_pkg) StdoutLine: {'line': b'\n'}
[1.060042] (decision_making_pkg) StdoutLine: {'line': b'Installed /home/amrl_sunny/ros2_autonomous_vehicle_simulation/build/decision_making_pkg\n'}
[1.060094] (decision_making_pkg) StdoutLine: {'line': b'running symlink_data\n'}
[1.067551] (debug_pkg) StdoutLine: {'line': b'running egg_info\n'}
[1.067717] (debug_pkg) StdoutLine: {'line': b'writing debug_pkg.egg-info/PKG-INFO\n'}
[1.067922] (debug_pkg) StdoutLine: {'line': b'writing dependency_links to debug_pkg.egg-info/dependency_links.txt\n'}
[1.068016] (debug_pkg) StdoutLine: {'line': b'writing entry points to debug_pkg.egg-info/entry_points.txt\n'}
[1.068116] (debug_pkg) StdoutLine: {'line': b'writing requirements to debug_pkg.egg-info/requires.txt\n'}
[1.068203] (debug_pkg) StdoutLine: {'line': b'writing top-level names to debug_pkg.egg-info/top_level.txt\n'}
[1.069515] (debug_pkg) StdoutLine: {'line': b"reading manifest file 'debug_pkg.egg-info/SOURCES.txt'\n"}
[1.069927] (debug_pkg) StdoutLine: {'line': b"writing manifest file 'debug_pkg.egg-info/SOURCES.txt'\n"}
[1.071096] (debug_pkg) StdoutLine: {'line': b'running build_ext\n'}
[1.071248] (debug_pkg) StdoutLine: {'line': b'Creating /home/amrl_sunny/ros2_autonomous_vehicle_simulation/install/debug_pkg/lib/python3.10/site-packages/debug-pkg.egg-link (link to .)\n'}
[1.071675] (debug_pkg) StdoutLine: {'line': b'Installing image_saver_node script to /home/amrl_sunny/ros2_autonomous_vehicle_simulation/install/debug_pkg/lib/debug_pkg\n'}
[1.071785] (debug_pkg) StdoutLine: {'line': b'Installing path_visualizer_node script to /home/amrl_sunny/ros2_autonomous_vehicle_simulation/install/debug_pkg/lib/debug_pkg\n'}
[1.071862] (debug_pkg) StdoutLine: {'line': b'Installing yolov8_visualizer_node script to /home/amrl_sunny/ros2_autonomous_vehicle_simulation/install/debug_pkg/lib/debug_pkg\n'}
[1.071945] (debug_pkg) StdoutLine: {'line': b'\n'}
[1.071999] (debug_pkg) StdoutLine: {'line': b'Installed /home/amrl_sunny/ros2_autonomous_vehicle_simulation/build/debug_pkg\n'}
[1.072050] (debug_pkg) StdoutLine: {'line': b'running symlink_data\n'}
[1.075763] (camera_perception_pkg) CommandEnded: {'returncode': 0}
[1.081021] (camera_perception_pkg) JobEnded: {'identifier': 'camera_perception_pkg', 'rc': 0}
[1.087792] (lidar_perception_pkg) CommandEnded: {'returncode': 0}
[1.091725] (lidar_perception_pkg) JobEnded: {'identifier': 'lidar_perception_pkg', 'rc': 0}
[1.092434] (decision_making_pkg) CommandEnded: {'returncode': 0}
[1.095589] (decision_making_pkg) JobEnded: {'identifier': 'decision_making_pkg', 'rc': 0}
[1.097025] (debug_pkg) CommandEnded: {'returncode': 0}
[1.100184] (debug_pkg) JobEnded: {'identifier': 'debug_pkg', 'rc': 0}
[1.100601] (simulation_pkg) JobStarted: {'identifier': 'simulation_pkg'}
[1.101026] (-) TimerEvent: {}
[1.201144] (-) TimerEvent: {}
[1.301330] (-) TimerEvent: {}
[1.401514] (-) TimerEvent: {}
[1.441227] (simulation_pkg) Command: {'cmd': ['/usr/bin/python3', '-W', 'ignore:setup.py install is deprecated', '-W', 'ignore:easy_install command is deprecated', 'setup.py', 'develop', '--editable', '--build-directory', '/home/amrl_sunny/ros2_autonomous_vehicle_simulation/build/simulation_pkg/build', '--no-deps', 'symlink_data'], 'cwd': '/home/amrl_sunny/ros2_autonomous_vehicle_simulation/build/simulation_pkg', 'env': {'LESSOPEN': '| /usr/bin/lesspipe %s', 'LANGUAGE': 'ko:en', 'USER': 'amrl_sunny', 'LC_TIME': 'ko_KR.UTF-8', 'XDG_SESSION_TYPE': 'x11', 'SHLVL': '1', 'LD_LIBRARY_PATH': '/home/amrl_sunny/ros2_autonomous_vehicle_simulation/install/interfaces_pkg/lib:/opt/ros/humble/opt/rviz_ogre_vendor/lib:/usr/lib/x86_64-linux-gnu/gazebo-11/plugins:/opt/ros/humble/lib/x86_64-linux-gnu:/opt/ros/humble/lib', 'HOME': '/home/amrl_sunny', 'OLDPWD': '/home/amrl_sunny/ros2_autonomous_vehicle_simulation', 'DESKTOP_SESSION': 'ubuntu', 'ROS_PYTHON_VERSION': '3', 'GNOME_SHELL_SESSION_MODE': 'ubuntu', 'GTK_MODULES': 'gail:atk-bridge', 'XDG_SEAT_PATH': '/org/freedesktop/DisplayManager/Seat0', 'LC_MONETARY': 'ko_KR.UTF-8', 'SYSTEMD_EXEC_PID': '1883', 'DBUS_SESSION_BUS_ADDRESS': 'unix:path=/run/user/1000/bus', 'COLORTERM': 'truecolor', 'COLCON_PREFIX_PATH': '/home/amrl_sunny/ros2_autonomous_vehicle_simulation/install:/home/amrl_sunny/2025_jacapdi/install', 'ROS_DISTRO': 'humble', 'GTK_IM_MODULE': 'ibus', 'LOGNAME': 'amrl_sunny', '_': '/usr/bin/colcon', 'ROS_VERSION': '2', 'XDG_SESSION_CLASS': 'user', 'TERM': 'xterm-256color', 'GNOME_DESKTOP_SESSION_ID': 'this-is-deprecated', 'ROS_LOCALHOST_ONLY': '0', 'PATH': '/opt/ros/humble/bin:/home/amrl_sunny/.local/bin:/usr/local/sbin:/usr/local/bin:/usr/sbin:/usr/bin:/sbin:/bin:/usr/games:/usr/local/games:/snap/bin', 'SESSION_MANAGER': 'local/amrl-desktop:@/tmp/.ICE-unix/1667,unix/amrl-desktop:/tmp/.ICE-unix/1667', 'GDM_LANG': 'ko', 'PAPERSIZE': 'a4', 'XDG_SESSION_PATH': '/org/freedesktop/DisplayManager/Session0', 'XDG_MENU_PREFIX': 'gnome-', 'LC_ADDRESS': 'ko_KR.UTF-8', 'GNOME_TERMINAL_SCREEN': '/org/gnome/Terminal/screen/749011a1_a9ba_417b_92ef_a087b4eec115', 'XDG_RUNTIME_DIR': '/run/user/1000', 'DISPLAY': ':0', 'LANG': 'ko_KR.UTF-8', 'XDG_CURRENT_DESKTOP': 'ubuntu:GNOME', 'LC_TELEPHONE': 'ko_KR.UTF-8', 'XMODIFIERS': '@im=ibus', 'XDG_SESSION_DESKTOP': 'ubuntu', 'XAUTHORITY': '/home/amrl_sunny/.Xauthority', 'LS_COLORS': 'rs=0:di=01;34:ln=01;36:mh=00:pi=40;33:so=01;35:do=01;35:bd=40;33;01:cd=40;33;01:or=40;31;01:mi=00:su=37;41:sg=30;43:ca=30;41:tw=30;42:ow=34;42:st=37;44:ex=01;32:*.tar=01;31:*.tgz=01;31:*.arc=01;31:*.arj=01;31:*.taz=01;31:*.lha=01;31:*.lz4=01;31:*.lzh=01;31:*.lzma=01;31:*.tlz=01;31:*.txz=01;31:*.tzo=01;31:*.t7z=01;31:*.zip=01;31:*.z=01;31:*.dz=01;31:*.gz=01;31:*.lrz=01;31:*.lz=01;31:*.lzo=01;31:*.xz=01;31:*.zst=01;31:*.tzst=01;31:*.bz2=01;31:*.bz=01;31:*.tbz=01;31:*.tbz2=01;31:*.tz=01;31:*.deb=01;31:*.rpm=01;31:*.jar=01;31:*.war=01;31:*.ear=01;31:*.sar=01;31:*.rar=01;31:*.alz=01;31:*.ace=01;31:*.zoo=01;31:*.cpio=01;31:*.7z=01;31:*.rz=01;31:*.cab=01;31:*.wim=01;31:*.swm=01;31:*.dwm=01;31:*.esd=01;31:*.jpg=01;35:*.jpeg=01;35:*.mjpg=01;35:*.mjpeg=01;35:*.gif=01;35:*.bmp=01;35:*.pbm=01;35:*.pgm=01;35:*.ppm=01;35:*.tga=01;35:*.xbm=01;35:*.xpm=01;35:*.tif=01;35:*.tiff=01;35:*.png=01;35:*.svg=01;35:*.svgz=01;35:*.mng=01;35:*.pcx=01;35:*.mov=01;35:*.mpg=01;35:*.mpeg=01;35:*.m2v=01;35:*.mkv=01;35:*.webm=01;35:*.webp=01;35:*.ogm=01;35:*.mp4=01;35:*.m4v=01;35:*.mp4v=01;35:*.vob=01;35:*.qt=01;35:*.nuv=01;35:*.wmv=01;35:*.asf=01;35:*.rm=01;35:*.rmvb=01;35:*.flc=01;35:*.avi=01;35:*.fli=01;35:*.flv=01;35:*.gl=01;35:*.dl=01;35:*.xcf=01;35:*.xwd=01;35:*.yuv=01;35:*.cgm=01;35:*.emf=01;35:*.ogv=01;35:*.ogx=01;35:*.aac=00;36:*.au=00;36:*.flac=00;36:*.m4a=00;36:*.mid=00;36:*.midi=00;36:*.mka=00;36:*.mp3=00;36:*.mpc=00;36:*.ogg=00;36:*.ra=00;36:*.wav=00;36:*.oga=00;36:*.opus=00;36:*.spx=00;36:*.xspf=00;36:', 'GNOME_TERMINAL_SERVICE': ':1.30987', 'SSH_AGENT_LAUNCHER': 'gnome-keyring', 'SSH_AUTH_SOCK': '/run/user/1000/keyring/ssh', 'ROS_DOMAIN_ID': '0', 'XDG_GREETER_DATA_DIR': '/var/lib/lightdm-data/amrl_sunny', 'AMENT_PREFIX_PATH': '/home/amrl_sunny/ros2_autonomous_vehicle_simulation/install/decision_making_pkg:/home/amrl_sunny/ros2_autonomous_vehicle_simulation/install/debug_pkg:/home/amrl_sunny/ros2_autonomous_vehicle_simulation/install/camera_perception_pkg:/home/amrl_sunny/ros2_autonomous_vehicle_simulation/install/simulation_pkg:/home/amrl_sunny/ros2_autonomous_vehicle_simulation/install/interfaces_pkg:/home/amrl_sunny/2025_jacapdi/install/simulation_pkg:/home/amrl_sunny/2025_jacapdi/install/debug_pkg:/home/amrl_sunny/2025_jacapdi/install/decision_making_pkg:/home/amrl_sunny/2025_jacapdi/install/camera_perception_pkg:/opt/ros/humble', 'SHELL': '/bin/bash', 'LC_NAME': 'ko_KR.UTF-8', 'QT_ACCESSIBILITY': '1', 'GDMSESSION': 'ubuntu', 'LESSCLOSE': '/usr/bin/lesspipe %s %s', 'LC_MEASUREMENT': 'ko_KR.UTF-8', 'GPG_AGENT_INFO': '/run/user/1000/gnupg/S.gpg-agent:0:1', 'LC_IDENTIFICATION': 'ko_KR.UTF-8', 'QT_IM_MODULE': 'ibus', 'PWD': '/home/amrl_sunny/ros2_autonomous_vehicle_simulation/build/simulation_pkg', 'XDG_CONFIG_DIRS': '/etc/xdg/xdg-ubuntu:/etc/xdg', 'XDG_DATA_DIRS': '/usr/share/ubuntu:/usr/share/gnome:/usr/local/share:/usr/share:/var/lib/snapd/desktop', 'PYTHONPATH': '/home/amrl_sunny/ros2_autonomous_vehicle_simulation/build/simulation_pkg/prefix_override:/usr/lib/python3/dist-packages/colcon_core/task/python/colcon_distutils_commands:/home/amrl_sunny/ros2_autonomous_vehicle_simulation/install/simulation_pkg/lib/python3.10/site-packages:/home/amrl_sunny/ros2_autonomous_vehicle_simulation/build/decision_making_pkg:/home/amrl_sunny/ros2_autonomous_vehicle_simulation/install/decision_making_pkg/lib/python3.10/site-packages:/home/amrl_sunny/ros2_autonomous_vehicle_simulation/build/debug_pkg:/home/amrl_sunny/ros2_autonomous_vehicle_simulation/install/debug_pkg/lib/python3.10/site-packages:/home/amrl_sunny/ros2_autonomous_vehicle_simulation/build/camera_perception_pkg:/home/amrl_sunny/ros2_autonomous_vehicle_simulation/install/camera_perception_pkg/lib/python3.10/site-packages:/home/amrl_sunny/ros2_autonomous_vehicle_simulation/build/simulation_pkg:/home/amrl_sunny/ros2_autonomous_vehicle_simulation/install/simulation_pkg/lib/python3.10/site-packages:/home/amrl_sunny/ros2_autonomous_vehicle_simulation/install/interfaces_pkg/local/lib/python3.10/dist-packages:/home/amrl_sunny/2025_jacapdi/build/simulation_pkg:/home/amrl_sunny/2025_jacapdi/install/simulation_pkg/lib/python3.10/site-packages:/home/amrl_sunny/2025_jacapdi/build/debug_pkg:/home/amrl_sunny/2025_jacapdi/install/debug_pkg/lib/python3.10/site-packages:/home/amrl_sunny/2025_jacapdi/build/decision_making_pkg:/home/amrl_sunny/2025_jacapdi/install/decision_making_pkg/lib/python3.10/site-packages:/home/amrl_sunny/2025_jacapdi/build/camera_perception_pkg:/home/amrl_sunny/2025_jacapdi/install/camera_perception_pkg/lib/python3.10/site-packages:/opt/ros/humble/lib/python3.10/site-packages:/opt/ros/humble/local/lib/python3.10/dist-packages', 'LC_NUMERIC': 'ko_KR.UTF-8', 'LC_PAPER': 'ko_KR.UTF-8', 'COLCON': '1', 'VTE_VERSION': '6800', 'CMAKE_PREFIX_PATH': '/home/amrl_sunny/ros2_autonomous_vehicle_simulation/install/interfaces_pkg'}, 'shell': False}
[1.501589] (-) TimerEvent: {}
[1.583175] (simulation_pkg) StdoutLine: {'line': b'running develop\n'}
[1.601646] (-) TimerEvent: {}
[1.676876] (simulation_pkg) StdoutLine: {'line': b'running egg_info\n'}
[1.677065] (simulation_pkg) StdoutLine: {'line': b'writing simulation_pkg.egg-info/PKG-INFO\n'}
[1.677143] (simulation_pkg) StdoutLine: {'line': b'writing dependency_links to simulation_pkg.egg-info/dependency_links.txt\n'}
[1.677234] (simulation_pkg) StdoutLine: {'line': b'writing entry points to simulation_pkg.egg-info/entry_points.txt\n'}
[1.677260] (simulation_pkg) StdoutLine: {'line': b'writing requirements to simulation_pkg.egg-info/requires.txt\n'}
[1.677302] (simulation_pkg) StdoutLine: {'line': b'writing top-level names to simulation_pkg.egg-info/top_level.txt\n'}
[1.678180] (simulation_pkg) StdoutLine: {'line': b"reading manifest file 'simulation_pkg.egg-info/SOURCES.txt'\n"}
[1.678563] (simulation_pkg) StdoutLine: {'line': b"writing manifest file 'simulation_pkg.egg-info/SOURCES.txt'\n"}
[1.679303] (simulation_pkg) StdoutLine: {'line': b'running build_ext\n'}
[1.679409] (simulation_pkg) StdoutLine: {'line': b'Creating /home/amrl_sunny/ros2_autonomous_vehicle_simulation/install/simulation_pkg/lib/python3.10/site-packages/simulation-pkg.egg-link (link to .)\n'}
[1.679791] (simulation_pkg) StdoutLine: {'line': b'Installing data_collection_node script to /home/amrl_sunny/ros2_autonomous_vehicle_simulation/install/simulation_pkg/lib/simulation_pkg\n'}
[1.679872] (simulation_pkg) StdoutLine: {'line': b'Installing draw_trajectory_node script to /home/amrl_sunny/ros2_autonomous_vehicle_simulation/install/simulation_pkg/lib/simulation_pkg\n'}
[1.679913] (simulation_pkg) StdoutLine: {'line': b'Installing load_ego_car_node script to /home/amrl_sunny/ros2_autonomous_vehicle_simulation/install/simulation_pkg/lib/simulation_pkg\n'}
[1.679950] (simulation_pkg) StdoutLine: {'line': b'Installing load_obstable_car_node script to /home/amrl_sunny/ros2_autonomous_vehicle_simulation/install/simulation_pkg/lib/simulation_pkg\n'}
[1.679989] (simulation_pkg) StdoutLine: {'line': b'Installing load_parking_car_node script to /home/amrl_sunny/ros2_autonomous_vehicle_simulation/install/simulation_pkg/lib/simulation_pkg\n'}
[1.680030] (simulation_pkg) StdoutLine: {'line': b'Installing load_traffic_light_node script to /home/amrl_sunny/ros2_autonomous_vehicle_simulation/install/simulation_pkg/lib/simulation_pkg\n'}
[1.680060] (simulation_pkg) StdoutLine: {'line': b'Installing sim_debug_node script to /home/amrl_sunny/ros2_autonomous_vehicle_simulation/install/simulation_pkg/lib/simulation_pkg\n'}
[1.680081] (simulation_pkg) StdoutLine: {'line': b'Installing sim_lane_info_extractor_node script to /home/amrl_sunny/ros2_autonomous_vehicle_simulation/install/simulation_pkg/lib/simulation_pkg\n'}
[1.680115] (simulation_pkg) StdoutLine: {'line': b'Installing sim_lidar_obstacle_detector_node script to /home/amrl_sunny/ros2_autonomous_vehicle_simulation/install/simulation_pkg/lib/simulation_pkg\n'}
[1.680158] (simulation_pkg) StdoutLine: {'line': b'Installing sim_lidar_processor_node script to /home/amrl_sunny/ros2_autonomous_vehicle_simulation/install/simulation_pkg/lib/simulation_pkg\n'}
[1.680184] (simulation_pkg) StdoutLine: {'line': b'Installing sim_motion_planner_node script to /home/amrl_sunny/ros2_autonomous_vehicle_simulation/install/simulation_pkg/lib/simulation_pkg\n'}
[1.680222] (simulation_pkg) StdoutLine: {'line': b'Installing sim_simulation_sender_node script to /home/amrl_sunny/ros2_autonomous_vehicle_simulation/install/simulation_pkg/lib/simulation_pkg\n'}
[1.680262] (simulation_pkg) StdoutLine: {'line': b'Installing sim_traffic_light_detector_node script to /home/amrl_sunny/ros2_autonomous_vehicle_simulation/install/simulation_pkg/lib/simulation_pkg\n'}
[1.680292] (simulation_pkg) StdoutLine: {'line': b'Installing sim_yolov8_node script to /home/amrl_sunny/ros2_autonomous_vehicle_simulation/install/simulation_pkg/lib/simulation_pkg\n'}
[1.680314] (simulation_pkg) StdoutLine: {'line': b'Installing sonar_processor_node script to /home/amrl_sunny/ros2_autonomous_vehicle_simulation/install/simulation_pkg/lib/simulation_pkg\n'}
[1.680335] (simulation_pkg) StdoutLine: {'line': b'Installing timer_based_obstacle_mover script to /home/amrl_sunny/ros2_autonomous_vehicle_simulation/install/simulation_pkg/lib/simulation_pkg\n'}
[1.680379] (simulation_pkg) StdoutLine: {'line': b'Installing video_recording_node script to /home/amrl_sunny/ros2_autonomous_vehicle_simulation/install/simulation_pkg/lib/simulation_pkg\n'}
[1.680403] (simulation_pkg) StdoutLine: {'line': b'\n'}
[1.680426] (simulation_pkg) StdoutLine: {'line': b'Installed /home/amrl_sunny/ros2_autonomous_vehicle_simulation/build/simulation_pkg\n'}
[1.680463] (simulation_pkg) StdoutLine: {'line': b'running symlink_data\n'}
[1.697179] (simulation_pkg) CommandEnded: {'returncode': 0}
[1.700802] (simulation_pkg) JobEnded: {'identifier': 'simulation_pkg', 'rc': 0}
[1.701103] (-) EventReactorShutdown: {}
