[0.000000] (-) TimerEvent: {}
[0.000193] (camera_perception_pkg) JobQueued: {'identifier': 'camera_perception_pkg', 'dependencies': OrderedDict()}
[0.000572] (debug_pkg) JobQueued: {'identifier': 'debug_pkg', 'dependencies': OrderedDict()}
[0.000622] (decision_making_pkg) JobQueued: {'identifier': 'decision_making_pkg', 'dependencies': OrderedDict()}
[0.000649] (interfaces_pkg) JobQueued: {'identifier': 'interfaces_pkg', 'dependencies': OrderedDict()}
[0.000699] (lidar_perception_pkg) JobQueued: {'identifier': 'lidar_perception_pkg', 'dependencies': OrderedDict()}
[0.000717] (simulation_pkg) JobQueued: {'identifier': 'simulation_pkg', 'dependencies': OrderedDict([('camera_perception_pkg', '/home/amrl_sunny/ros2_autonomous_vehicle_simulation/install/camera_perception_pkg'), ('debug_pkg', '/home/amrl_sunny/ros2_autonomous_vehicle_simulation/install/debug_pkg'), ('decision_making_pkg', '/home/amrl_sunny/ros2_autonomous_vehicle_simulation/install/decision_making_pkg'), ('interfaces_pkg', '/home/amrl_sunny/ros2_autonomous_vehicle_simulation/install/interfaces_pkg')])}
[0.000740] (camera_perception_pkg) JobStarted: {'identifier': 'camera_perception_pkg'}
[0.004452] (debug_pkg) JobStarted: {'identifier': 'debug_pkg'}
[0.006948] (decision_making_pkg) JobStarted: {'identifier': 'decision_making_pkg'}
[0.009479] (interfaces_pkg) JobStarted: {'identifier': 'interfaces_pkg'}
[0.011380] (lidar_perception_pkg) JobStarted: {'identifier': 'lidar_perception_pkg'}
[0.099972] (-) TimerEvent: {}
[0.200247] (-) TimerEvent: {}
[0.300562] (-) TimerEvent: {}
[0.400874] (-) TimerEvent: {}
[0.460055] (interfaces_pkg) JobProgress: {'identifier': 'interfaces_pkg', 'progress': 'cmake'}
[0.460939] (interfaces_pkg) JobProgress: {'identifier': 'interfaces_pkg', 'progress': 'build'}
[0.461047] (interfaces_pkg) Command: {'cmd': ['/usr/bin/cmake', '--build', '/home/amrl_sunny/ros2_autonomous_vehicle_simulation/build/interfaces_pkg', '--', '-j20', '-l20'], 'cwd': '/home/amrl_sunny/ros2_autonomous_vehicle_simulation/build/interfaces_pkg', 'env': OrderedDict([('LESSOPEN', '| /usr/bin/lesspipe %s'), ('LANGUAGE', 'ko:en'), ('USER', 'amrl_sunny'), ('LC_TIME', 'ko_KR.UTF-8'), ('XDG_SESSION_TYPE', 'x11'), ('SHLVL', '1'), ('LD_LIBRARY_PATH', '/home/amrl_sunny/ros2_autonomous_vehicle_simulation/install/interfaces_pkg/lib:/opt/ros/humble/opt/rviz_ogre_vendor/lib:/usr/lib/x86_64-linux-gnu/gazebo-11/plugins:/opt/ros/humble/lib/x86_64-linux-gnu:/opt/ros/humble/lib'), ('HOME', '/home/amrl_sunny'), ('OLDPWD', '/home/amrl_sunny/ros2_autonomous_vehicle_simulation/install'), ('DESKTOP_SESSION', 'ubuntu'), ('ROS_PYTHON_VERSION', '3'), ('GNOME_SHELL_SESSION_MODE', 'ubuntu'), ('GTK_MODULES', 'gail:atk-bridge'), ('XDG_SEAT_PATH', '/org/freedesktop/DisplayManager/Seat0'), ('LC_MONETARY', 'ko_KR.UTF-8'), ('SYSTEMD_EXEC_PID', '1883'), ('DBUS_SESSION_BUS_ADDRESS', 'unix:path=/run/user/1000/bus'), ('COLORTERM', 'truecolor'), ('COLCON_PREFIX_PATH', '/home/amrl_sunny/ros2_autonomous_vehicle_simulation/install:/home/amrl_sunny/2025_jacapdi/install'), ('ROS_DISTRO', 'humble'), ('GTK_IM_MODULE', 'ibus'), ('LOGNAME', 'amrl_sunny'), ('_', '/usr/bin/colcon'), ('ROS_VERSION', '2'), ('XDG_SESSION_CLASS', 'user'), ('TERM', 'xterm-256color'), ('GNOME_DESKTOP_SESSION_ID', 'this-is-deprecated'), ('ROS_LOCALHOST_ONLY', '0'), ('PATH', '/opt/ros/humble/bin:/home/amrl_sunny/.local/bin:/usr/local/sbin:/usr/local/bin:/usr/sbin:/usr/bin:/sbin:/bin:/usr/games:/usr/local/games:/snap/bin'), ('SESSION_MANAGER', 'local/amrl-desktop:@/tmp/.ICE-unix/1667,unix/amrl-desktop:/tmp/.ICE-unix/1667'), ('GDM_LANG', 'ko'), ('PAPERSIZE', 'a4'), ('XDG_SESSION_PATH', '/org/freedesktop/DisplayManager/Session0'), ('XDG_MENU_PREFIX', 'gnome-'), ('LC_ADDRESS', 'ko_KR.UTF-8'), ('GNOME_TERMINAL_SCREEN', '/org/gnome/Terminal/screen/749011a1_a9ba_417b_92ef_a087b4eec115'), ('XDG_RUNTIME_DIR', '/run/user/1000'), ('DISPLAY', ':0'), ('LANG', 'ko_KR.UTF-8'), ('XDG_CURRENT_DESKTOP', 'ubuntu:GNOME'), ('LC_TELEPHONE', 'ko_KR.UTF-8'), ('XMODIFIERS', '@im=ibus'), ('XDG_SESSION_DESKTOP', 'ubuntu'), ('XAUTHORITY', '/home/amrl_sunny/.Xauthority'), ('LS_COLORS', 'rs=0:di=01;34:ln=01;36:mh=00:pi=40;33:so=01;35:do=01;35:bd=40;33;01:cd=40;33;01:or=40;31;01:mi=00:su=37;41:sg=30;43:ca=30;41:tw=30;42:ow=34;42:st=37;44:ex=01;32:*.tar=01;31:*.tgz=01;31:*.arc=01;31:*.arj=01;31:*.taz=01;31:*.lha=01;31:*.lz4=01;31:*.lzh=01;31:*.lzma=01;31:*.tlz=01;31:*.txz=01;31:*.tzo=01;31:*.t7z=01;31:*.zip=01;31:*.z=01;31:*.dz=01;31:*.gz=01;31:*.lrz=01;31:*.lz=01;31:*.lzo=01;31:*.xz=01;31:*.zst=01;31:*.tzst=01;31:*.bz2=01;31:*.bz=01;31:*.tbz=01;31:*.tbz2=01;31:*.tz=01;31:*.deb=01;31:*.rpm=01;31:*.jar=01;31:*.war=01;31:*.ear=01;31:*.sar=01;31:*.rar=01;31:*.alz=01;31:*.ace=01;31:*.zoo=01;31:*.cpio=01;31:*.7z=01;31:*.rz=01;31:*.cab=01;31:*.wim=01;31:*.swm=01;31:*.dwm=01;31:*.esd=01;31:*.jpg=01;35:*.jpeg=01;35:*.mjpg=01;35:*.mjpeg=01;35:*.gif=01;35:*.bmp=01;35:*.pbm=01;35:*.pgm=01;35:*.ppm=01;35:*.tga=01;35:*.xbm=01;35:*.xpm=01;35:*.tif=01;35:*.tiff=01;35:*.png=01;35:*.svg=01;35:*.svgz=01;35:*.mng=01;35:*.pcx=01;35:*.mov=01;35:*.mpg=01;35:*.mpeg=01;35:*.m2v=01;35:*.mkv=01;35:*.webm=01;35:*.webp=01;35:*.ogm=01;35:*.mp4=01;35:*.m4v=01;35:*.mp4v=01;35:*.vob=01;35:*.qt=01;35:*.nuv=01;35:*.wmv=01;35:*.asf=01;35:*.rm=01;35:*.rmvb=01;35:*.flc=01;35:*.avi=01;35:*.fli=01;35:*.flv=01;35:*.gl=01;35:*.dl=01;35:*.xcf=01;35:*.xwd=01;35:*.yuv=01;35:*.cgm=01;35:*.emf=01;35:*.ogv=01;35:*.ogx=01;35:*.aac=00;36:*.au=00;36:*.flac=00;36:*.m4a=00;36:*.mid=00;36:*.midi=00;36:*.mka=00;36:*.mp3=00;36:*.mpc=00;36:*.ogg=00;36:*.ra=00;36:*.wav=00;36:*.oga=00;36:*.opus=00;36:*.spx=00;36:*.xspf=00;36:'), ('GNOME_TERMINAL_SERVICE', ':1.30987'), ('SSH_AGENT_LAUNCHER', 'gnome-keyring'), ('SSH_AUTH_SOCK', '/run/user/1000/keyring/ssh'), ('ROS_DOMAIN_ID', '0'), ('XDG_GREETER_DATA_DIR', '/var/lib/lightdm-data/amrl_sunny'), ('AMENT_PREFIX_PATH', '/home/amrl_sunny/ros2_autonomous_vehicle_simulation/install/lidar_perception_pkg:/home/amrl_sunny/ros2_autonomous_vehicle_simulation/install/simulation_pkg:/home/amrl_sunny/ros2_autonomous_vehicle_simulation/install/debug_pkg:/home/amrl_sunny/ros2_autonomous_vehicle_simulation/install/decision_making_pkg:/home/amrl_sunny/ros2_autonomous_vehicle_simulation/install/camera_perception_pkg:/home/amrl_sunny/ros2_autonomous_vehicle_simulation/install/interfaces_pkg:/home/amrl_sunny/2025_jacapdi/install/simulation_pkg:/home/amrl_sunny/2025_jacapdi/install/debug_pkg:/home/amrl_sunny/2025_jacapdi/install/decision_making_pkg:/home/amrl_sunny/2025_jacapdi/install/camera_perception_pkg:/opt/ros/humble'), ('SHELL', '/bin/bash'), ('LC_NAME', 'ko_KR.UTF-8'), ('QT_ACCESSIBILITY', '1'), ('GDMSESSION', 'ubuntu'), ('LESSCLOSE', '/usr/bin/lesspipe %s %s'), ('LC_MEASUREMENT', 'ko_KR.UTF-8'), ('GPG_AGENT_INFO', '/run/user/1000/gnupg/S.gpg-agent:0:1'), ('LC_IDENTIFICATION', 'ko_KR.UTF-8'), ('QT_IM_MODULE', 'ibus'), ('PWD', '/home/amrl_sunny/ros2_autonomous_vehicle_simulation/build/interfaces_pkg'), ('XDG_CONFIG_DIRS', '/etc/xdg/xdg-ubuntu:/etc/xdg'), ('XDG_DATA_DIRS', '/usr/share/ubuntu:/usr/share/gnome:/usr/local/share:/usr/share:/var/lib/snapd/desktop'), ('PYTHONPATH', '/home/amrl_sunny/ros2_autonomous_vehicle_simulation/build/lidar_perception_pkg:/home/amrl_sunny/ros2_autonomous_vehicle_simulation/install/lidar_perception_pkg/lib/python3.10/site-packages:/home/amrl_sunny/ros2_autonomous_vehicle_simulation/build/simulation_pkg:/home/amrl_sunny/ros2_autonomous_vehicle_simulation/install/simulation_pkg/lib/python3.10/site-packages:/home/amrl_sunny/ros2_autonomous_vehicle_simulation/build/debug_pkg:/home/amrl_sunny/ros2_autonomous_vehicle_simulation/install/debug_pkg/lib/python3.10/site-packages:/home/amrl_sunny/ros2_autonomous_vehicle_simulation/build/decision_making_pkg:/home/amrl_sunny/ros2_autonomous_vehicle_simulation/install/decision_making_pkg/lib/python3.10/site-packages:/home/amrl_sunny/ros2_autonomous_vehicle_simulation/build/camera_perception_pkg:/home/amrl_sunny/ros2_autonomous_vehicle_simulation/install/camera_perception_pkg/lib/python3.10/site-packages:/home/amrl_sunny/ros2_autonomous_vehicle_simulation/install/interfaces_pkg/local/lib/python3.10/dist-packages:/home/amrl_sunny/2025_jacapdi/build/simulation_pkg:/home/amrl_sunny/2025_jacapdi/install/simulation_pkg/lib/python3.10/site-packages:/home/amrl_sunny/2025_jacapdi/build/debug_pkg:/home/amrl_sunny/2025_jacapdi/install/debug_pkg/lib/python3.10/site-packages:/home/amrl_sunny/2025_jacapdi/build/decision_making_pkg:/home/amrl_sunny/2025_jacapdi/install/decision_making_pkg/lib/python3.10/site-packages:/home/amrl_sunny/2025_jacapdi/build/camera_perception_pkg:/home/amrl_sunny/2025_jacapdi/install/camera_perception_pkg/lib/python3.10/site-packages:/opt/ros/humble/lib/python3.10/site-packages:/opt/ros/humble/local/lib/python3.10/dist-packages'), ('LC_NUMERIC', 'ko_KR.UTF-8'), ('LC_PAPER', 'ko_KR.UTF-8'), ('COLCON', '1'), ('VTE_VERSION', '6800'), ('CMAKE_PREFIX_PATH', '/home/amrl_sunny/ros2_autonomous_vehicle_simulation/install/interfaces_pkg:/home/amrl_sunny/ros2_autonomous_vehicle_simulation/install/lidar_perception_pkg:/home/amrl_sunny/ros2_autonomous_vehicle_simulation/install/simulation_pkg:/home/amrl_sunny/ros2_autonomous_vehicle_simulation/install/debug_pkg:/home/amrl_sunny/ros2_autonomous_vehicle_simulation/install/decision_making_pkg:/home/amrl_sunny/ros2_autonomous_vehicle_simulation/install/camera_perception_pkg:/home/amrl_sunny/2025_jacapdi/install/simulation_pkg:/home/amrl_sunny/2025_jacapdi/install/debug_pkg:/home/amrl_sunny/2025_jacapdi/install/decision_making_pkg:/home/amrl_sunny/2025_jacapdi/install/camera_perception_pkg:/opt/ros/humble')]), 'shell': False}
[0.497976] (interfaces_pkg) StdoutLine: {'line': b'[  0%] Built target interfaces_pkg__cpp\n'}
[0.499609] (interfaces_pkg) StdoutLine: {'line': b'[  0%] Built target ament_cmake_python_symlink_interfaces_pkg\n'}
[0.500965] (-) TimerEvent: {}
[0.502003] (interfaces_pkg) StdoutLine: {'line': b'[ 12%] Built target interfaces_pkg__rosidl_generator_c\n'}
[0.514911] (interfaces_pkg) StdoutLine: {'line': b'[ 24%] Built target interfaces_pkg__rosidl_typesupport_cpp\n'}
[0.516641] (interfaces_pkg) StdoutLine: {'line': b'[ 36%] Built target interfaces_pkg__rosidl_typesupport_c\n'}
[0.517479] (interfaces_pkg) StdoutLine: {'line': b'[ 48%] Built target interfaces_pkg__rosidl_typesupport_introspection_c\n'}
[0.518235] (interfaces_pkg) StdoutLine: {'line': b'[ 60%] Built target interfaces_pkg__rosidl_typesupport_fastrtps_cpp\n'}
[0.519012] (interfaces_pkg) StdoutLine: {'line': b'[ 72%] Built target interfaces_pkg__rosidl_typesupport_introspection_cpp\n'}
[0.522769] (interfaces_pkg) StdoutLine: {'line': b'[ 84%] Built target interfaces_pkg__rosidl_typesupport_fastrtps_c\n'}
[0.534288] (interfaces_pkg) StdoutLine: {'line': b'[ 84%] Built target interfaces_pkg\n'}
[0.546982] (interfaces_pkg) StdoutLine: {'line': b'[ 85%] Built target interfaces_pkg__py\n'}
[0.562874] (interfaces_pkg) StdoutLine: {'line': b'[ 96%] Built target interfaces_pkg__rosidl_generator_py\n'}
[0.576868] (interfaces_pkg) StdoutLine: {'line': b'[ 97%] Built target interfaces_pkg__rosidl_typesupport_fastrtps_c__pyext\n'}
[0.577980] (interfaces_pkg) StdoutLine: {'line': b'[ 99%] Built target interfaces_pkg__rosidl_typesupport_introspection_c__pyext\n'}
[0.578292] (interfaces_pkg) StdoutLine: {'line': b'[100%] Built target interfaces_pkg__rosidl_typesupport_c__pyext\n'}
[0.601038] (-) TimerEvent: {}
[0.639210] (interfaces_pkg) StdoutLine: {'line': b'running egg_info\n'}
[0.639542] (interfaces_pkg) StdoutLine: {'line': b'writing interfaces_pkg.egg-info/PKG-INFO\n'}
[0.639644] (interfaces_pkg) StdoutLine: {'line': b'writing dependency_links to interfaces_pkg.egg-info/dependency_links.txt\n'}
[0.639729] (interfaces_pkg) StdoutLine: {'line': b'writing top-level names to interfaces_pkg.egg-info/top_level.txt\n'}
[0.640926] (interfaces_pkg) StdoutLine: {'line': b"reading manifest file 'interfaces_pkg.egg-info/SOURCES.txt'\n"}
[0.641298] (interfaces_pkg) StdoutLine: {'line': b"writing manifest file 'interfaces_pkg.egg-info/SOURCES.txt'\n"}
[0.659336] (interfaces_pkg) StdoutLine: {'line': b'[100%] Built target ament_cmake_python_build_interfaces_pkg_egg\n'}
[0.668568] (interfaces_pkg) CommandEnded: {'returncode': 0}
[0.668950] (interfaces_pkg) JobProgress: {'identifier': 'interfaces_pkg', 'progress': 'install'}
[0.674940] (interfaces_pkg) Command: {'cmd': ['/usr/bin/cmake', '--install', '/home/amrl_sunny/ros2_autonomous_vehicle_simulation/build/interfaces_pkg'], 'cwd': '/home/amrl_sunny/ros2_autonomous_vehicle_simulation/build/interfaces_pkg', 'env': OrderedDict([('LESSOPEN', '| /usr/bin/lesspipe %s'), ('LANGUAGE', 'ko:en'), ('USER', 'amrl_sunny'), ('LC_TIME', 'ko_KR.UTF-8'), ('XDG_SESSION_TYPE', 'x11'), ('SHLVL', '1'), ('LD_LIBRARY_PATH', '/home/amrl_sunny/ros2_autonomous_vehicle_simulation/install/interfaces_pkg/lib:/opt/ros/humble/opt/rviz_ogre_vendor/lib:/usr/lib/x86_64-linux-gnu/gazebo-11/plugins:/opt/ros/humble/lib/x86_64-linux-gnu:/opt/ros/humble/lib'), ('HOME', '/home/amrl_sunny'), ('OLDPWD', '/home/amrl_sunny/ros2_autonomous_vehicle_simulation/install'), ('DESKTOP_SESSION', 'ubuntu'), ('ROS_PYTHON_VERSION', '3'), ('GNOME_SHELL_SESSION_MODE', 'ubuntu'), ('GTK_MODULES', 'gail:atk-bridge'), ('XDG_SEAT_PATH', '/org/freedesktop/DisplayManager/Seat0'), ('LC_MONETARY', 'ko_KR.UTF-8'), ('SYSTEMD_EXEC_PID', '1883'), ('DBUS_SESSION_BUS_ADDRESS', 'unix:path=/run/user/1000/bus'), ('COLORTERM', 'truecolor'), ('COLCON_PREFIX_PATH', '/home/amrl_sunny/ros2_autonomous_vehicle_simulation/install:/home/amrl_sunny/2025_jacapdi/install'), ('ROS_DISTRO', 'humble'), ('GTK_IM_MODULE', 'ibus'), ('LOGNAME', 'amrl_sunny'), ('_', '/usr/bin/colcon'), ('ROS_VERSION', '2'), ('XDG_SESSION_CLASS', 'user'), ('TERM', 'xterm-256color'), ('GNOME_DESKTOP_SESSION_ID', 'this-is-deprecated'), ('ROS_LOCALHOST_ONLY', '0'), ('PATH', '/opt/ros/humble/bin:/home/amrl_sunny/.local/bin:/usr/local/sbin:/usr/local/bin:/usr/sbin:/usr/bin:/sbin:/bin:/usr/games:/usr/local/games:/snap/bin'), ('SESSION_MANAGER', 'local/amrl-desktop:@/tmp/.ICE-unix/1667,unix/amrl-desktop:/tmp/.ICE-unix/1667'), ('GDM_LANG', 'ko'), ('PAPERSIZE', 'a4'), ('XDG_SESSION_PATH', '/org/freedesktop/DisplayManager/Session0'), ('XDG_MENU_PREFIX', 'gnome-'), ('LC_ADDRESS', 'ko_KR.UTF-8'), ('GNOME_TERMINAL_SCREEN', '/org/gnome/Terminal/screen/749011a1_a9ba_417b_92ef_a087b4eec115'), ('XDG_RUNTIME_DIR', '/run/user/1000'), ('DISPLAY', ':0'), ('LANG', 'ko_KR.UTF-8'), ('XDG_CURRENT_DESKTOP', 'ubuntu:GNOME'), ('LC_TELEPHONE', 'ko_KR.UTF-8'), ('XMODIFIERS', '@im=ibus'), ('XDG_SESSION_DESKTOP', 'ubuntu'), ('XAUTHORITY', '/home/amrl_sunny/.Xauthority'), ('LS_COLORS', 'rs=0:di=01;34:ln=01;36:mh=00:pi=40;33:so=01;35:do=01;35:bd=40;33;01:cd=40;33;01:or=40;31;01:mi=00:su=37;41:sg=30;43:ca=30;41:tw=30;42:ow=34;42:st=37;44:ex=01;32:*.tar=01;31:*.tgz=01;31:*.arc=01;31:*.arj=01;31:*.taz=01;31:*.lha=01;31:*.lz4=01;31:*.lzh=01;31:*.lzma=01;31:*.tlz=01;31:*.txz=01;31:*.tzo=01;31:*.t7z=01;31:*.zip=01;31:*.z=01;31:*.dz=01;31:*.gz=01;31:*.lrz=01;31:*.lz=01;31:*.lzo=01;31:*.xz=01;31:*.zst=01;31:*.tzst=01;31:*.bz2=01;31:*.bz=01;31:*.tbz=01;31:*.tbz2=01;31:*.tz=01;31:*.deb=01;31:*.rpm=01;31:*.jar=01;31:*.war=01;31:*.ear=01;31:*.sar=01;31:*.rar=01;31:*.alz=01;31:*.ace=01;31:*.zoo=01;31:*.cpio=01;31:*.7z=01;31:*.rz=01;31:*.cab=01;31:*.wim=01;31:*.swm=01;31:*.dwm=01;31:*.esd=01;31:*.jpg=01;35:*.jpeg=01;35:*.mjpg=01;35:*.mjpeg=01;35:*.gif=01;35:*.bmp=01;35:*.pbm=01;35:*.pgm=01;35:*.ppm=01;35:*.tga=01;35:*.xbm=01;35:*.xpm=01;35:*.tif=01;35:*.tiff=01;35:*.png=01;35:*.svg=01;35:*.svgz=01;35:*.mng=01;35:*.pcx=01;35:*.mov=01;35:*.mpg=01;35:*.mpeg=01;35:*.m2v=01;35:*.mkv=01;35:*.webm=01;35:*.webp=01;35:*.ogm=01;35:*.mp4=01;35:*.m4v=01;35:*.mp4v=01;35:*.vob=01;35:*.qt=01;35:*.nuv=01;35:*.wmv=01;35:*.asf=01;35:*.rm=01;35:*.rmvb=01;35:*.flc=01;35:*.avi=01;35:*.fli=01;35:*.flv=01;35:*.gl=01;35:*.dl=01;35:*.xcf=01;35:*.xwd=01;35:*.yuv=01;35:*.cgm=01;35:*.emf=01;35:*.ogv=01;35:*.ogx=01;35:*.aac=00;36:*.au=00;36:*.flac=00;36:*.m4a=00;36:*.mid=00;36:*.midi=00;36:*.mka=00;36:*.mp3=00;36:*.mpc=00;36:*.ogg=00;36:*.ra=00;36:*.wav=00;36:*.oga=00;36:*.opus=00;36:*.spx=00;36:*.xspf=00;36:'), ('GNOME_TERMINAL_SERVICE', ':1.30987'), ('SSH_AGENT_LAUNCHER', 'gnome-keyring'), ('SSH_AUTH_SOCK', '/run/user/1000/keyring/ssh'), ('ROS_DOMAIN_ID', '0'), ('XDG_GREETER_DATA_DIR', '/var/lib/lightdm-data/amrl_sunny'), ('AMENT_PREFIX_PATH', '/home/amrl_sunny/ros2_autonomous_vehicle_simulation/install/lidar_perception_pkg:/home/amrl_sunny/ros2_autonomous_vehicle_simulation/install/simulation_pkg:/home/amrl_sunny/ros2_autonomous_vehicle_simulation/install/debug_pkg:/home/amrl_sunny/ros2_autonomous_vehicle_simulation/install/decision_making_pkg:/home/amrl_sunny/ros2_autonomous_vehicle_simulation/install/camera_perception_pkg:/home/amrl_sunny/ros2_autonomous_vehicle_simulation/install/interfaces_pkg:/home/amrl_sunny/2025_jacapdi/install/simulation_pkg:/home/amrl_sunny/2025_jacapdi/install/debug_pkg:/home/amrl_sunny/2025_jacapdi/install/decision_making_pkg:/home/amrl_sunny/2025_jacapdi/install/camera_perception_pkg:/opt/ros/humble'), ('SHELL', '/bin/bash'), ('LC_NAME', 'ko_KR.UTF-8'), ('QT_ACCESSIBILITY', '1'), ('GDMSESSION', 'ubuntu'), ('LESSCLOSE', '/usr/bin/lesspipe %s %s'), ('LC_MEASUREMENT', 'ko_KR.UTF-8'), ('GPG_AGENT_INFO', '/run/user/1000/gnupg/S.gpg-agent:0:1'), ('LC_IDENTIFICATION', 'ko_KR.UTF-8'), ('QT_IM_MODULE', 'ibus'), ('PWD', '/home/amrl_sunny/ros2_autonomous_vehicle_simulation/build/interfaces_pkg'), ('XDG_CONFIG_DIRS', '/etc/xdg/xdg-ubuntu:/etc/xdg'), ('XDG_DATA_DIRS', '/usr/share/ubuntu:/usr/share/gnome:/usr/local/share:/usr/share:/var/lib/snapd/desktop'), ('PYTHONPATH', '/home/amrl_sunny/ros2_autonomous_vehicle_simulation/build/lidar_perception_pkg:/home/amrl_sunny/ros2_autonomous_vehicle_simulation/install/lidar_perception_pkg/lib/python3.10/site-packages:/home/amrl_sunny/ros2_autonomous_vehicle_simulation/build/simulation_pkg:/home/amrl_sunny/ros2_autonomous_vehicle_simulation/install/simulation_pkg/lib/python3.10/site-packages:/home/amrl_sunny/ros2_autonomous_vehicle_simulation/build/debug_pkg:/home/amrl_sunny/ros2_autonomous_vehicle_simulation/install/debug_pkg/lib/python3.10/site-packages:/home/amrl_sunny/ros2_autonomous_vehicle_simulation/build/decision_making_pkg:/home/amrl_sunny/ros2_autonomous_vehicle_simulation/install/decision_making_pkg/lib/python3.10/site-packages:/home/amrl_sunny/ros2_autonomous_vehicle_simulation/build/camera_perception_pkg:/home/amrl_sunny/ros2_autonomous_vehicle_simulation/install/camera_perception_pkg/lib/python3.10/site-packages:/home/amrl_sunny/ros2_autonomous_vehicle_simulation/install/interfaces_pkg/local/lib/python3.10/dist-packages:/home/amrl_sunny/2025_jacapdi/build/simulation_pkg:/home/amrl_sunny/2025_jacapdi/install/simulation_pkg/lib/python3.10/site-packages:/home/amrl_sunny/2025_jacapdi/build/debug_pkg:/home/amrl_sunny/2025_jacapdi/install/debug_pkg/lib/python3.10/site-packages:/home/amrl_sunny/2025_jacapdi/build/decision_making_pkg:/home/amrl_sunny/2025_jacapdi/install/decision_making_pkg/lib/python3.10/site-packages:/home/amrl_sunny/2025_jacapdi/build/camera_perception_pkg:/home/amrl_sunny/2025_jacapdi/install/camera_perception_pkg/lib/python3.10/site-packages:/opt/ros/humble/lib/python3.10/site-packages:/opt/ros/humble/local/lib/python3.10/dist-packages'), ('LC_NUMERIC', 'ko_KR.UTF-8'), ('LC_PAPER', 'ko_KR.UTF-8'), ('COLCON', '1'), ('VTE_VERSION', '6800'), ('CMAKE_PREFIX_PATH', '/home/amrl_sunny/ros2_autonomous_vehicle_simulation/install/interfaces_pkg:/home/amrl_sunny/ros2_autonomous_vehicle_simulation/install/lidar_perception_pkg:/home/amrl_sunny/ros2_autonomous_vehicle_simulation/install/simulation_pkg:/home/amrl_sunny/ros2_autonomous_vehicle_simulation/install/debug_pkg:/home/amrl_sunny/ros2_autonomous_vehicle_simulation/install/decision_making_pkg:/home/amrl_sunny/ros2_autonomous_vehicle_simulation/install/camera_perception_pkg:/home/amrl_sunny/2025_jacapdi/install/simulation_pkg:/home/amrl_sunny/2025_jacapdi/install/debug_pkg:/home/amrl_sunny/2025_jacapdi/install/decision_making_pkg:/home/amrl_sunny/2025_jacapdi/install/camera_perception_pkg:/opt/ros/humble')]), 'shell': False}
[0.681666] (interfaces_pkg) StdoutLine: {'line': b'-- Install configuration: ""\n'}
[0.682256] (interfaces_pkg) StdoutLine: {'line': b'-- Execute custom install script\n'}
[0.682436] (interfaces_pkg) StdoutLine: {'line': b'-- Up-to-date symlink: /home/amrl_sunny/ros2_autonomous_vehicle_simulation/install/interfaces_pkg/share/ament_index/resource_index/rosidl_interfaces/interfaces_pkg\n'}
[0.683207] (interfaces_pkg) StdoutLine: {'line': b'-- Up-to-date symlink: /home/amrl_sunny/ros2_autonomous_vehicle_simulation/install/interfaces_pkg/include/interfaces_pkg/interfaces_pkg/msg/bounding_box2_d.h\n'}
[0.683297] (interfaces_pkg) StdoutLine: {'line': b'-- Up-to-date symlink: /home/amrl_sunny/ros2_autonomous_vehicle_simulation/install/interfaces_pkg/include/interfaces_pkg/interfaces_pkg/msg/bounding_box3_d.h\n'}
[0.683383] (interfaces_pkg) StdoutLine: {'line': b'-- Up-to-date symlink: /home/amrl_sunny/ros2_autonomous_vehicle_simulation/install/interfaces_pkg/include/interfaces_pkg/interfaces_pkg/msg/detail/bounding_box2_d__functions.h\n'}
[0.683466] (interfaces_pkg) StdoutLine: {'line': b'-- Up-to-date symlink: /home/amrl_sunny/ros2_autonomous_vehicle_simulation/install/interfaces_pkg/include/interfaces_pkg/interfaces_pkg/msg/detail/bounding_box2_d__struct.h\n'}
[0.683546] (interfaces_pkg) StdoutLine: {'line': b'-- Up-to-date symlink: /home/amrl_sunny/ros2_autonomous_vehicle_simulation/install/interfaces_pkg/include/interfaces_pkg/interfaces_pkg/msg/detail/bounding_box2_d__type_support.h\n'}
[0.683627] (interfaces_pkg) StdoutLine: {'line': b'-- Up-to-date symlink: /home/amrl_sunny/ros2_autonomous_vehicle_simulation/install/interfaces_pkg/include/interfaces_pkg/interfaces_pkg/msg/detail/bounding_box3_d__functions.h\n'}
[0.683704] (interfaces_pkg) StdoutLine: {'line': b'-- Up-to-date symlink: /home/amrl_sunny/ros2_autonomous_vehicle_simulation/install/interfaces_pkg/include/interfaces_pkg/interfaces_pkg/msg/detail/bounding_box3_d__struct.h\n'}
[0.683783] (interfaces_pkg) StdoutLine: {'line': b'-- Up-to-date symlink: /home/amrl_sunny/ros2_autonomous_vehicle_simulation/install/interfaces_pkg/include/interfaces_pkg/interfaces_pkg/msg/detail/bounding_box3_d__type_support.h\n'}
[0.683859] (interfaces_pkg) StdoutLine: {'line': b'-- Up-to-date symlink: /home/amrl_sunny/ros2_autonomous_vehicle_simulation/install/interfaces_pkg/include/interfaces_pkg/interfaces_pkg/msg/detail/detection__functions.h\n'}
[0.683938] (interfaces_pkg) StdoutLine: {'line': b'-- Up-to-date symlink: /home/amrl_sunny/ros2_autonomous_vehicle_simulation/install/interfaces_pkg/include/interfaces_pkg/interfaces_pkg/msg/detail/detection__struct.h\n'}
[0.684016] (interfaces_pkg) StdoutLine: {'line': b'-- Up-to-date symlink: /home/amrl_sunny/ros2_autonomous_vehicle_simulation/install/interfaces_pkg/include/interfaces_pkg/interfaces_pkg/msg/detail/detection__type_support.h\n'}
[0.684093] (interfaces_pkg) StdoutLine: {'line': b'-- Up-to-date symlink: /home/amrl_sunny/ros2_autonomous_vehicle_simulation/install/interfaces_pkg/include/interfaces_pkg/interfaces_pkg/msg/detail/detection_array__functions.h\n'}
[0.684174] (interfaces_pkg) StdoutLine: {'line': b'-- Up-to-date symlink: /home/amrl_sunny/ros2_autonomous_vehicle_simulation/install/interfaces_pkg/include/interfaces_pkg/interfaces_pkg/msg/detail/detection_array__struct.h\n'}
[0.684252] (interfaces_pkg) StdoutLine: {'line': b'-- Up-to-date symlink: /home/amrl_sunny/ros2_autonomous_vehicle_simulation/install/interfaces_pkg/include/interfaces_pkg/interfaces_pkg/msg/detail/detection_array__type_support.h\n'}
[0.684331] (interfaces_pkg) StdoutLine: {'line': b'-- Up-to-date symlink: /home/amrl_sunny/ros2_autonomous_vehicle_simulation/install/interfaces_pkg/include/interfaces_pkg/interfaces_pkg/msg/detail/key_point2_d__functions.h\n'}
[0.684406] (interfaces_pkg) StdoutLine: {'line': b'-- Up-to-date symlink: /home/amrl_sunny/ros2_autonomous_vehicle_simulation/install/interfaces_pkg/include/interfaces_pkg/interfaces_pkg/msg/detail/key_point2_d__struct.h\n'}
[0.684480] (interfaces_pkg) StdoutLine: {'line': b'-- Up-to-date symlink: /home/amrl_sunny/ros2_autonomous_vehicle_simulation/install/interfaces_pkg/include/interfaces_pkg/interfaces_pkg/msg/detail/key_point2_d__type_support.h\n'}
[0.684555] (interfaces_pkg) StdoutLine: {'line': b'-- Up-to-date symlink: /home/amrl_sunny/ros2_autonomous_vehicle_simulation/install/interfaces_pkg/include/interfaces_pkg/interfaces_pkg/msg/detail/key_point2_d_array__functions.h\n'}
[0.684632] (interfaces_pkg) StdoutLine: {'line': b'-- Up-to-date symlink: /home/amrl_sunny/ros2_autonomous_vehicle_simulation/install/interfaces_pkg/include/interfaces_pkg/interfaces_pkg/msg/detail/key_point2_d_array__struct.h\n'}
[0.684708] (interfaces_pkg) StdoutLine: {'line': b'-- Up-to-date symlink: /home/amrl_sunny/ros2_autonomous_vehicle_simulation/install/interfaces_pkg/include/interfaces_pkg/interfaces_pkg/msg/detail/key_point2_d_array__type_support.h\n'}
[0.684787] (interfaces_pkg) StdoutLine: {'line': b'-- Up-to-date symlink: /home/amrl_sunny/ros2_autonomous_vehicle_simulation/install/interfaces_pkg/include/interfaces_pkg/interfaces_pkg/msg/detail/key_point3_d__functions.h\n'}
[0.684858] (interfaces_pkg) StdoutLine: {'line': b'-- Up-to-date symlink: /home/amrl_sunny/ros2_autonomous_vehicle_simulation/install/interfaces_pkg/include/interfaces_pkg/interfaces_pkg/msg/detail/key_point3_d__struct.h\n'}
[0.684934] (interfaces_pkg) StdoutLine: {'line': b'-- Up-to-date symlink: /home/amrl_sunny/ros2_autonomous_vehicle_simulation/install/interfaces_pkg/include/interfaces_pkg/interfaces_pkg/msg/detail/key_point3_d__type_support.h\n'}
[0.685008] (interfaces_pkg) StdoutLine: {'line': b'-- Up-to-date symlink: /home/amrl_sunny/ros2_autonomous_vehicle_simulation/install/interfaces_pkg/include/interfaces_pkg/interfaces_pkg/msg/detail/key_point3_d_array__functions.h\n'}
[0.685083] (interfaces_pkg) StdoutLine: {'line': b'-- Up-to-date symlink: /home/amrl_sunny/ros2_autonomous_vehicle_simulation/install/interfaces_pkg/include/interfaces_pkg/interfaces_pkg/msg/detail/key_point3_d_array__struct.h\n'}
[0.685160] (interfaces_pkg) StdoutLine: {'line': b'-- Up-to-date symlink: /home/amrl_sunny/ros2_autonomous_vehicle_simulation/install/interfaces_pkg/include/interfaces_pkg/interfaces_pkg/msg/detail/key_point3_d_array__type_support.h\n'}
[0.685244] (interfaces_pkg) StdoutLine: {'line': b'-- Up-to-date symlink: /home/amrl_sunny/ros2_autonomous_vehicle_simulation/install/interfaces_pkg/include/interfaces_pkg/interfaces_pkg/msg/detail/lane_info__functions.h\n'}
[0.685322] (interfaces_pkg) StdoutLine: {'line': b'-- Up-to-date symlink: /home/amrl_sunny/ros2_autonomous_vehicle_simulation/install/interfaces_pkg/include/interfaces_pkg/interfaces_pkg/msg/detail/lane_info__struct.h\n'}
[0.685396] (interfaces_pkg) StdoutLine: {'line': b'-- Up-to-date symlink: /home/amrl_sunny/ros2_autonomous_vehicle_simulation/install/interfaces_pkg/include/interfaces_pkg/interfaces_pkg/msg/detail/lane_info__type_support.h\n'}
[0.685471] (interfaces_pkg) StdoutLine: {'line': b'-- Up-to-date symlink: /home/amrl_sunny/ros2_autonomous_vehicle_simulation/install/interfaces_pkg/include/interfaces_pkg/interfaces_pkg/msg/detail/mask__functions.h\n'}
[0.685546] (interfaces_pkg) StdoutLine: {'line': b'-- Up-to-date symlink: /home/amrl_sunny/ros2_autonomous_vehicle_simulation/install/interfaces_pkg/include/interfaces_pkg/interfaces_pkg/msg/detail/mask__struct.h\n'}
[0.685621] (interfaces_pkg) StdoutLine: {'line': b'-- Up-to-date symlink: /home/amrl_sunny/ros2_autonomous_vehicle_simulation/install/interfaces_pkg/include/interfaces_pkg/interfaces_pkg/msg/detail/mask__type_support.h\n'}
[0.685697] (interfaces_pkg) StdoutLine: {'line': b'-- Up-to-date symlink: /home/amrl_sunny/ros2_autonomous_vehicle_simulation/install/interfaces_pkg/include/interfaces_pkg/interfaces_pkg/msg/detail/motion_command__functions.h\n'}
[0.685770] (interfaces_pkg) StdoutLine: {'line': b'-- Up-to-date symlink: /home/amrl_sunny/ros2_autonomous_vehicle_simulation/install/interfaces_pkg/include/interfaces_pkg/interfaces_pkg/msg/detail/motion_command__struct.h\n'}
[0.685844] (interfaces_pkg) StdoutLine: {'line': b'-- Up-to-date symlink: /home/amrl_sunny/ros2_autonomous_vehicle_simulation/install/interfaces_pkg/include/interfaces_pkg/interfaces_pkg/msg/detail/motion_command__type_support.h\n'}
[0.685920] (interfaces_pkg) StdoutLine: {'line': b'-- Up-to-date symlink: /home/amrl_sunny/ros2_autonomous_vehicle_simulation/install/interfaces_pkg/include/interfaces_pkg/interfaces_pkg/msg/detail/path_planning_result__functions.h\n'}
[0.685994] (interfaces_pkg) StdoutLine: {'line': b'-- Up-to-date symlink: /home/amrl_sunny/ros2_autonomous_vehicle_simulation/install/interfaces_pkg/include/interfaces_pkg/interfaces_pkg/msg/detail/path_planning_result__struct.h\n'}
[0.686074] (interfaces_pkg) StdoutLine: {'line': b'-- Up-to-date symlink: /home/amrl_sunny/ros2_autonomous_vehicle_simulation/install/interfaces_pkg/include/interfaces_pkg/interfaces_pkg/msg/detail/path_planning_result__type_support.h\n'}
[0.686171] (interfaces_pkg) StdoutLine: {'line': b'-- Up-to-date symlink: /home/amrl_sunny/ros2_autonomous_vehicle_simulation/install/interfaces_pkg/include/interfaces_pkg/interfaces_pkg/msg/detail/point2_d__functions.h\n'}
[0.686314] (interfaces_pkg) StdoutLine: {'line': b'-- Up-to-date symlink: /home/amrl_sunny/ros2_autonomous_vehicle_simulation/install/interfaces_pkg/include/interfaces_pkg/interfaces_pkg/msg/detail/point2_d__struct.h\n'}
[0.686410] (interfaces_pkg) StdoutLine: {'line': b'-- Up-to-date symlink: /home/amrl_sunny/ros2_autonomous_vehicle_simulation/install/interfaces_pkg/include/interfaces_pkg/interfaces_pkg/msg/detail/point2_d__type_support.h\n'}
[0.686494] (interfaces_pkg) StdoutLine: {'line': b'-- Up-to-date symlink: /home/amrl_sunny/ros2_autonomous_vehicle_simulation/install/interfaces_pkg/include/interfaces_pkg/interfaces_pkg/msg/detail/pose2_d__functions.h\n'}
[0.686582] (interfaces_pkg) StdoutLine: {'line': b'-- Up-to-date symlink: /home/amrl_sunny/ros2_autonomous_vehicle_simulation/install/interfaces_pkg/include/interfaces_pkg/interfaces_pkg/msg/detail/pose2_d__struct.h\n'}
[0.686644] (interfaces_pkg) StdoutLine: {'line': b'-- Up-to-date symlink: /home/amrl_sunny/ros2_autonomous_vehicle_simulation/install/interfaces_pkg/include/interfaces_pkg/interfaces_pkg/msg/detail/pose2_d__type_support.h\n'}
[0.686726] (interfaces_pkg) StdoutLine: {'line': b'-- Up-to-date symlink: /home/amrl_sunny/ros2_autonomous_vehicle_simulation/install/interfaces_pkg/include/interfaces_pkg/interfaces_pkg/msg/detail/target_point__functions.h\n'}
[0.686801] (interfaces_pkg) StdoutLine: {'line': b'-- Up-to-date symlink: /home/amrl_sunny/ros2_autonomous_vehicle_simulation/install/interfaces_pkg/include/interfaces_pkg/interfaces_pkg/msg/detail/target_point__struct.h\n'}
[0.686867] (interfaces_pkg) StdoutLine: {'line': b'-- Up-to-date symlink: /home/amrl_sunny/ros2_autonomous_vehicle_simulation/install/interfaces_pkg/include/interfaces_pkg/interfaces_pkg/msg/detail/target_point__type_support.h\n'}
[0.686930] (interfaces_pkg) StdoutLine: {'line': b'-- Up-to-date symlink: /home/amrl_sunny/ros2_autonomous_vehicle_simulation/install/interfaces_pkg/include/interfaces_pkg/interfaces_pkg/msg/detail/vector2__functions.h\n'}
[0.686983] (interfaces_pkg) StdoutLine: {'line': b'-- Up-to-date symlink: /home/amrl_sunny/ros2_autonomous_vehicle_simulation/install/interfaces_pkg/include/interfaces_pkg/interfaces_pkg/msg/detail/vector2__struct.h\n'}
[0.687036] (interfaces_pkg) StdoutLine: {'line': b'-- Up-to-date symlink: /home/amrl_sunny/ros2_autonomous_vehicle_simulation/install/interfaces_pkg/include/interfaces_pkg/interfaces_pkg/msg/detail/vector2__type_support.h\n'}
[0.687083] (interfaces_pkg) StdoutLine: {'line': b'-- Up-to-date symlink: /home/amrl_sunny/ros2_autonomous_vehicle_simulation/install/interfaces_pkg/include/interfaces_pkg/interfaces_pkg/msg/detection.h\n'}
[0.687295] (interfaces_pkg) StdoutLine: {'line': b'-- Up-to-date symlink: /home/amrl_sunny/ros2_autonomous_vehicle_simulation/install/interfaces_pkg/include/interfaces_pkg/interfaces_pkg/msg/detection_array.h\n'}
[0.687387] (interfaces_pkg) StdoutLine: {'line': b'-- Up-to-date symlink: /home/amrl_sunny/ros2_autonomous_vehicle_simulation/install/interfaces_pkg/include/interfaces_pkg/interfaces_pkg/msg/key_point2_d.h\n'}
[0.687428] (interfaces_pkg) StdoutLine: {'line': b'-- Up-to-date symlink: /home/amrl_sunny/ros2_autonomous_vehicle_simulation/install/interfaces_pkg/include/interfaces_pkg/interfaces_pkg/msg/key_point2_d_array.h\n'}
[0.687472] (interfaces_pkg) StdoutLine: {'line': b'-- Up-to-date symlink: /home/amrl_sunny/ros2_autonomous_vehicle_simulation/install/interfaces_pkg/include/interfaces_pkg/interfaces_pkg/msg/key_point3_d.h\n'}
[0.687494] (interfaces_pkg) StdoutLine: {'line': b'-- Up-to-date symlink: /home/amrl_sunny/ros2_autonomous_vehicle_simulation/install/interfaces_pkg/include/interfaces_pkg/interfaces_pkg/msg/key_point3_d_array.h\n'}
[0.687538] (interfaces_pkg) StdoutLine: {'line': b'-- Up-to-date symlink: /home/amrl_sunny/ros2_autonomous_vehicle_simulation/install/interfaces_pkg/include/interfaces_pkg/interfaces_pkg/msg/lane_info.h\n'}
[0.687559] (interfaces_pkg) StdoutLine: {'line': b'-- Up-to-date symlink: /home/amrl_sunny/ros2_autonomous_vehicle_simulation/install/interfaces_pkg/include/interfaces_pkg/interfaces_pkg/msg/mask.h\n'}
[0.687590] (interfaces_pkg) StdoutLine: {'line': b'-- Up-to-date symlink: /home/amrl_sunny/ros2_autonomous_vehicle_simulation/install/interfaces_pkg/include/interfaces_pkg/interfaces_pkg/msg/motion_command.h\n'}
[0.687622] (interfaces_pkg) StdoutLine: {'line': b'-- Up-to-date symlink: /home/amrl_sunny/ros2_autonomous_vehicle_simulation/install/interfaces_pkg/include/interfaces_pkg/interfaces_pkg/msg/path_planning_result.h\n'}
[0.687659] (interfaces_pkg) StdoutLine: {'line': b'-- Up-to-date symlink: /home/amrl_sunny/ros2_autonomous_vehicle_simulation/install/interfaces_pkg/include/interfaces_pkg/interfaces_pkg/msg/point2_d.h\n'}
[0.687698] (interfaces_pkg) StdoutLine: {'line': b'-- Up-to-date symlink: /home/amrl_sunny/ros2_autonomous_vehicle_simulation/install/interfaces_pkg/include/interfaces_pkg/interfaces_pkg/msg/pose2_d.h\n'}
[0.687735] (interfaces_pkg) StdoutLine: {'line': b'-- Up-to-date symlink: /home/amrl_sunny/ros2_autonomous_vehicle_simulation/install/interfaces_pkg/include/interfaces_pkg/interfaces_pkg/msg/rosidl_generator_c__visibility_control.h\n'}
[0.687773] (interfaces_pkg) StdoutLine: {'line': b'-- Up-to-date symlink: /home/amrl_sunny/ros2_autonomous_vehicle_simulation/install/interfaces_pkg/include/interfaces_pkg/interfaces_pkg/msg/target_point.h\n'}
[0.687815] (interfaces_pkg) StdoutLine: {'line': b'-- Up-to-date symlink: /home/amrl_sunny/ros2_autonomous_vehicle_simulation/install/interfaces_pkg/include/interfaces_pkg/interfaces_pkg/msg/vector2.h\n'}
[0.687861] (interfaces_pkg) StdoutLine: {'line': b'-- Up-to-date symlink: /home/amrl_sunny/ros2_autonomous_vehicle_simulation/install/interfaces_pkg/share/interfaces_pkg/environment/library_path.sh\n'}
[0.687936] (interfaces_pkg) StdoutLine: {'line': b'-- Up-to-date symlink: /home/amrl_sunny/ros2_autonomous_vehicle_simulation/install/interfaces_pkg/share/interfaces_pkg/environment/library_path.dsv\n'}
[0.688274] (interfaces_pkg) StdoutLine: {'line': b'-- Up-to-date symlink: /home/amrl_sunny/ros2_autonomous_vehicle_simulation/install/interfaces_pkg/include/interfaces_pkg/interfaces_pkg/msg/detail/bounding_box2_d__rosidl_typesupport_fastrtps_c.h\n'}
[0.688317] (interfaces_pkg) StdoutLine: {'line': b'-- Up-to-date symlink: /home/amrl_sunny/ros2_autonomous_vehicle_simulation/install/interfaces_pkg/include/interfaces_pkg/interfaces_pkg/msg/detail/bounding_box3_d__rosidl_typesupport_fastrtps_c.h\n'}
[0.688354] (interfaces_pkg) StdoutLine: {'line': b'-- Up-to-date symlink: /home/amrl_sunny/ros2_autonomous_vehicle_simulation/install/interfaces_pkg/include/interfaces_pkg/interfaces_pkg/msg/detail/detection__rosidl_typesupport_fastrtps_c.h\n'}
[0.688391] (interfaces_pkg) StdoutLine: {'line': b'-- Up-to-date symlink: /home/amrl_sunny/ros2_autonomous_vehicle_simulation/install/interfaces_pkg/include/interfaces_pkg/interfaces_pkg/msg/detail/detection_array__rosidl_typesupport_fastrtps_c.h\n'}
[0.688427] (interfaces_pkg) StdoutLine: {'line': b'-- Up-to-date symlink: /home/amrl_sunny/ros2_autonomous_vehicle_simulation/install/interfaces_pkg/include/interfaces_pkg/interfaces_pkg/msg/detail/key_point2_d__rosidl_typesupport_fastrtps_c.h\n'}
[0.688462] (interfaces_pkg) StdoutLine: {'line': b'-- Up-to-date symlink: /home/amrl_sunny/ros2_autonomous_vehicle_simulation/install/interfaces_pkg/include/interfaces_pkg/interfaces_pkg/msg/detail/key_point2_d_array__rosidl_typesupport_fastrtps_c.h\n'}
[0.688500] (interfaces_pkg) StdoutLine: {'line': b'-- Up-to-date symlink: /home/amrl_sunny/ros2_autonomous_vehicle_simulation/install/interfaces_pkg/include/interfaces_pkg/interfaces_pkg/msg/detail/key_point3_d__rosidl_typesupport_fastrtps_c.h\n'}
[0.688531] (interfaces_pkg) StdoutLine: {'line': b'-- Up-to-date symlink: /home/amrl_sunny/ros2_autonomous_vehicle_simulation/install/interfaces_pkg/include/interfaces_pkg/interfaces_pkg/msg/detail/key_point3_d_array__rosidl_typesupport_fastrtps_c.h\n'}
[0.688562] (interfaces_pkg) StdoutLine: {'line': b'-- Up-to-date symlink: /home/amrl_sunny/ros2_autonomous_vehicle_simulation/install/interfaces_pkg/include/interfaces_pkg/interfaces_pkg/msg/detail/lane_info__rosidl_typesupport_fastrtps_c.h\n'}
[0.688599] (interfaces_pkg) StdoutLine: {'line': b'-- Up-to-date symlink: /home/amrl_sunny/ros2_autonomous_vehicle_simulation/install/interfaces_pkg/include/interfaces_pkg/interfaces_pkg/msg/detail/mask__rosidl_typesupport_fastrtps_c.h\n'}
[0.688634] (interfaces_pkg) StdoutLine: {'line': b'-- Up-to-date symlink: /home/amrl_sunny/ros2_autonomous_vehicle_simulation/install/interfaces_pkg/include/interfaces_pkg/interfaces_pkg/msg/detail/motion_command__rosidl_typesupport_fastrtps_c.h\n'}
[0.688670] (interfaces_pkg) StdoutLine: {'line': b'-- Up-to-date symlink: /home/amrl_sunny/ros2_autonomous_vehicle_simulation/install/interfaces_pkg/include/interfaces_pkg/interfaces_pkg/msg/detail/path_planning_result__rosidl_typesupport_fastrtps_c.h\n'}
[0.688706] (interfaces_pkg) StdoutLine: {'line': b'-- Up-to-date symlink: /home/amrl_sunny/ros2_autonomous_vehicle_simulation/install/interfaces_pkg/include/interfaces_pkg/interfaces_pkg/msg/detail/point2_d__rosidl_typesupport_fastrtps_c.h\n'}
[0.688742] (interfaces_pkg) StdoutLine: {'line': b'-- Up-to-date symlink: /home/amrl_sunny/ros2_autonomous_vehicle_simulation/install/interfaces_pkg/include/interfaces_pkg/interfaces_pkg/msg/detail/pose2_d__rosidl_typesupport_fastrtps_c.h\n'}
[0.688779] (interfaces_pkg) StdoutLine: {'line': b'-- Up-to-date symlink: /home/amrl_sunny/ros2_autonomous_vehicle_simulation/install/interfaces_pkg/include/interfaces_pkg/interfaces_pkg/msg/detail/target_point__rosidl_typesupport_fastrtps_c.h\n'}
[0.688815] (interfaces_pkg) StdoutLine: {'line': b'-- Up-to-date symlink: /home/amrl_sunny/ros2_autonomous_vehicle_simulation/install/interfaces_pkg/include/interfaces_pkg/interfaces_pkg/msg/detail/vector2__rosidl_typesupport_fastrtps_c.h\n'}
[0.688848] (interfaces_pkg) StdoutLine: {'line': b'-- Up-to-date symlink: /home/amrl_sunny/ros2_autonomous_vehicle_simulation/install/interfaces_pkg/include/interfaces_pkg/interfaces_pkg/msg/rosidl_typesupport_fastrtps_c__visibility_control.h\n'}
[0.689051] (interfaces_pkg) StdoutLine: {'line': b'-- Up-to-date symlink: /home/amrl_sunny/ros2_autonomous_vehicle_simulation/install/interfaces_pkg/include/interfaces_pkg/interfaces_pkg/msg/detail/bounding_box2_d__rosidl_typesupport_introspection_c.h\n'}
[0.689096] (interfaces_pkg) StdoutLine: {'line': b'-- Up-to-date symlink: /home/amrl_sunny/ros2_autonomous_vehicle_simulation/install/interfaces_pkg/include/interfaces_pkg/interfaces_pkg/msg/detail/bounding_box3_d__rosidl_typesupport_introspection_c.h\n'}
[0.689135] (interfaces_pkg) StdoutLine: {'line': b'-- Up-to-date symlink: /home/amrl_sunny/ros2_autonomous_vehicle_simulation/install/interfaces_pkg/include/interfaces_pkg/interfaces_pkg/msg/detail/detection__rosidl_typesupport_introspection_c.h\n'}
[0.689176] (interfaces_pkg) StdoutLine: {'line': b'-- Up-to-date symlink: /home/amrl_sunny/ros2_autonomous_vehicle_simulation/install/interfaces_pkg/include/interfaces_pkg/interfaces_pkg/msg/detail/detection_array__rosidl_typesupport_introspection_c.h\n'}
[0.689214] (interfaces_pkg) StdoutLine: {'line': b'-- Up-to-date symlink: /home/amrl_sunny/ros2_autonomous_vehicle_simulation/install/interfaces_pkg/include/interfaces_pkg/interfaces_pkg/msg/detail/key_point2_d__rosidl_typesupport_introspection_c.h\n'}
[0.689252] (interfaces_pkg) StdoutLine: {'line': b'-- Up-to-date symlink: /home/amrl_sunny/ros2_autonomous_vehicle_simulation/install/interfaces_pkg/include/interfaces_pkg/interfaces_pkg/msg/detail/key_point2_d_array__rosidl_typesupport_introspection_c.h\n'}
[0.689289] (interfaces_pkg) StdoutLine: {'line': b'-- Up-to-date symlink: /home/amrl_sunny/ros2_autonomous_vehicle_simulation/install/interfaces_pkg/include/interfaces_pkg/interfaces_pkg/msg/detail/key_point3_d__rosidl_typesupport_introspection_c.h\n'}
[0.689325] (interfaces_pkg) StdoutLine: {'line': b'-- Up-to-date symlink: /home/amrl_sunny/ros2_autonomous_vehicle_simulation/install/interfaces_pkg/include/interfaces_pkg/interfaces_pkg/msg/detail/key_point3_d_array__rosidl_typesupport_introspection_c.h\n'}
[0.689361] (interfaces_pkg) StdoutLine: {'line': b'-- Up-to-date symlink: /home/amrl_sunny/ros2_autonomous_vehicle_simulation/install/interfaces_pkg/include/interfaces_pkg/interfaces_pkg/msg/detail/lane_info__rosidl_typesupport_introspection_c.h\n'}
[0.689393] (interfaces_pkg) StdoutLine: {'line': b'-- Up-to-date symlink: /home/amrl_sunny/ros2_autonomous_vehicle_simulation/install/interfaces_pkg/include/interfaces_pkg/interfaces_pkg/msg/detail/mask__rosidl_typesupport_introspection_c.h\n'}
[0.689432] (interfaces_pkg) StdoutLine: {'line': b'-- Up-to-date symlink: /home/amrl_sunny/ros2_autonomous_vehicle_simulation/install/interfaces_pkg/include/interfaces_pkg/interfaces_pkg/msg/detail/motion_command__rosidl_typesupport_introspection_c.h\n'}
[0.689471] (interfaces_pkg) StdoutLine: {'line': b'-- Up-to-date symlink: /home/amrl_sunny/ros2_autonomous_vehicle_simulation/install/interfaces_pkg/include/interfaces_pkg/interfaces_pkg/msg/detail/path_planning_result__rosidl_typesupport_introspection_c.h\n'}
[0.689508] (interfaces_pkg) StdoutLine: {'line': b'-- Up-to-date symlink: /home/amrl_sunny/ros2_autonomous_vehicle_simulation/install/interfaces_pkg/include/interfaces_pkg/interfaces_pkg/msg/detail/point2_d__rosidl_typesupport_introspection_c.h\n'}
[0.689540] (interfaces_pkg) StdoutLine: {'line': b'-- Up-to-date symlink: /home/amrl_sunny/ros2_autonomous_vehicle_simulation/install/interfaces_pkg/include/interfaces_pkg/interfaces_pkg/msg/detail/pose2_d__rosidl_typesupport_introspection_c.h\n'}
[0.689578] (interfaces_pkg) StdoutLine: {'line': b'-- Up-to-date symlink: /home/amrl_sunny/ros2_autonomous_vehicle_simulation/install/interfaces_pkg/include/interfaces_pkg/interfaces_pkg/msg/detail/target_point__rosidl_typesupport_introspection_c.h\n'}
[0.689609] (interfaces_pkg) StdoutLine: {'line': b'-- Up-to-date symlink: /home/amrl_sunny/ros2_autonomous_vehicle_simulation/install/interfaces_pkg/include/interfaces_pkg/interfaces_pkg/msg/detail/vector2__rosidl_typesupport_introspection_c.h\n'}
[0.689645] (interfaces_pkg) StdoutLine: {'line': b'-- Up-to-date symlink: /home/amrl_sunny/ros2_autonomous_vehicle_simulation/install/interfaces_pkg/include/interfaces_pkg/interfaces_pkg/msg/rosidl_typesupport_introspection_c__visibility_control.h\n'}
[0.690023] (interfaces_pkg) StdoutLine: {'line': b'-- Up-to-date symlink: /home/amrl_sunny/ros2_autonomous_vehicle_simulation/install/interfaces_pkg/include/interfaces_pkg/interfaces_pkg/msg/bounding_box2_d.hpp\n'}
[0.690062] (interfaces_pkg) StdoutLine: {'line': b'-- Up-to-date symlink: /home/amrl_sunny/ros2_autonomous_vehicle_simulation/install/interfaces_pkg/include/interfaces_pkg/interfaces_pkg/msg/bounding_box3_d.hpp\n'}
[0.690102] (interfaces_pkg) StdoutLine: {'line': b'-- Up-to-date symlink: /home/amrl_sunny/ros2_autonomous_vehicle_simulation/install/interfaces_pkg/include/interfaces_pkg/interfaces_pkg/msg/detail/bounding_box2_d__builder.hpp\n'}
[0.690142] (interfaces_pkg) StdoutLine: {'line': b'-- Up-to-date symlink: /home/amrl_sunny/ros2_autonomous_vehicle_simulation/install/interfaces_pkg/include/interfaces_pkg/interfaces_pkg/msg/detail/bounding_box2_d__struct.hpp\n'}
[0.690181] (interfaces_pkg) StdoutLine: {'line': b'-- Up-to-date symlink: /home/amrl_sunny/ros2_autonomous_vehicle_simulation/install/interfaces_pkg/include/interfaces_pkg/interfaces_pkg/msg/detail/bounding_box2_d__traits.hpp\n'}
[0.690215] (interfaces_pkg) StdoutLine: {'line': b'-- Up-to-date symlink: /home/amrl_sunny/ros2_autonomous_vehicle_simulation/install/interfaces_pkg/include/interfaces_pkg/interfaces_pkg/msg/detail/bounding_box2_d__type_support.hpp\n'}
[0.690253] (interfaces_pkg) StdoutLine: {'line': b'-- Up-to-date symlink: /home/amrl_sunny/ros2_autonomous_vehicle_simulation/install/interfaces_pkg/include/interfaces_pkg/interfaces_pkg/msg/detail/bounding_box3_d__builder.hpp\n'}
[0.690305] (interfaces_pkg) StdoutLine: {'line': b'-- Up-to-date symlink: /home/amrl_sunny/ros2_autonomous_vehicle_simulation/install/interfaces_pkg/include/interfaces_pkg/interfaces_pkg/msg/detail/bounding_box3_d__struct.hpp\n'}
[0.690339] (interfaces_pkg) StdoutLine: {'line': b'-- Up-to-date symlink: /home/amrl_sunny/ros2_autonomous_vehicle_simulation/install/interfaces_pkg/include/interfaces_pkg/interfaces_pkg/msg/detail/bounding_box3_d__traits.hpp\n'}
[0.690383] (interfaces_pkg) StdoutLine: {'line': b'-- Up-to-date symlink: /home/amrl_sunny/ros2_autonomous_vehicle_simulation/install/interfaces_pkg/include/interfaces_pkg/interfaces_pkg/msg/detail/bounding_box3_d__type_support.hpp\n'}
[0.690415] (interfaces_pkg) StdoutLine: {'line': b'-- Up-to-date symlink: /home/amrl_sunny/ros2_autonomous_vehicle_simulation/install/interfaces_pkg/include/interfaces_pkg/interfaces_pkg/msg/detail/detection__builder.hpp\n'}
[0.690452] (interfaces_pkg) StdoutLine: {'line': b'-- Up-to-date symlink: /home/amrl_sunny/ros2_autonomous_vehicle_simulation/install/interfaces_pkg/include/interfaces_pkg/interfaces_pkg/msg/detail/detection__struct.hpp\n'}
[0.690484] (interfaces_pkg) StdoutLine: {'line': b'-- Up-to-date symlink: /home/amrl_sunny/ros2_autonomous_vehicle_simulation/install/interfaces_pkg/include/interfaces_pkg/interfaces_pkg/msg/detail/detection__traits.hpp\n'}
[0.690515] (interfaces_pkg) StdoutLine: {'line': b'-- Up-to-date symlink: /home/amrl_sunny/ros2_autonomous_vehicle_simulation/install/interfaces_pkg/include/interfaces_pkg/interfaces_pkg/msg/detail/detection__type_support.hpp\n'}
[0.690551] (interfaces_pkg) StdoutLine: {'line': b'-- Up-to-date symlink: /home/amrl_sunny/ros2_autonomous_vehicle_simulation/install/interfaces_pkg/include/interfaces_pkg/interfaces_pkg/msg/detail/detection_array__builder.hpp\n'}
[0.690582] (interfaces_pkg) StdoutLine: {'line': b'-- Up-to-date symlink: /home/amrl_sunny/ros2_autonomous_vehicle_simulation/install/interfaces_pkg/include/interfaces_pkg/interfaces_pkg/msg/detail/detection_array__struct.hpp\n'}
[0.690617] (interfaces_pkg) StdoutLine: {'line': b'-- Up-to-date symlink: /home/amrl_sunny/ros2_autonomous_vehicle_simulation/install/interfaces_pkg/include/interfaces_pkg/interfaces_pkg/msg/detail/detection_array__traits.hpp\n'}
[0.690648] (interfaces_pkg) StdoutLine: {'line': b'-- Up-to-date symlink: /home/amrl_sunny/ros2_autonomous_vehicle_simulation/install/interfaces_pkg/include/interfaces_pkg/interfaces_pkg/msg/detail/detection_array__type_support.hpp\n'}
[0.690684] (interfaces_pkg) StdoutLine: {'line': b'-- Up-to-date symlink: /home/amrl_sunny/ros2_autonomous_vehicle_simulation/install/interfaces_pkg/include/interfaces_pkg/interfaces_pkg/msg/detail/key_point2_d__builder.hpp\n'}
[0.690719] (interfaces_pkg) StdoutLine: {'line': b'-- Up-to-date symlink: /home/amrl_sunny/ros2_autonomous_vehicle_simulation/install/interfaces_pkg/include/interfaces_pkg/interfaces_pkg/msg/detail/key_point2_d__struct.hpp\n'}
[0.690754] (interfaces_pkg) StdoutLine: {'line': b'-- Up-to-date symlink: /home/amrl_sunny/ros2_autonomous_vehicle_simulation/install/interfaces_pkg/include/interfaces_pkg/interfaces_pkg/msg/detail/key_point2_d__traits.hpp\n'}
[0.690791] (interfaces_pkg) StdoutLine: {'line': b'-- Up-to-date symlink: /home/amrl_sunny/ros2_autonomous_vehicle_simulation/install/interfaces_pkg/include/interfaces_pkg/interfaces_pkg/msg/detail/key_point2_d__type_support.hpp\n'}
[0.690825] (interfaces_pkg) StdoutLine: {'line': b'-- Up-to-date symlink: /home/amrl_sunny/ros2_autonomous_vehicle_simulation/install/interfaces_pkg/include/interfaces_pkg/interfaces_pkg/msg/detail/key_point2_d_array__builder.hpp\n'}
[0.690856] (interfaces_pkg) StdoutLine: {'line': b'-- Up-to-date symlink: /home/amrl_sunny/ros2_autonomous_vehicle_simulation/install/interfaces_pkg/include/interfaces_pkg/interfaces_pkg/msg/detail/key_point2_d_array__struct.hpp\n'}
[0.690892] (interfaces_pkg) StdoutLine: {'line': b'-- Up-to-date symlink: /home/amrl_sunny/ros2_autonomous_vehicle_simulation/install/interfaces_pkg/include/interfaces_pkg/interfaces_pkg/msg/detail/key_point2_d_array__traits.hpp\n'}
[0.690929] (interfaces_pkg) StdoutLine: {'line': b'-- Up-to-date symlink: /home/amrl_sunny/ros2_autonomous_vehicle_simulation/install/interfaces_pkg/include/interfaces_pkg/interfaces_pkg/msg/detail/key_point2_d_array__type_support.hpp\n'}
[0.690965] (interfaces_pkg) StdoutLine: {'line': b'-- Up-to-date symlink: /home/amrl_sunny/ros2_autonomous_vehicle_simulation/install/interfaces_pkg/include/interfaces_pkg/interfaces_pkg/msg/detail/key_point3_d__builder.hpp\n'}
[0.691000] (interfaces_pkg) StdoutLine: {'line': b'-- Up-to-date symlink: /home/amrl_sunny/ros2_autonomous_vehicle_simulation/install/interfaces_pkg/include/interfaces_pkg/interfaces_pkg/msg/detail/key_point3_d__struct.hpp\n'}
[0.691030] (interfaces_pkg) StdoutLine: {'line': b'-- Up-to-date symlink: /home/amrl_sunny/ros2_autonomous_vehicle_simulation/install/interfaces_pkg/include/interfaces_pkg/interfaces_pkg/msg/detail/key_point3_d__traits.hpp\n'}
[0.691063] (interfaces_pkg) StdoutLine: {'line': b'-- Up-to-date symlink: /home/amrl_sunny/ros2_autonomous_vehicle_simulation/install/interfaces_pkg/include/interfaces_pkg/interfaces_pkg/msg/detail/key_point3_d__type_support.hpp\n'}
[0.691102] (interfaces_pkg) StdoutLine: {'line': b'-- Up-to-date symlink: /home/amrl_sunny/ros2_autonomous_vehicle_simulation/install/interfaces_pkg/include/interfaces_pkg/interfaces_pkg/msg/detail/key_point3_d_array__builder.hpp\n'}
[0.691139] (interfaces_pkg) StdoutLine: {'line': b'-- Up-to-date symlink: /home/amrl_sunny/ros2_autonomous_vehicle_simulation/install/interfaces_pkg/include/interfaces_pkg/interfaces_pkg/msg/detail/key_point3_d_array__struct.hpp\n'}
[0.691179] (interfaces_pkg) StdoutLine: {'line': b'-- Up-to-date symlink: /home/amrl_sunny/ros2_autonomous_vehicle_simulation/install/interfaces_pkg/include/interfaces_pkg/interfaces_pkg/msg/detail/key_point3_d_array__traits.hpp\n'}
[0.691216] (interfaces_pkg) StdoutLine: {'line': b'-- Up-to-date symlink: /home/amrl_sunny/ros2_autonomous_vehicle_simulation/install/interfaces_pkg/include/interfaces_pkg/interfaces_pkg/msg/detail/key_point3_d_array__type_support.hpp\n'}
[0.691252] (interfaces_pkg) StdoutLine: {'line': b'-- Up-to-date symlink: /home/amrl_sunny/ros2_autonomous_vehicle_simulation/install/interfaces_pkg/include/interfaces_pkg/interfaces_pkg/msg/detail/lane_info__builder.hpp\n'}
[0.691284] (interfaces_pkg) StdoutLine: {'line': b'-- Up-to-date symlink: /home/amrl_sunny/ros2_autonomous_vehicle_simulation/install/interfaces_pkg/include/interfaces_pkg/interfaces_pkg/msg/detail/lane_info__struct.hpp\n'}
[0.691320] (interfaces_pkg) StdoutLine: {'line': b'-- Up-to-date symlink: /home/amrl_sunny/ros2_autonomous_vehicle_simulation/install/interfaces_pkg/include/interfaces_pkg/interfaces_pkg/msg/detail/lane_info__traits.hpp\n'}
[0.691356] (interfaces_pkg) StdoutLine: {'line': b'-- Up-to-date symlink: /home/amrl_sunny/ros2_autonomous_vehicle_simulation/install/interfaces_pkg/include/interfaces_pkg/interfaces_pkg/msg/detail/lane_info__type_support.hpp\n'}
[0.691394] (interfaces_pkg) StdoutLine: {'line': b'-- Up-to-date symlink: /home/amrl_sunny/ros2_autonomous_vehicle_simulation/install/interfaces_pkg/include/interfaces_pkg/interfaces_pkg/msg/detail/mask__builder.hpp\n'}
[0.691425] (interfaces_pkg) StdoutLine: {'line': b'-- Up-to-date symlink: /home/amrl_sunny/ros2_autonomous_vehicle_simulation/install/interfaces_pkg/include/interfaces_pkg/interfaces_pkg/msg/detail/mask__struct.hpp\n'}
[0.691460] (interfaces_pkg) StdoutLine: {'line': b'-- Up-to-date symlink: /home/amrl_sunny/ros2_autonomous_vehicle_simulation/install/interfaces_pkg/include/interfaces_pkg/interfaces_pkg/msg/detail/mask__traits.hpp\n'}
[0.691492] (interfaces_pkg) StdoutLine: {'line': b'-- Up-to-date symlink: /home/amrl_sunny/ros2_autonomous_vehicle_simulation/install/interfaces_pkg/include/interfaces_pkg/interfaces_pkg/msg/detail/mask__type_support.hpp\n'}
[0.691529] (interfaces_pkg) StdoutLine: {'line': b'-- Up-to-date symlink: /home/amrl_sunny/ros2_autonomous_vehicle_simulation/install/interfaces_pkg/include/interfaces_pkg/interfaces_pkg/msg/detail/motion_command__builder.hpp\n'}
[0.691565] (interfaces_pkg) StdoutLine: {'line': b'-- Up-to-date symlink: /home/amrl_sunny/ros2_autonomous_vehicle_simulation/install/interfaces_pkg/include/interfaces_pkg/interfaces_pkg/msg/detail/motion_command__struct.hpp\n'}
[0.691597] (interfaces_pkg) StdoutLine: {'line': b'-- Up-to-date symlink: /home/amrl_sunny/ros2_autonomous_vehicle_simulation/install/interfaces_pkg/include/interfaces_pkg/interfaces_pkg/msg/detail/motion_command__traits.hpp\n'}
[0.691642] (interfaces_pkg) StdoutLine: {'line': b'-- Up-to-date symlink: /home/amrl_sunny/ros2_autonomous_vehicle_simulation/install/interfaces_pkg/include/interfaces_pkg/interfaces_pkg/msg/detail/motion_command__type_support.hpp\n'}
[0.691675] (interfaces_pkg) StdoutLine: {'line': b'-- Up-to-date symlink: /home/amrl_sunny/ros2_autonomous_vehicle_simulation/install/interfaces_pkg/include/interfaces_pkg/interfaces_pkg/msg/detail/path_planning_result__builder.hpp\n'}
[0.691706] (interfaces_pkg) StdoutLine: {'line': b'-- Up-to-date symlink: /home/amrl_sunny/ros2_autonomous_vehicle_simulation/install/interfaces_pkg/include/interfaces_pkg/interfaces_pkg/msg/detail/path_planning_result__struct.hpp\n'}
[0.691743] (interfaces_pkg) StdoutLine: {'line': b'-- Up-to-date symlink: /home/amrl_sunny/ros2_autonomous_vehicle_simulation/install/interfaces_pkg/include/interfaces_pkg/interfaces_pkg/msg/detail/path_planning_result__traits.hpp\n'}
[0.691774] (interfaces_pkg) StdoutLine: {'line': b'-- Up-to-date symlink: /home/amrl_sunny/ros2_autonomous_vehicle_simulation/install/interfaces_pkg/include/interfaces_pkg/interfaces_pkg/msg/detail/path_planning_result__type_support.hpp\n'}
[0.691811] (interfaces_pkg) StdoutLine: {'line': b'-- Up-to-date symlink: /home/amrl_sunny/ros2_autonomous_vehicle_simulation/install/interfaces_pkg/include/interfaces_pkg/interfaces_pkg/msg/detail/point2_d__builder.hpp\n'}
[0.691849] (interfaces_pkg) StdoutLine: {'line': b'-- Up-to-date symlink: /home/amrl_sunny/ros2_autonomous_vehicle_simulation/install/interfaces_pkg/include/interfaces_pkg/interfaces_pkg/msg/detail/point2_d__struct.hpp\n'}
[0.691891] (interfaces_pkg) StdoutLine: {'line': b'-- Up-to-date symlink: /home/amrl_sunny/ros2_autonomous_vehicle_simulation/install/interfaces_pkg/include/interfaces_pkg/interfaces_pkg/msg/detail/point2_d__traits.hpp\n'}
[0.691914] (interfaces_pkg) StdoutLine: {'line': b'-- Up-to-date symlink: /home/amrl_sunny/ros2_autonomous_vehicle_simulation/install/interfaces_pkg/include/interfaces_pkg/interfaces_pkg/msg/detail/point2_d__type_support.hpp\n'}
[0.691953] (interfaces_pkg) StdoutLine: {'line': b'-- Up-to-date symlink: /home/amrl_sunny/ros2_autonomous_vehicle_simulation/install/interfaces_pkg/include/interfaces_pkg/interfaces_pkg/msg/detail/pose2_d__builder.hpp\n'}
[0.691990] (interfaces_pkg) StdoutLine: {'line': b'-- Up-to-date symlink: /home/amrl_sunny/ros2_autonomous_vehicle_simulation/install/interfaces_pkg/include/interfaces_pkg/interfaces_pkg/msg/detail/pose2_d__struct.hpp\n'}
[0.692033] (interfaces_pkg) StdoutLine: {'line': b'-- Up-to-date symlink: /home/amrl_sunny/ros2_autonomous_vehicle_simulation/install/interfaces_pkg/include/interfaces_pkg/interfaces_pkg/msg/detail/pose2_d__traits.hpp\n'}
[0.692054] (interfaces_pkg) StdoutLine: {'line': b'-- Up-to-date symlink: /home/amrl_sunny/ros2_autonomous_vehicle_simulation/install/interfaces_pkg/include/interfaces_pkg/interfaces_pkg/msg/detail/pose2_d__type_support.hpp\n'}
[0.692084] (interfaces_pkg) StdoutLine: {'line': b'-- Up-to-date symlink: /home/amrl_sunny/ros2_autonomous_vehicle_simulation/install/interfaces_pkg/include/interfaces_pkg/interfaces_pkg/msg/detail/target_point__builder.hpp\n'}
[0.692123] (interfaces_pkg) StdoutLine: {'line': b'-- Up-to-date symlink: /home/amrl_sunny/ros2_autonomous_vehicle_simulation/install/interfaces_pkg/include/interfaces_pkg/interfaces_pkg/msg/detail/target_point__struct.hpp\n'}
[0.692165] (interfaces_pkg) StdoutLine: {'line': b'-- Up-to-date symlink: /home/amrl_sunny/ros2_autonomous_vehicle_simulation/install/interfaces_pkg/include/interfaces_pkg/interfaces_pkg/msg/detail/target_point__traits.hpp\n'}
[0.692201] (interfaces_pkg) StdoutLine: {'line': b'-- Up-to-date symlink: /home/amrl_sunny/ros2_autonomous_vehicle_simulation/install/interfaces_pkg/include/interfaces_pkg/interfaces_pkg/msg/detail/target_point__type_support.hpp\n'}
[0.692232] (interfaces_pkg) StdoutLine: {'line': b'-- Up-to-date symlink: /home/amrl_sunny/ros2_autonomous_vehicle_simulation/install/interfaces_pkg/include/interfaces_pkg/interfaces_pkg/msg/detail/vector2__builder.hpp\n'}
[0.692267] (interfaces_pkg) StdoutLine: {'line': b'-- Up-to-date symlink: /home/amrl_sunny/ros2_autonomous_vehicle_simulation/install/interfaces_pkg/include/interfaces_pkg/interfaces_pkg/msg/detail/vector2__struct.hpp\n'}
[0.692304] (interfaces_pkg) StdoutLine: {'line': b'-- Up-to-date symlink: /home/amrl_sunny/ros2_autonomous_vehicle_simulation/install/interfaces_pkg/include/interfaces_pkg/interfaces_pkg/msg/detail/vector2__traits.hpp\n'}
[0.692341] (interfaces_pkg) StdoutLine: {'line': b'-- Up-to-date symlink: /home/amrl_sunny/ros2_autonomous_vehicle_simulation/install/interfaces_pkg/include/interfaces_pkg/interfaces_pkg/msg/detail/vector2__type_support.hpp\n'}
[0.692383] (interfaces_pkg) StdoutLine: {'line': b'-- Up-to-date symlink: /home/amrl_sunny/ros2_autonomous_vehicle_simulation/install/interfaces_pkg/include/interfaces_pkg/interfaces_pkg/msg/detection.hpp\n'}
[0.692404] (interfaces_pkg) StdoutLine: {'line': b'-- Up-to-date symlink: /home/amrl_sunny/ros2_autonomous_vehicle_simulation/install/interfaces_pkg/include/interfaces_pkg/interfaces_pkg/msg/detection_array.hpp\n'}
[0.692435] (interfaces_pkg) StdoutLine: {'line': b'-- Up-to-date symlink: /home/amrl_sunny/ros2_autonomous_vehicle_simulation/install/interfaces_pkg/include/interfaces_pkg/interfaces_pkg/msg/key_point2_d.hpp\n'}
[0.692472] (interfaces_pkg) StdoutLine: {'line': b'-- Up-to-date symlink: /home/amrl_sunny/ros2_autonomous_vehicle_simulation/install/interfaces_pkg/include/interfaces_pkg/interfaces_pkg/msg/key_point2_d_array.hpp\n'}
[0.692592] (interfaces_pkg) StdoutLine: {'line': b'-- Up-to-date symlink: /home/amrl_sunny/ros2_autonomous_vehicle_simulation/install/interfaces_pkg/include/interfaces_pkg/interfaces_pkg/msg/key_point3_d.hpp\n'}
[0.692674] (interfaces_pkg) StdoutLine: {'line': b'-- Up-to-date symlink: /home/amrl_sunny/ros2_autonomous_vehicle_simulation/install/interfaces_pkg/include/interfaces_pkg/interfaces_pkg/msg/key_point3_d_array.hpp\n'}
[0.692733] (interfaces_pkg) StdoutLine: {'line': b'-- Up-to-date symlink: /home/amrl_sunny/ros2_autonomous_vehicle_simulation/install/interfaces_pkg/include/interfaces_pkg/interfaces_pkg/msg/lane_info.hpp\n'}
[0.692788] (interfaces_pkg) StdoutLine: {'line': b'-- Up-to-date symlink: /home/amrl_sunny/ros2_autonomous_vehicle_simulation/install/interfaces_pkg/include/interfaces_pkg/interfaces_pkg/msg/mask.hpp\n'}
[0.692869] (interfaces_pkg) StdoutLine: {'line': b'-- Up-to-date symlink: /home/amrl_sunny/ros2_autonomous_vehicle_simulation/install/interfaces_pkg/include/interfaces_pkg/interfaces_pkg/msg/motion_command.hpp\n'}
[0.692961] (interfaces_pkg) StdoutLine: {'line': b'-- Up-to-date symlink: /home/amrl_sunny/ros2_autonomous_vehicle_simulation/install/interfaces_pkg/include/interfaces_pkg/interfaces_pkg/msg/path_planning_result.hpp\n'}
[0.693020] (interfaces_pkg) StdoutLine: {'line': b'-- Up-to-date symlink: /home/amrl_sunny/ros2_autonomous_vehicle_simulation/install/interfaces_pkg/include/interfaces_pkg/interfaces_pkg/msg/point2_d.hpp\n'}
[0.693075] (interfaces_pkg) StdoutLine: {'line': b'-- Up-to-date symlink: /home/amrl_sunny/ros2_autonomous_vehicle_simulation/install/interfaces_pkg/include/interfaces_pkg/interfaces_pkg/msg/pose2_d.hpp\n'}
[0.693124] (interfaces_pkg) StdoutLine: {'line': b'-- Up-to-date symlink: /home/amrl_sunny/ros2_autonomous_vehicle_simulation/install/interfaces_pkg/include/interfaces_pkg/interfaces_pkg/msg/rosidl_generator_cpp__visibility_control.hpp\n'}
[0.693195] (interfaces_pkg) StdoutLine: {'line': b'-- Up-to-date symlink: /home/amrl_sunny/ros2_autonomous_vehicle_simulation/install/interfaces_pkg/include/interfaces_pkg/interfaces_pkg/msg/target_point.hpp\n'}
[0.693251] (interfaces_pkg) StdoutLine: {'line': b'-- Up-to-date symlink: /home/amrl_sunny/ros2_autonomous_vehicle_simulation/install/interfaces_pkg/include/interfaces_pkg/interfaces_pkg/msg/vector2.hpp\n'}
[0.693324] (interfaces_pkg) StdoutLine: {'line': b'-- Up-to-date symlink: /home/amrl_sunny/ros2_autonomous_vehicle_simulation/install/interfaces_pkg/include/interfaces_pkg/interfaces_pkg/msg/detail/bounding_box2_d__rosidl_typesupport_fastrtps_cpp.hpp\n'}
[0.693413] (interfaces_pkg) StdoutLine: {'line': b'-- Up-to-date symlink: /home/amrl_sunny/ros2_autonomous_vehicle_simulation/install/interfaces_pkg/include/interfaces_pkg/interfaces_pkg/msg/detail/bounding_box3_d__rosidl_typesupport_fastrtps_cpp.hpp\n'}
[0.693480] (interfaces_pkg) StdoutLine: {'line': b'-- Up-to-date symlink: /home/amrl_sunny/ros2_autonomous_vehicle_simulation/install/interfaces_pkg/include/interfaces_pkg/interfaces_pkg/msg/detail/detection__rosidl_typesupport_fastrtps_cpp.hpp\n'}
[0.693535] (interfaces_pkg) StdoutLine: {'line': b'-- Up-to-date symlink: /home/amrl_sunny/ros2_autonomous_vehicle_simulation/install/interfaces_pkg/include/interfaces_pkg/interfaces_pkg/msg/detail/detection_array__rosidl_typesupport_fastrtps_cpp.hpp\n'}
[0.693588] (interfaces_pkg) StdoutLine: {'line': b'-- Up-to-date symlink: /home/amrl_sunny/ros2_autonomous_vehicle_simulation/install/interfaces_pkg/include/interfaces_pkg/interfaces_pkg/msg/detail/key_point2_d__rosidl_typesupport_fastrtps_cpp.hpp\n'}
[0.693644] (interfaces_pkg) StdoutLine: {'line': b'-- Up-to-date symlink: /home/amrl_sunny/ros2_autonomous_vehicle_simulation/install/interfaces_pkg/include/interfaces_pkg/interfaces_pkg/msg/detail/key_point2_d_array__rosidl_typesupport_fastrtps_cpp.hpp\n'}
[0.693699] (interfaces_pkg) StdoutLine: {'line': b'-- Up-to-date symlink: /home/amrl_sunny/ros2_autonomous_vehicle_simulation/install/interfaces_pkg/include/interfaces_pkg/interfaces_pkg/msg/detail/key_point3_d__rosidl_typesupport_fastrtps_cpp.hpp\n'}
[0.693770] (interfaces_pkg) StdoutLine: {'line': b'-- Up-to-date symlink: /home/amrl_sunny/ros2_autonomous_vehicle_simulation/install/interfaces_pkg/include/interfaces_pkg/interfaces_pkg/msg/detail/key_point3_d_array__rosidl_typesupport_fastrtps_cpp.hpp\n'}
[0.693863] (interfaces_pkg) StdoutLine: {'line': b'-- Up-to-date symlink: /home/amrl_sunny/ros2_autonomous_vehicle_simulation/install/interfaces_pkg/include/interfaces_pkg/interfaces_pkg/msg/detail/lane_info__rosidl_typesupport_fastrtps_cpp.hpp\n'}
[0.693915] (interfaces_pkg) StdoutLine: {'line': b'-- Up-to-date symlink: /home/amrl_sunny/ros2_autonomous_vehicle_simulation/install/interfaces_pkg/include/interfaces_pkg/interfaces_pkg/msg/detail/mask__rosidl_typesupport_fastrtps_cpp.hpp\n'}
[0.693965] (interfaces_pkg) StdoutLine: {'line': b'-- Up-to-date symlink: /home/amrl_sunny/ros2_autonomous_vehicle_simulation/install/interfaces_pkg/include/interfaces_pkg/interfaces_pkg/msg/detail/motion_command__rosidl_typesupport_fastrtps_cpp.hpp\n'}
[0.694017] (interfaces_pkg) StdoutLine: {'line': b'-- Up-to-date symlink: /home/amrl_sunny/ros2_autonomous_vehicle_simulation/install/interfaces_pkg/include/interfaces_pkg/interfaces_pkg/msg/detail/path_planning_result__rosidl_typesupport_fastrtps_cpp.hpp\n'}
[0.694071] (interfaces_pkg) StdoutLine: {'line': b'-- Up-to-date symlink: /home/amrl_sunny/ros2_autonomous_vehicle_simulation/install/interfaces_pkg/include/interfaces_pkg/interfaces_pkg/msg/detail/point2_d__rosidl_typesupport_fastrtps_cpp.hpp\n'}
[0.694168] (interfaces_pkg) StdoutLine: {'line': b'-- Up-to-date symlink: /home/amrl_sunny/ros2_autonomous_vehicle_simulation/install/interfaces_pkg/include/interfaces_pkg/interfaces_pkg/msg/detail/pose2_d__rosidl_typesupport_fastrtps_cpp.hpp\n'}
[0.694247] (interfaces_pkg) StdoutLine: {'line': b'-- Up-to-date symlink: /home/amrl_sunny/ros2_autonomous_vehicle_simulation/install/interfaces_pkg/include/interfaces_pkg/interfaces_pkg/msg/detail/target_point__rosidl_typesupport_fastrtps_cpp.hpp\n'}
[0.694301] (interfaces_pkg) StdoutLine: {'line': b'-- Up-to-date symlink: /home/amrl_sunny/ros2_autonomous_vehicle_simulation/install/interfaces_pkg/include/interfaces_pkg/interfaces_pkg/msg/detail/vector2__rosidl_typesupport_fastrtps_cpp.hpp\n'}
[0.694380] (interfaces_pkg) StdoutLine: {'line': b'-- Up-to-date symlink: /home/amrl_sunny/ros2_autonomous_vehicle_simulation/install/interfaces_pkg/include/interfaces_pkg/interfaces_pkg/msg/rosidl_typesupport_fastrtps_cpp__visibility_control.h\n'}
[0.694434] (interfaces_pkg) StdoutLine: {'line': b'-- Up-to-date symlink: /home/amrl_sunny/ros2_autonomous_vehicle_simulation/install/interfaces_pkg/include/interfaces_pkg/interfaces_pkg/msg/detail/bounding_box2_d__rosidl_typesupport_introspection_cpp.hpp\n'}
[0.694488] (interfaces_pkg) StdoutLine: {'line': b'-- Up-to-date symlink: /home/amrl_sunny/ros2_autonomous_vehicle_simulation/install/interfaces_pkg/include/interfaces_pkg/interfaces_pkg/msg/detail/bounding_box3_d__rosidl_typesupport_introspection_cpp.hpp\n'}
[0.694574] (interfaces_pkg) StdoutLine: {'line': b'-- Up-to-date symlink: /home/amrl_sunny/ros2_autonomous_vehicle_simulation/install/interfaces_pkg/include/interfaces_pkg/interfaces_pkg/msg/detail/detection__rosidl_typesupport_introspection_cpp.hpp\n'}
[0.694628] (interfaces_pkg) StdoutLine: {'line': b'-- Up-to-date symlink: /home/amrl_sunny/ros2_autonomous_vehicle_simulation/install/interfaces_pkg/include/interfaces_pkg/interfaces_pkg/msg/detail/detection_array__rosidl_typesupport_introspection_cpp.hpp\n'}
[0.694681] (interfaces_pkg) StdoutLine: {'line': b'-- Up-to-date symlink: /home/amrl_sunny/ros2_autonomous_vehicle_simulation/install/interfaces_pkg/include/interfaces_pkg/interfaces_pkg/msg/detail/key_point2_d__rosidl_typesupport_introspection_cpp.hpp\n'}
[0.694735] (interfaces_pkg) StdoutLine: {'line': b'-- Up-to-date symlink: /home/amrl_sunny/ros2_autonomous_vehicle_simulation/install/interfaces_pkg/include/interfaces_pkg/interfaces_pkg/msg/detail/key_point2_d_array__rosidl_typesupport_introspection_cpp.hpp\n'}
[0.694789] (interfaces_pkg) StdoutLine: {'line': b'-- Up-to-date symlink: /home/amrl_sunny/ros2_autonomous_vehicle_simulation/install/interfaces_pkg/include/interfaces_pkg/interfaces_pkg/msg/detail/key_point3_d__rosidl_typesupport_introspection_cpp.hpp\n'}
[0.694842] (interfaces_pkg) StdoutLine: {'line': b'-- Up-to-date symlink: /home/amrl_sunny/ros2_autonomous_vehicle_simulation/install/interfaces_pkg/include/interfaces_pkg/interfaces_pkg/msg/detail/key_point3_d_array__rosidl_typesupport_introspection_cpp.hpp\n'}
[0.694895] (interfaces_pkg) StdoutLine: {'line': b'-- Up-to-date symlink: /home/amrl_sunny/ros2_autonomous_vehicle_simulation/install/interfaces_pkg/include/interfaces_pkg/interfaces_pkg/msg/detail/lane_info__rosidl_typesupport_introspection_cpp.hpp\n'}
[0.694948] (interfaces_pkg) StdoutLine: {'line': b'-- Up-to-date symlink: /home/amrl_sunny/ros2_autonomous_vehicle_simulation/install/interfaces_pkg/include/interfaces_pkg/interfaces_pkg/msg/detail/mask__rosidl_typesupport_introspection_cpp.hpp\n'}
[0.695002] (interfaces_pkg) StdoutLine: {'line': b'-- Up-to-date symlink: /home/amrl_sunny/ros2_autonomous_vehicle_simulation/install/interfaces_pkg/include/interfaces_pkg/interfaces_pkg/msg/detail/motion_command__rosidl_typesupport_introspection_cpp.hpp\n'}
[0.695055] (interfaces_pkg) StdoutLine: {'line': b'-- Up-to-date symlink: /home/amrl_sunny/ros2_autonomous_vehicle_simulation/install/interfaces_pkg/include/interfaces_pkg/interfaces_pkg/msg/detail/path_planning_result__rosidl_typesupport_introspection_cpp.hpp\n'}
[0.695138] (interfaces_pkg) StdoutLine: {'line': b'-- Up-to-date symlink: /home/amrl_sunny/ros2_autonomous_vehicle_simulation/install/interfaces_pkg/include/interfaces_pkg/interfaces_pkg/msg/detail/point2_d__rosidl_typesupport_introspection_cpp.hpp\n'}
[0.695193] (interfaces_pkg) StdoutLine: {'line': b'-- Up-to-date symlink: /home/amrl_sunny/ros2_autonomous_vehicle_simulation/install/interfaces_pkg/include/interfaces_pkg/interfaces_pkg/msg/detail/pose2_d__rosidl_typesupport_introspection_cpp.hpp\n'}
[0.695243] (interfaces_pkg) StdoutLine: {'line': b'-- Up-to-date symlink: /home/amrl_sunny/ros2_autonomous_vehicle_simulation/install/interfaces_pkg/include/interfaces_pkg/interfaces_pkg/msg/detail/target_point__rosidl_typesupport_introspection_cpp.hpp\n'}
[0.695296] (interfaces_pkg) StdoutLine: {'line': b'-- Up-to-date symlink: /home/amrl_sunny/ros2_autonomous_vehicle_simulation/install/interfaces_pkg/include/interfaces_pkg/interfaces_pkg/msg/detail/vector2__rosidl_typesupport_introspection_cpp.hpp\n'}
[0.695350] (interfaces_pkg) StdoutLine: {'line': b'-- Up-to-date symlink: /home/amrl_sunny/ros2_autonomous_vehicle_simulation/install/interfaces_pkg/share/interfaces_pkg/environment/pythonpath.sh\n'}
[0.695403] (interfaces_pkg) StdoutLine: {'line': b'-- Up-to-date symlink: /home/amrl_sunny/ros2_autonomous_vehicle_simulation/install/interfaces_pkg/share/interfaces_pkg/environment/pythonpath.dsv\n'}
[0.695457] (interfaces_pkg) StdoutLine: {'line': b'-- Up-to-date symlink: /home/amrl_sunny/ros2_autonomous_vehicle_simulation/install/interfaces_pkg/local/lib/python3.10/dist-packages/interfaces_pkg-0.0.0-py3.10.egg-info/PKG-INFO\n'}
[0.695541] (interfaces_pkg) StdoutLine: {'line': b'-- Up-to-date symlink: /home/amrl_sunny/ros2_autonomous_vehicle_simulation/install/interfaces_pkg/local/lib/python3.10/dist-packages/interfaces_pkg-0.0.0-py3.10.egg-info/SOURCES.txt\n'}
[0.695597] (interfaces_pkg) StdoutLine: {'line': b'-- Up-to-date symlink: /home/amrl_sunny/ros2_autonomous_vehicle_simulation/install/interfaces_pkg/local/lib/python3.10/dist-packages/interfaces_pkg-0.0.0-py3.10.egg-info/dependency_links.txt\n'}
[0.695652] (interfaces_pkg) StdoutLine: {'line': b'-- Up-to-date symlink: /home/amrl_sunny/ros2_autonomous_vehicle_simulation/install/interfaces_pkg/local/lib/python3.10/dist-packages/interfaces_pkg-0.0.0-py3.10.egg-info/top_level.txt\n'}
[0.695706] (interfaces_pkg) StdoutLine: {'line': b'-- Up-to-date symlink: /home/amrl_sunny/ros2_autonomous_vehicle_simulation/install/interfaces_pkg/local/lib/python3.10/dist-packages/interfaces_pkg/__init__.py\n'}
[0.695796] (interfaces_pkg) StdoutLine: {'line': b'-- Up-to-date symlink: /home/amrl_sunny/ros2_autonomous_vehicle_simulation/install/interfaces_pkg/local/lib/python3.10/dist-packages/interfaces_pkg/_interfaces_pkg_s.ep.rosidl_typesupport_c.c\n'}
[0.695852] (interfaces_pkg) StdoutLine: {'line': b'-- Up-to-date symlink: /home/amrl_sunny/ros2_autonomous_vehicle_simulation/install/interfaces_pkg/local/lib/python3.10/dist-packages/interfaces_pkg/_interfaces_pkg_s.ep.rosidl_typesupport_fastrtps_c.c\n'}
[0.695906] (interfaces_pkg) StdoutLine: {'line': b'-- Up-to-date symlink: /home/amrl_sunny/ros2_autonomous_vehicle_simulation/install/interfaces_pkg/local/lib/python3.10/dist-packages/interfaces_pkg/_interfaces_pkg_s.ep.rosidl_typesupport_introspection_c.c\n'}
[0.695959] (interfaces_pkg) StdoutLine: {'line': b'-- Up-to-date symlink: /home/amrl_sunny/ros2_autonomous_vehicle_simulation/install/interfaces_pkg/local/lib/python3.10/dist-packages/interfaces_pkg/interfaces_pkg_s__rosidl_typesupport_c.cpython-310-x86_64-linux-gnu.so\n'}
[0.696014] (interfaces_pkg) StdoutLine: {'line': b'-- Up-to-date symlink: /home/amrl_sunny/ros2_autonomous_vehicle_simulation/install/interfaces_pkg/local/lib/python3.10/dist-packages/interfaces_pkg/interfaces_pkg_s__rosidl_typesupport_fastrtps_c.cpython-310-x86_64-linux-gnu.so\n'}
[0.696068] (interfaces_pkg) StdoutLine: {'line': b'-- Up-to-date symlink: /home/amrl_sunny/ros2_autonomous_vehicle_simulation/install/interfaces_pkg/local/lib/python3.10/dist-packages/interfaces_pkg/interfaces_pkg_s__rosidl_typesupport_introspection_c.cpython-310-x86_64-linux-gnu.so\n'}
[0.696253] (interfaces_pkg) StdoutLine: {'line': b'-- Up-to-date symlink: /home/amrl_sunny/ros2_autonomous_vehicle_simulation/install/interfaces_pkg/local/lib/python3.10/dist-packages/interfaces_pkg/libinterfaces_pkg__rosidl_generator_py.so\n'}
[0.696357] (interfaces_pkg) StdoutLine: {'line': b'-- Up-to-date symlink: /home/amrl_sunny/ros2_autonomous_vehicle_simulation/install/interfaces_pkg/local/lib/python3.10/dist-packages/interfaces_pkg/msg/__init__.py\n'}
[0.696422] (interfaces_pkg) StdoutLine: {'line': b'-- Up-to-date symlink: /home/amrl_sunny/ros2_autonomous_vehicle_simulation/install/interfaces_pkg/local/lib/python3.10/dist-packages/interfaces_pkg/msg/_bounding_box2_d.py\n'}
[0.696480] (interfaces_pkg) StdoutLine: {'line': b'-- Up-to-date symlink: /home/amrl_sunny/ros2_autonomous_vehicle_simulation/install/interfaces_pkg/local/lib/python3.10/dist-packages/interfaces_pkg/msg/_bounding_box2_d_s.c\n'}
[0.696538] (interfaces_pkg) StdoutLine: {'line': b'-- Up-to-date symlink: /home/amrl_sunny/ros2_autonomous_vehicle_simulation/install/interfaces_pkg/local/lib/python3.10/dist-packages/interfaces_pkg/msg/_bounding_box3_d.py\n'}
[0.696594] (interfaces_pkg) StdoutLine: {'line': b'-- Up-to-date symlink: /home/amrl_sunny/ros2_autonomous_vehicle_simulation/install/interfaces_pkg/local/lib/python3.10/dist-packages/interfaces_pkg/msg/_bounding_box3_d_s.c\n'}
[0.696649] (interfaces_pkg) StdoutLine: {'line': b'-- Up-to-date symlink: /home/amrl_sunny/ros2_autonomous_vehicle_simulation/install/interfaces_pkg/local/lib/python3.10/dist-packages/interfaces_pkg/msg/_detection.py\n'}
[0.696704] (interfaces_pkg) StdoutLine: {'line': b'-- Up-to-date symlink: /home/amrl_sunny/ros2_autonomous_vehicle_simulation/install/interfaces_pkg/local/lib/python3.10/dist-packages/interfaces_pkg/msg/_detection_array.py\n'}
[0.696758] (interfaces_pkg) StdoutLine: {'line': b'-- Up-to-date symlink: /home/amrl_sunny/ros2_autonomous_vehicle_simulation/install/interfaces_pkg/local/lib/python3.10/dist-packages/interfaces_pkg/msg/_detection_array_s.c\n'}
[0.696813] (interfaces_pkg) StdoutLine: {'line': b'-- Up-to-date symlink: /home/amrl_sunny/ros2_autonomous_vehicle_simulation/install/interfaces_pkg/local/lib/python3.10/dist-packages/interfaces_pkg/msg/_detection_s.c\n'}
[0.696868] (interfaces_pkg) StdoutLine: {'line': b'-- Up-to-date symlink: /home/amrl_sunny/ros2_autonomous_vehicle_simulation/install/interfaces_pkg/local/lib/python3.10/dist-packages/interfaces_pkg/msg/_key_point2_d.py\n'}
[0.696929] (interfaces_pkg) StdoutLine: {'line': b'-- Up-to-date symlink: /home/amrl_sunny/ros2_autonomous_vehicle_simulation/install/interfaces_pkg/local/lib/python3.10/dist-packages/interfaces_pkg/msg/_key_point2_d_array.py\n'}
[0.696986] (interfaces_pkg) StdoutLine: {'line': b'-- Up-to-date symlink: /home/amrl_sunny/ros2_autonomous_vehicle_simulation/install/interfaces_pkg/local/lib/python3.10/dist-packages/interfaces_pkg/msg/_key_point2_d_array_s.c\n'}
[0.697040] (interfaces_pkg) StdoutLine: {'line': b'-- Up-to-date symlink: /home/amrl_sunny/ros2_autonomous_vehicle_simulation/install/interfaces_pkg/local/lib/python3.10/dist-packages/interfaces_pkg/msg/_key_point2_d_s.c\n'}
[0.697094] (interfaces_pkg) StdoutLine: {'line': b'-- Up-to-date symlink: /home/amrl_sunny/ros2_autonomous_vehicle_simulation/install/interfaces_pkg/local/lib/python3.10/dist-packages/interfaces_pkg/msg/_key_point3_d.py\n'}
[0.697198] (interfaces_pkg) StdoutLine: {'line': b'-- Up-to-date symlink: /home/amrl_sunny/ros2_autonomous_vehicle_simulation/install/interfaces_pkg/local/lib/python3.10/dist-packages/interfaces_pkg/msg/_key_point3_d_array.py\n'}
[0.697265] (interfaces_pkg) StdoutLine: {'line': b'-- Up-to-date symlink: /home/amrl_sunny/ros2_autonomous_vehicle_simulation/install/interfaces_pkg/local/lib/python3.10/dist-packages/interfaces_pkg/msg/_key_point3_d_array_s.c\n'}
[0.697319] (interfaces_pkg) StdoutLine: {'line': b'-- Up-to-date symlink: /home/amrl_sunny/ros2_autonomous_vehicle_simulation/install/interfaces_pkg/local/lib/python3.10/dist-packages/interfaces_pkg/msg/_key_point3_d_s.c\n'}
[0.697386] (interfaces_pkg) StdoutLine: {'line': b'-- Up-to-date symlink: /home/amrl_sunny/ros2_autonomous_vehicle_simulation/install/interfaces_pkg/local/lib/python3.10/dist-packages/interfaces_pkg/msg/_lane_info.py\n'}
[0.697440] (interfaces_pkg) StdoutLine: {'line': b'-- Up-to-date symlink: /home/amrl_sunny/ros2_autonomous_vehicle_simulation/install/interfaces_pkg/local/lib/python3.10/dist-packages/interfaces_pkg/msg/_lane_info_s.c\n'}
[0.697493] (interfaces_pkg) StdoutLine: {'line': b'-- Up-to-date symlink: /home/amrl_sunny/ros2_autonomous_vehicle_simulation/install/interfaces_pkg/local/lib/python3.10/dist-packages/interfaces_pkg/msg/_mask.py\n'}
[0.697547] (interfaces_pkg) StdoutLine: {'line': b'-- Up-to-date symlink: /home/amrl_sunny/ros2_autonomous_vehicle_simulation/install/interfaces_pkg/local/lib/python3.10/dist-packages/interfaces_pkg/msg/_mask_s.c\n'}
[0.697600] (interfaces_pkg) StdoutLine: {'line': b'-- Up-to-date symlink: /home/amrl_sunny/ros2_autonomous_vehicle_simulation/install/interfaces_pkg/local/lib/python3.10/dist-packages/interfaces_pkg/msg/_motion_command.py\n'}
[0.697677] (interfaces_pkg) StdoutLine: {'line': b'-- Up-to-date symlink: /home/amrl_sunny/ros2_autonomous_vehicle_simulation/install/interfaces_pkg/local/lib/python3.10/dist-packages/interfaces_pkg/msg/_motion_command_s.c\n'}
[0.697731] (interfaces_pkg) StdoutLine: {'line': b'-- Up-to-date symlink: /home/amrl_sunny/ros2_autonomous_vehicle_simulation/install/interfaces_pkg/local/lib/python3.10/dist-packages/interfaces_pkg/msg/_path_planning_result.py\n'}
[0.697785] (interfaces_pkg) StdoutLine: {'line': b'-- Up-to-date symlink: /home/amrl_sunny/ros2_autonomous_vehicle_simulation/install/interfaces_pkg/local/lib/python3.10/dist-packages/interfaces_pkg/msg/_path_planning_result_s.c\n'}
[0.697838] (interfaces_pkg) StdoutLine: {'line': b'-- Up-to-date symlink: /home/amrl_sunny/ros2_autonomous_vehicle_simulation/install/interfaces_pkg/local/lib/python3.10/dist-packages/interfaces_pkg/msg/_point2_d.py\n'}
[0.697891] (interfaces_pkg) StdoutLine: {'line': b'-- Up-to-date symlink: /home/amrl_sunny/ros2_autonomous_vehicle_simulation/install/interfaces_pkg/local/lib/python3.10/dist-packages/interfaces_pkg/msg/_point2_d_s.c\n'}
[0.697944] (interfaces_pkg) StdoutLine: {'line': b'-- Up-to-date symlink: /home/amrl_sunny/ros2_autonomous_vehicle_simulation/install/interfaces_pkg/local/lib/python3.10/dist-packages/interfaces_pkg/msg/_pose2_d.py\n'}
[0.697997] (interfaces_pkg) StdoutLine: {'line': b'-- Up-to-date symlink: /home/amrl_sunny/ros2_autonomous_vehicle_simulation/install/interfaces_pkg/local/lib/python3.10/dist-packages/interfaces_pkg/msg/_pose2_d_s.c\n'}
[0.698051] (interfaces_pkg) StdoutLine: {'line': b'-- Up-to-date symlink: /home/amrl_sunny/ros2_autonomous_vehicle_simulation/install/interfaces_pkg/local/lib/python3.10/dist-packages/interfaces_pkg/msg/_target_point.py\n'}
[0.698104] (interfaces_pkg) StdoutLine: {'line': b'-- Up-to-date symlink: /home/amrl_sunny/ros2_autonomous_vehicle_simulation/install/interfaces_pkg/local/lib/python3.10/dist-packages/interfaces_pkg/msg/_target_point_s.c\n'}
[0.698202] (interfaces_pkg) StdoutLine: {'line': b'-- Up-to-date symlink: /home/amrl_sunny/ros2_autonomous_vehicle_simulation/install/interfaces_pkg/local/lib/python3.10/dist-packages/interfaces_pkg/msg/_vector2.py\n'}
[0.698258] (interfaces_pkg) StdoutLine: {'line': b'-- Up-to-date symlink: /home/amrl_sunny/ros2_autonomous_vehicle_simulation/install/interfaces_pkg/local/lib/python3.10/dist-packages/interfaces_pkg/msg/_vector2_s.c\n'}
[0.698332] (interfaces_pkg) StdoutLine: {'line': b'-- Up-to-date symlink: /home/amrl_sunny/ros2_autonomous_vehicle_simulation/install/interfaces_pkg/local/lib/python3.10/dist-packages/interfaces_pkg/interfaces_pkg_s__rosidl_typesupport_fastrtps_c.cpython-310-x86_64-linux-gnu.so\n'}
[0.698386] (interfaces_pkg) StdoutLine: {'line': b'-- Up-to-date symlink: /home/amrl_sunny/ros2_autonomous_vehicle_simulation/install/interfaces_pkg/local/lib/python3.10/dist-packages/interfaces_pkg/interfaces_pkg_s__rosidl_typesupport_introspection_c.cpython-310-x86_64-linux-gnu.so\n'}
[0.698451] (interfaces_pkg) StdoutLine: {'line': b'-- Up-to-date symlink: /home/amrl_sunny/ros2_autonomous_vehicle_simulation/install/interfaces_pkg/local/lib/python3.10/dist-packages/interfaces_pkg/interfaces_pkg_s__rosidl_typesupport_c.cpython-310-x86_64-linux-gnu.so\n'}
[0.698505] (interfaces_pkg) StdoutLine: {'line': b'-- Up-to-date symlink: /home/amrl_sunny/ros2_autonomous_vehicle_simulation/install/interfaces_pkg/share/interfaces_pkg/msg/Point2D.idl\n'}
[0.698559] (interfaces_pkg) StdoutLine: {'line': b'-- Up-to-date symlink: /home/amrl_sunny/ros2_autonomous_vehicle_simulation/install/interfaces_pkg/share/interfaces_pkg/msg/Vector2.idl\n'}
[0.698612] (interfaces_pkg) StdoutLine: {'line': b'-- Up-to-date symlink: /home/amrl_sunny/ros2_autonomous_vehicle_simulation/install/interfaces_pkg/share/interfaces_pkg/msg/Pose2D.idl\n'}
[0.698698] (interfaces_pkg) StdoutLine: {'line': b'-- Up-to-date symlink: /home/amrl_sunny/ros2_autonomous_vehicle_simulation/install/interfaces_pkg/share/interfaces_pkg/msg/BoundingBox2D.idl\n'}
[0.698752] (interfaces_pkg) StdoutLine: {'line': b'-- Up-to-date symlink: /home/amrl_sunny/ros2_autonomous_vehicle_simulation/install/interfaces_pkg/share/interfaces_pkg/msg/BoundingBox3D.idl\n'}
[0.698806] (interfaces_pkg) StdoutLine: {'line': b'-- Up-to-date symlink: /home/amrl_sunny/ros2_autonomous_vehicle_simulation/install/interfaces_pkg/share/interfaces_pkg/msg/Mask.idl\n'}
[0.698859] (interfaces_pkg) StdoutLine: {'line': b'-- Up-to-date symlink: /home/amrl_sunny/ros2_autonomous_vehicle_simulation/install/interfaces_pkg/share/interfaces_pkg/msg/KeyPoint2D.idl\n'}
[0.698911] (interfaces_pkg) StdoutLine: {'line': b'-- Up-to-date symlink: /home/amrl_sunny/ros2_autonomous_vehicle_simulation/install/interfaces_pkg/share/interfaces_pkg/msg/KeyPoint2DArray.idl\n'}
[0.698965] (interfaces_pkg) StdoutLine: {'line': b'-- Up-to-date symlink: /home/amrl_sunny/ros2_autonomous_vehicle_simulation/install/interfaces_pkg/share/interfaces_pkg/msg/KeyPoint3D.idl\n'}
[0.699017] (interfaces_pkg) StdoutLine: {'line': b'-- Up-to-date symlink: /home/amrl_sunny/ros2_autonomous_vehicle_simulation/install/interfaces_pkg/share/interfaces_pkg/msg/KeyPoint3DArray.idl\n'}
[0.699070] (interfaces_pkg) StdoutLine: {'line': b'-- Up-to-date symlink: /home/amrl_sunny/ros2_autonomous_vehicle_simulation/install/interfaces_pkg/share/interfaces_pkg/msg/Detection.idl\n'}
[0.699122] (interfaces_pkg) StdoutLine: {'line': b'-- Up-to-date symlink: /home/amrl_sunny/ros2_autonomous_vehicle_simulation/install/interfaces_pkg/share/interfaces_pkg/msg/DetectionArray.idl\n'}
[0.699211] (interfaces_pkg) StdoutLine: {'line': b'-- Up-to-date symlink: /home/amrl_sunny/ros2_autonomous_vehicle_simulation/install/interfaces_pkg/share/interfaces_pkg/msg/LaneInfo.idl\n'}
[0.699260] (interfaces_pkg) StdoutLine: {'line': b'-- Up-to-date symlink: /home/amrl_sunny/ros2_autonomous_vehicle_simulation/install/interfaces_pkg/share/interfaces_pkg/msg/MotionCommand.idl\n'}
[0.699311] (interfaces_pkg) StdoutLine: {'line': b'-- Up-to-date symlink: /home/amrl_sunny/ros2_autonomous_vehicle_simulation/install/interfaces_pkg/share/interfaces_pkg/msg/TargetPoint.idl\n'}
[0.699360] (interfaces_pkg) StdoutLine: {'line': b'-- Up-to-date symlink: /home/amrl_sunny/ros2_autonomous_vehicle_simulation/install/interfaces_pkg/share/interfaces_pkg/msg/PathPlanningResult.idl\n'}
[0.699408] (interfaces_pkg) StdoutLine: {'line': b'-- Up-to-date symlink: /home/amrl_sunny/ros2_autonomous_vehicle_simulation/install/interfaces_pkg/share/interfaces_pkg/msg/Point2D.msg\n'}
[0.699457] (interfaces_pkg) StdoutLine: {'line': b'-- Up-to-date symlink: /home/amrl_sunny/ros2_autonomous_vehicle_simulation/install/interfaces_pkg/share/interfaces_pkg/msg/Vector2.msg\n'}
[0.699506] (interfaces_pkg) StdoutLine: {'line': b'-- Up-to-date symlink: /home/amrl_sunny/ros2_autonomous_vehicle_simulation/install/interfaces_pkg/share/interfaces_pkg/msg/Pose2D.msg\n'}
[0.699560] (interfaces_pkg) StdoutLine: {'line': b'-- Up-to-date symlink: /home/amrl_sunny/ros2_autonomous_vehicle_simulation/install/interfaces_pkg/share/interfaces_pkg/msg/BoundingBox2D.msg\n'}
[0.699609] (interfaces_pkg) StdoutLine: {'line': b'-- Up-to-date symlink: /home/amrl_sunny/ros2_autonomous_vehicle_simulation/install/interfaces_pkg/share/interfaces_pkg/msg/BoundingBox3D.msg\n'}
[0.699659] (interfaces_pkg) StdoutLine: {'line': b'-- Up-to-date symlink: /home/amrl_sunny/ros2_autonomous_vehicle_simulation/install/interfaces_pkg/share/interfaces_pkg/msg/Mask.msg\n'}
[0.699708] (interfaces_pkg) StdoutLine: {'line': b'-- Up-to-date symlink: /home/amrl_sunny/ros2_autonomous_vehicle_simulation/install/interfaces_pkg/share/interfaces_pkg/msg/KeyPoint2D.msg\n'}
[0.699760] (interfaces_pkg) StdoutLine: {'line': b'-- Up-to-date symlink: /home/amrl_sunny/ros2_autonomous_vehicle_simulation/install/interfaces_pkg/share/interfaces_pkg/msg/KeyPoint2DArray.msg\n'}
[0.699811] (interfaces_pkg) StdoutLine: {'line': b'-- Up-to-date symlink: /home/amrl_sunny/ros2_autonomous_vehicle_simulation/install/interfaces_pkg/share/interfaces_pkg/msg/KeyPoint3D.msg\n'}
[0.699860] (interfaces_pkg) StdoutLine: {'line': b'-- Up-to-date symlink: /home/amrl_sunny/ros2_autonomous_vehicle_simulation/install/interfaces_pkg/share/interfaces_pkg/msg/KeyPoint3DArray.msg\n'}
[0.699909] (interfaces_pkg) StdoutLine: {'line': b'-- Up-to-date symlink: /home/amrl_sunny/ros2_autonomous_vehicle_simulation/install/interfaces_pkg/share/interfaces_pkg/msg/Detection.msg\n'}
[0.699958] (interfaces_pkg) StdoutLine: {'line': b'-- Up-to-date symlink: /home/amrl_sunny/ros2_autonomous_vehicle_simulation/install/interfaces_pkg/share/interfaces_pkg/msg/DetectionArray.msg\n'}
[0.700007] (interfaces_pkg) StdoutLine: {'line': b'-- Up-to-date symlink: /home/amrl_sunny/ros2_autonomous_vehicle_simulation/install/interfaces_pkg/share/interfaces_pkg/msg/LaneInfo.msg\n'}
[0.700056] (interfaces_pkg) StdoutLine: {'line': b'-- Up-to-date symlink: /home/amrl_sunny/ros2_autonomous_vehicle_simulation/install/interfaces_pkg/share/interfaces_pkg/msg/MotionCommand.msg\n'}
[0.700106] (interfaces_pkg) StdoutLine: {'line': b'-- Up-to-date symlink: /home/amrl_sunny/ros2_autonomous_vehicle_simulation/install/interfaces_pkg/share/interfaces_pkg/msg/TargetPoint.msg\n'}
[0.700164] (interfaces_pkg) StdoutLine: {'line': b'-- Up-to-date symlink: /home/amrl_sunny/ros2_autonomous_vehicle_simulation/install/interfaces_pkg/share/interfaces_pkg/msg/PathPlanningResult.msg\n'}
[0.700215] (interfaces_pkg) StdoutLine: {'line': b'-- Up-to-date symlink: /home/amrl_sunny/ros2_autonomous_vehicle_simulation/install/interfaces_pkg/share/ament_index/resource_index/package_run_dependencies/interfaces_pkg\n'}
[0.700274] (interfaces_pkg) StdoutLine: {'line': b'-- Up-to-date symlink: /home/amrl_sunny/ros2_autonomous_vehicle_simulation/install/interfaces_pkg/share/ament_index/resource_index/parent_prefix_path/interfaces_pkg\n'}
[0.700324] (interfaces_pkg) StdoutLine: {'line': b'-- Up-to-date symlink: /home/amrl_sunny/ros2_autonomous_vehicle_simulation/install/interfaces_pkg/share/interfaces_pkg/environment/ament_prefix_path.sh\n'}
[0.700374] (interfaces_pkg) StdoutLine: {'line': b'-- Up-to-date symlink: /home/amrl_sunny/ros2_autonomous_vehicle_simulation/install/interfaces_pkg/share/interfaces_pkg/environment/ament_prefix_path.dsv\n'}
[0.700423] (interfaces_pkg) StdoutLine: {'line': b'-- Up-to-date symlink: /home/amrl_sunny/ros2_autonomous_vehicle_simulation/install/interfaces_pkg/share/interfaces_pkg/environment/path.sh\n'}
[0.700472] (interfaces_pkg) StdoutLine: {'line': b'-- Up-to-date symlink: /home/amrl_sunny/ros2_autonomous_vehicle_simulation/install/interfaces_pkg/share/interfaces_pkg/environment/path.dsv\n'}
[0.700522] (interfaces_pkg) StdoutLine: {'line': b'-- Up-to-date symlink: /home/amrl_sunny/ros2_autonomous_vehicle_simulation/install/interfaces_pkg/share/interfaces_pkg/local_setup.bash\n'}
[0.700571] (interfaces_pkg) StdoutLine: {'line': b'-- Up-to-date symlink: /home/amrl_sunny/ros2_autonomous_vehicle_simulation/install/interfaces_pkg/share/interfaces_pkg/local_setup.sh\n'}
[0.700623] (interfaces_pkg) StdoutLine: {'line': b'-- Up-to-date symlink: /home/amrl_sunny/ros2_autonomous_vehicle_simulation/install/interfaces_pkg/share/interfaces_pkg/local_setup.zsh\n'}
[0.700672] (interfaces_pkg) StdoutLine: {'line': b'-- Up-to-date symlink: /home/amrl_sunny/ros2_autonomous_vehicle_simulation/install/interfaces_pkg/share/interfaces_pkg/local_setup.dsv\n'}
[0.700722] (interfaces_pkg) StdoutLine: {'line': b'-- Symlinking: /home/amrl_sunny/ros2_autonomous_vehicle_simulation/install/interfaces_pkg/share/interfaces_pkg/package.dsv\n'}
[0.701102] (-) TimerEvent: {}
[0.706908] (interfaces_pkg) StdoutLine: {'line': b'-- Up-to-date symlink: /home/amrl_sunny/ros2_autonomous_vehicle_simulation/install/interfaces_pkg/share/ament_index/resource_index/packages/interfaces_pkg\n'}
[0.707085] (interfaces_pkg) StdoutLine: {'line': b'-- Up-to-date symlink: /home/amrl_sunny/ros2_autonomous_vehicle_simulation/install/interfaces_pkg/share/interfaces_pkg/cmake/rosidl_cmake-extras.cmake\n'}
[0.707156] (interfaces_pkg) StdoutLine: {'line': b'-- Up-to-date symlink: /home/amrl_sunny/ros2_autonomous_vehicle_simulation/install/interfaces_pkg/share/interfaces_pkg/cmake/ament_cmake_export_dependencies-extras.cmake\n'}
[0.707238] (interfaces_pkg) StdoutLine: {'line': b'-- Up-to-date symlink: /home/amrl_sunny/ros2_autonomous_vehicle_simulation/install/interfaces_pkg/share/interfaces_pkg/cmake/ament_cmake_export_include_directories-extras.cmake\n'}
[0.707305] (interfaces_pkg) StdoutLine: {'line': b'-- Up-to-date symlink: /home/amrl_sunny/ros2_autonomous_vehicle_simulation/install/interfaces_pkg/share/interfaces_pkg/cmake/ament_cmake_export_libraries-extras.cmake\n'}
[0.707358] (interfaces_pkg) StdoutLine: {'line': b'-- Up-to-date symlink: /home/amrl_sunny/ros2_autonomous_vehicle_simulation/install/interfaces_pkg/share/interfaces_pkg/cmake/ament_cmake_export_targets-extras.cmake\n'}
[0.707430] (interfaces_pkg) StdoutLine: {'line': b'-- Up-to-date symlink: /home/amrl_sunny/ros2_autonomous_vehicle_simulation/install/interfaces_pkg/share/interfaces_pkg/cmake/rosidl_cmake_export_typesupport_targets-extras.cmake\n'}
[0.707482] (interfaces_pkg) StdoutLine: {'line': b'-- Up-to-date symlink: /home/amrl_sunny/ros2_autonomous_vehicle_simulation/install/interfaces_pkg/share/interfaces_pkg/cmake/rosidl_cmake_export_typesupport_libraries-extras.cmake\n'}
[0.707531] (interfaces_pkg) StdoutLine: {'line': b'-- Up-to-date symlink: /home/amrl_sunny/ros2_autonomous_vehicle_simulation/install/interfaces_pkg/share/interfaces_pkg/cmake/interfaces_pkgConfig.cmake\n'}
[0.707583] (interfaces_pkg) StdoutLine: {'line': b'-- Up-to-date symlink: /home/amrl_sunny/ros2_autonomous_vehicle_simulation/install/interfaces_pkg/share/interfaces_pkg/cmake/interfaces_pkgConfig-version.cmake\n'}
[0.707636] (interfaces_pkg) StdoutLine: {'line': b'-- Up-to-date symlink: /home/amrl_sunny/ros2_autonomous_vehicle_simulation/install/interfaces_pkg/share/interfaces_pkg/package.xml\n'}
[0.707705] (interfaces_pkg) StdoutLine: {'line': b'-- Up-to-date: /home/amrl_sunny/ros2_autonomous_vehicle_simulation/install/interfaces_pkg/lib/libinterfaces_pkg__rosidl_generator_c.so\n'}
[0.707781] (interfaces_pkg) StdoutLine: {'line': b'-- Up-to-date: /home/amrl_sunny/ros2_autonomous_vehicle_simulation/install/interfaces_pkg/lib/libinterfaces_pkg__rosidl_typesupport_fastrtps_c.so\n'}
[0.707832] (interfaces_pkg) StdoutLine: {'line': b'-- Up-to-date: /home/amrl_sunny/ros2_autonomous_vehicle_simulation/install/interfaces_pkg/lib/libinterfaces_pkg__rosidl_typesupport_introspection_c.so\n'}
[0.707890] (interfaces_pkg) StdoutLine: {'line': b'-- Up-to-date: /home/amrl_sunny/ros2_autonomous_vehicle_simulation/install/interfaces_pkg/lib/libinterfaces_pkg__rosidl_typesupport_c.so\n'}
[0.707955] (interfaces_pkg) StdoutLine: {'line': b'-- Up-to-date: /home/amrl_sunny/ros2_autonomous_vehicle_simulation/install/interfaces_pkg/lib/libinterfaces_pkg__rosidl_typesupport_fastrtps_cpp.so\n'}
[0.708037] (interfaces_pkg) StdoutLine: {'line': b'-- Up-to-date: /home/amrl_sunny/ros2_autonomous_vehicle_simulation/install/interfaces_pkg/lib/libinterfaces_pkg__rosidl_typesupport_introspection_cpp.so\n'}
[0.708133] (interfaces_pkg) StdoutLine: {'line': b'-- Up-to-date: /home/amrl_sunny/ros2_autonomous_vehicle_simulation/install/interfaces_pkg/lib/libinterfaces_pkg__rosidl_typesupport_cpp.so\n'}
[0.728747] (interfaces_pkg) StdoutLine: {'line': b"Listing '/home/amrl_sunny/ros2_autonomous_vehicle_simulation/install/interfaces_pkg/local/lib/python3.10/dist-packages/interfaces_pkg'...\n"}
[0.728873] (interfaces_pkg) StdoutLine: {'line': b"Listing '/home/amrl_sunny/ros2_autonomous_vehicle_simulation/install/interfaces_pkg/local/lib/python3.10/dist-packages/interfaces_pkg/msg'...\n"}
[0.731198] (interfaces_pkg) StdoutLine: {'line': b'-- Up-to-date: /home/amrl_sunny/ros2_autonomous_vehicle_simulation/install/interfaces_pkg/lib/libinterfaces_pkg__rosidl_generator_py.so\n'}
[0.731345] (interfaces_pkg) StdoutLine: {'line': b'-- Up-to-date: /home/amrl_sunny/ros2_autonomous_vehicle_simulation/install/interfaces_pkg/share/interfaces_pkg/cmake/export_interfaces_pkg__rosidl_generator_cExport.cmake\n'}
[0.731419] (interfaces_pkg) StdoutLine: {'line': b'-- Up-to-date: /home/amrl_sunny/ros2_autonomous_vehicle_simulation/install/interfaces_pkg/share/interfaces_pkg/cmake/export_interfaces_pkg__rosidl_generator_cExport-noconfig.cmake\n'}
[0.731488] (interfaces_pkg) StdoutLine: {'line': b'-- Up-to-date: /home/amrl_sunny/ros2_autonomous_vehicle_simulation/install/interfaces_pkg/share/interfaces_pkg/cmake/export_interfaces_pkg__rosidl_typesupport_fastrtps_cExport.cmake\n'}
[0.731543] (interfaces_pkg) StdoutLine: {'line': b'-- Up-to-date: /home/amrl_sunny/ros2_autonomous_vehicle_simulation/install/interfaces_pkg/share/interfaces_pkg/cmake/export_interfaces_pkg__rosidl_typesupport_fastrtps_cExport-noconfig.cmake\n'}
[0.731634] (interfaces_pkg) StdoutLine: {'line': b'-- Up-to-date: /home/amrl_sunny/ros2_autonomous_vehicle_simulation/install/interfaces_pkg/share/interfaces_pkg/cmake/interfaces_pkg__rosidl_typesupport_introspection_cExport.cmake\n'}
[0.731688] (interfaces_pkg) StdoutLine: {'line': b'-- Up-to-date: /home/amrl_sunny/ros2_autonomous_vehicle_simulation/install/interfaces_pkg/share/interfaces_pkg/cmake/interfaces_pkg__rosidl_typesupport_introspection_cExport-noconfig.cmake\n'}
[0.731742] (interfaces_pkg) StdoutLine: {'line': b'-- Up-to-date: /home/amrl_sunny/ros2_autonomous_vehicle_simulation/install/interfaces_pkg/share/interfaces_pkg/cmake/interfaces_pkg__rosidl_typesupport_cExport.cmake\n'}
[0.731795] (interfaces_pkg) StdoutLine: {'line': b'-- Up-to-date: /home/amrl_sunny/ros2_autonomous_vehicle_simulation/install/interfaces_pkg/share/interfaces_pkg/cmake/interfaces_pkg__rosidl_typesupport_cExport-noconfig.cmake\n'}
[0.731850] (interfaces_pkg) StdoutLine: {'line': b'-- Up-to-date: /home/amrl_sunny/ros2_autonomous_vehicle_simulation/install/interfaces_pkg/share/interfaces_pkg/cmake/export_interfaces_pkg__rosidl_generator_cppExport.cmake\n'}
[0.731903] (interfaces_pkg) StdoutLine: {'line': b'-- Up-to-date: /home/amrl_sunny/ros2_autonomous_vehicle_simulation/install/interfaces_pkg/share/interfaces_pkg/cmake/export_interfaces_pkg__rosidl_typesupport_fastrtps_cppExport.cmake\n'}
[0.731986] (interfaces_pkg) StdoutLine: {'line': b'-- Up-to-date: /home/amrl_sunny/ros2_autonomous_vehicle_simulation/install/interfaces_pkg/share/interfaces_pkg/cmake/export_interfaces_pkg__rosidl_typesupport_fastrtps_cppExport-noconfig.cmake\n'}
[0.732038] (interfaces_pkg) StdoutLine: {'line': b'-- Up-to-date: /home/amrl_sunny/ros2_autonomous_vehicle_simulation/install/interfaces_pkg/share/interfaces_pkg/cmake/interfaces_pkg__rosidl_typesupport_introspection_cppExport.cmake\n'}
[0.732088] (interfaces_pkg) StdoutLine: {'line': b'-- Up-to-date: /home/amrl_sunny/ros2_autonomous_vehicle_simulation/install/interfaces_pkg/share/interfaces_pkg/cmake/interfaces_pkg__rosidl_typesupport_introspection_cppExport-noconfig.cmake\n'}
[0.732144] (interfaces_pkg) StdoutLine: {'line': b'-- Up-to-date: /home/amrl_sunny/ros2_autonomous_vehicle_simulation/install/interfaces_pkg/share/interfaces_pkg/cmake/interfaces_pkg__rosidl_typesupport_cppExport.cmake\n'}
[0.732202] (interfaces_pkg) StdoutLine: {'line': b'-- Up-to-date: /home/amrl_sunny/ros2_autonomous_vehicle_simulation/install/interfaces_pkg/share/interfaces_pkg/cmake/interfaces_pkg__rosidl_typesupport_cppExport-noconfig.cmake\n'}
[0.732252] (interfaces_pkg) StdoutLine: {'line': b'-- Up-to-date: /home/amrl_sunny/ros2_autonomous_vehicle_simulation/install/interfaces_pkg/share/interfaces_pkg/cmake/export_interfaces_pkg__rosidl_generator_pyExport.cmake\n'}
[0.732302] (interfaces_pkg) StdoutLine: {'line': b'-- Up-to-date: /home/amrl_sunny/ros2_autonomous_vehicle_simulation/install/interfaces_pkg/share/interfaces_pkg/cmake/export_interfaces_pkg__rosidl_generator_pyExport-noconfig.cmake\n'}
[0.733305] (interfaces_pkg) CommandEnded: {'returncode': 0}
[0.749930] (interfaces_pkg) JobEnded: {'identifier': 'interfaces_pkg', 'rc': 0}
[0.801293] (-) TimerEvent: {}
[0.826054] (camera_perception_pkg) Command: {'cmd': ['/usr/bin/python3', '-W', 'ignore:setup.py install is deprecated', '-W', 'ignore:easy_install command is deprecated', 'setup.py', 'develop', '--editable', '--build-directory', '/home/amrl_sunny/ros2_autonomous_vehicle_simulation/build/camera_perception_pkg/build', '--no-deps', 'symlink_data'], 'cwd': '/home/amrl_sunny/ros2_autonomous_vehicle_simulation/build/camera_perception_pkg', 'env': {'LESSOPEN': '| /usr/bin/lesspipe %s', 'LANGUAGE': 'ko:en', 'USER': 'amrl_sunny', 'LC_TIME': 'ko_KR.UTF-8', 'XDG_SESSION_TYPE': 'x11', 'SHLVL': '1', 'LD_LIBRARY_PATH': '/home/amrl_sunny/ros2_autonomous_vehicle_simulation/install/interfaces_pkg/lib:/opt/ros/humble/opt/rviz_ogre_vendor/lib:/usr/lib/x86_64-linux-gnu/gazebo-11/plugins:/opt/ros/humble/lib/x86_64-linux-gnu:/opt/ros/humble/lib', 'HOME': '/home/amrl_sunny', 'OLDPWD': '/home/amrl_sunny/ros2_autonomous_vehicle_simulation/install', 'DESKTOP_SESSION': 'ubuntu', 'ROS_PYTHON_VERSION': '3', 'GNOME_SHELL_SESSION_MODE': 'ubuntu', 'GTK_MODULES': 'gail:atk-bridge', 'XDG_SEAT_PATH': '/org/freedesktop/DisplayManager/Seat0', 'LC_MONETARY': 'ko_KR.UTF-8', 'SYSTEMD_EXEC_PID': '1883', 'DBUS_SESSION_BUS_ADDRESS': 'unix:path=/run/user/1000/bus', 'COLORTERM': 'truecolor', 'COLCON_PREFIX_PATH': '/home/amrl_sunny/ros2_autonomous_vehicle_simulation/install:/home/amrl_sunny/2025_jacapdi/install', 'ROS_DISTRO': 'humble', 'GTK_IM_MODULE': 'ibus', 'LOGNAME': 'amrl_sunny', '_': '/usr/bin/colcon', 'ROS_VERSION': '2', 'XDG_SESSION_CLASS': 'user', 'TERM': 'xterm-256color', 'GNOME_DESKTOP_SESSION_ID': 'this-is-deprecated', 'ROS_LOCALHOST_ONLY': '0', 'PATH': '/opt/ros/humble/bin:/home/amrl_sunny/.local/bin:/usr/local/sbin:/usr/local/bin:/usr/sbin:/usr/bin:/sbin:/bin:/usr/games:/usr/local/games:/snap/bin', 'SESSION_MANAGER': 'local/amrl-desktop:@/tmp/.ICE-unix/1667,unix/amrl-desktop:/tmp/.ICE-unix/1667', 'GDM_LANG': 'ko', 'PAPERSIZE': 'a4', 'XDG_SESSION_PATH': '/org/freedesktop/DisplayManager/Session0', 'XDG_MENU_PREFIX': 'gnome-', 'LC_ADDRESS': 'ko_KR.UTF-8', 'GNOME_TERMINAL_SCREEN': '/org/gnome/Terminal/screen/749011a1_a9ba_417b_92ef_a087b4eec115', 'XDG_RUNTIME_DIR': '/run/user/1000', 'DISPLAY': ':0', 'LANG': 'ko_KR.UTF-8', 'XDG_CURRENT_DESKTOP': 'ubuntu:GNOME', 'LC_TELEPHONE': 'ko_KR.UTF-8', 'XMODIFIERS': '@im=ibus', 'XDG_SESSION_DESKTOP': 'ubuntu', 'XAUTHORITY': '/home/amrl_sunny/.Xauthority', 'LS_COLORS': 'rs=0:di=01;34:ln=01;36:mh=00:pi=40;33:so=01;35:do=01;35:bd=40;33;01:cd=40;33;01:or=40;31;01:mi=00:su=37;41:sg=30;43:ca=30;41:tw=30;42:ow=34;42:st=37;44:ex=01;32:*.tar=01;31:*.tgz=01;31:*.arc=01;31:*.arj=01;31:*.taz=01;31:*.lha=01;31:*.lz4=01;31:*.lzh=01;31:*.lzma=01;31:*.tlz=01;31:*.txz=01;31:*.tzo=01;31:*.t7z=01;31:*.zip=01;31:*.z=01;31:*.dz=01;31:*.gz=01;31:*.lrz=01;31:*.lz=01;31:*.lzo=01;31:*.xz=01;31:*.zst=01;31:*.tzst=01;31:*.bz2=01;31:*.bz=01;31:*.tbz=01;31:*.tbz2=01;31:*.tz=01;31:*.deb=01;31:*.rpm=01;31:*.jar=01;31:*.war=01;31:*.ear=01;31:*.sar=01;31:*.rar=01;31:*.alz=01;31:*.ace=01;31:*.zoo=01;31:*.cpio=01;31:*.7z=01;31:*.rz=01;31:*.cab=01;31:*.wim=01;31:*.swm=01;31:*.dwm=01;31:*.esd=01;31:*.jpg=01;35:*.jpeg=01;35:*.mjpg=01;35:*.mjpeg=01;35:*.gif=01;35:*.bmp=01;35:*.pbm=01;35:*.pgm=01;35:*.ppm=01;35:*.tga=01;35:*.xbm=01;35:*.xpm=01;35:*.tif=01;35:*.tiff=01;35:*.png=01;35:*.svg=01;35:*.svgz=01;35:*.mng=01;35:*.pcx=01;35:*.mov=01;35:*.mpg=01;35:*.mpeg=01;35:*.m2v=01;35:*.mkv=01;35:*.webm=01;35:*.webp=01;35:*.ogm=01;35:*.mp4=01;35:*.m4v=01;35:*.mp4v=01;35:*.vob=01;35:*.qt=01;35:*.nuv=01;35:*.wmv=01;35:*.asf=01;35:*.rm=01;35:*.rmvb=01;35:*.flc=01;35:*.avi=01;35:*.fli=01;35:*.flv=01;35:*.gl=01;35:*.dl=01;35:*.xcf=01;35:*.xwd=01;35:*.yuv=01;35:*.cgm=01;35:*.emf=01;35:*.ogv=01;35:*.ogx=01;35:*.aac=00;36:*.au=00;36:*.flac=00;36:*.m4a=00;36:*.mid=00;36:*.midi=00;36:*.mka=00;36:*.mp3=00;36:*.mpc=00;36:*.ogg=00;36:*.ra=00;36:*.wav=00;36:*.oga=00;36:*.opus=00;36:*.spx=00;36:*.xspf=00;36:', 'GNOME_TERMINAL_SERVICE': ':1.30987', 'SSH_AGENT_LAUNCHER': 'gnome-keyring', 'SSH_AUTH_SOCK': '/run/user/1000/keyring/ssh', 'ROS_DOMAIN_ID': '0', 'XDG_GREETER_DATA_DIR': '/var/lib/lightdm-data/amrl_sunny', 'AMENT_PREFIX_PATH': '/home/amrl_sunny/ros2_autonomous_vehicle_simulation/install/lidar_perception_pkg:/home/amrl_sunny/ros2_autonomous_vehicle_simulation/install/simulation_pkg:/home/amrl_sunny/ros2_autonomous_vehicle_simulation/install/debug_pkg:/home/amrl_sunny/ros2_autonomous_vehicle_simulation/install/decision_making_pkg:/home/amrl_sunny/ros2_autonomous_vehicle_simulation/install/camera_perception_pkg:/home/amrl_sunny/ros2_autonomous_vehicle_simulation/install/interfaces_pkg:/home/amrl_sunny/2025_jacapdi/install/simulation_pkg:/home/amrl_sunny/2025_jacapdi/install/debug_pkg:/home/amrl_sunny/2025_jacapdi/install/decision_making_pkg:/home/amrl_sunny/2025_jacapdi/install/camera_perception_pkg:/opt/ros/humble', 'SHELL': '/bin/bash', 'LC_NAME': 'ko_KR.UTF-8', 'QT_ACCESSIBILITY': '1', 'GDMSESSION': 'ubuntu', 'LESSCLOSE': '/usr/bin/lesspipe %s %s', 'LC_MEASUREMENT': 'ko_KR.UTF-8', 'GPG_AGENT_INFO': '/run/user/1000/gnupg/S.gpg-agent:0:1', 'LC_IDENTIFICATION': 'ko_KR.UTF-8', 'QT_IM_MODULE': 'ibus', 'PWD': '/home/amrl_sunny/ros2_autonomous_vehicle_simulation/build/camera_perception_pkg', 'XDG_CONFIG_DIRS': '/etc/xdg/xdg-ubuntu:/etc/xdg', 'XDG_DATA_DIRS': '/usr/share/ubuntu:/usr/share/gnome:/usr/local/share:/usr/share:/var/lib/snapd/desktop', 'PYTHONPATH': '/home/amrl_sunny/ros2_autonomous_vehicle_simulation/build/camera_perception_pkg/prefix_override:/usr/lib/python3/dist-packages/colcon_core/task/python/colcon_distutils_commands:/home/amrl_sunny/ros2_autonomous_vehicle_simulation/install/camera_perception_pkg/lib/python3.10/site-packages:/home/amrl_sunny/ros2_autonomous_vehicle_simulation/build/lidar_perception_pkg:/home/amrl_sunny/ros2_autonomous_vehicle_simulation/install/lidar_perception_pkg/lib/python3.10/site-packages:/home/amrl_sunny/ros2_autonomous_vehicle_simulation/build/simulation_pkg:/home/amrl_sunny/ros2_autonomous_vehicle_simulation/install/simulation_pkg/lib/python3.10/site-packages:/home/amrl_sunny/ros2_autonomous_vehicle_simulation/build/debug_pkg:/home/amrl_sunny/ros2_autonomous_vehicle_simulation/install/debug_pkg/lib/python3.10/site-packages:/home/amrl_sunny/ros2_autonomous_vehicle_simulation/build/decision_making_pkg:/home/amrl_sunny/ros2_autonomous_vehicle_simulation/install/decision_making_pkg/lib/python3.10/site-packages:/home/amrl_sunny/ros2_autonomous_vehicle_simulation/build/camera_perception_pkg:/home/amrl_sunny/ros2_autonomous_vehicle_simulation/install/camera_perception_pkg/lib/python3.10/site-packages:/home/amrl_sunny/ros2_autonomous_vehicle_simulation/install/interfaces_pkg/local/lib/python3.10/dist-packages:/home/amrl_sunny/2025_jacapdi/build/simulation_pkg:/home/amrl_sunny/2025_jacapdi/install/simulation_pkg/lib/python3.10/site-packages:/home/amrl_sunny/2025_jacapdi/build/debug_pkg:/home/amrl_sunny/2025_jacapdi/install/debug_pkg/lib/python3.10/site-packages:/home/amrl_sunny/2025_jacapdi/build/decision_making_pkg:/home/amrl_sunny/2025_jacapdi/install/decision_making_pkg/lib/python3.10/site-packages:/home/amrl_sunny/2025_jacapdi/build/camera_perception_pkg:/home/amrl_sunny/2025_jacapdi/install/camera_perception_pkg/lib/python3.10/site-packages:/opt/ros/humble/lib/python3.10/site-packages:/opt/ros/humble/local/lib/python3.10/dist-packages', 'LC_NUMERIC': 'ko_KR.UTF-8', 'LC_PAPER': 'ko_KR.UTF-8', 'COLCON': '1', 'VTE_VERSION': '6800', 'CMAKE_PREFIX_PATH': '/home/amrl_sunny/ros2_autonomous_vehicle_simulation/install/interfaces_pkg'}, 'shell': False}
[0.829624] (debug_pkg) Command: {'cmd': ['/usr/bin/python3', '-W', 'ignore:setup.py install is deprecated', '-W', 'ignore:easy_install command is deprecated', 'setup.py', 'develop', '--editable', '--build-directory', '/home/amrl_sunny/ros2_autonomous_vehicle_simulation/build/debug_pkg/build', '--no-deps', 'symlink_data'], 'cwd': '/home/amrl_sunny/ros2_autonomous_vehicle_simulation/build/debug_pkg', 'env': {'LESSOPEN': '| /usr/bin/lesspipe %s', 'LANGUAGE': 'ko:en', 'USER': 'amrl_sunny', 'LC_TIME': 'ko_KR.UTF-8', 'XDG_SESSION_TYPE': 'x11', 'SHLVL': '1', 'LD_LIBRARY_PATH': '/home/amrl_sunny/ros2_autonomous_vehicle_simulation/install/interfaces_pkg/lib:/opt/ros/humble/opt/rviz_ogre_vendor/lib:/usr/lib/x86_64-linux-gnu/gazebo-11/plugins:/opt/ros/humble/lib/x86_64-linux-gnu:/opt/ros/humble/lib', 'HOME': '/home/amrl_sunny', 'OLDPWD': '/home/amrl_sunny/ros2_autonomous_vehicle_simulation/install', 'DESKTOP_SESSION': 'ubuntu', 'ROS_PYTHON_VERSION': '3', 'GNOME_SHELL_SESSION_MODE': 'ubuntu', 'GTK_MODULES': 'gail:atk-bridge', 'XDG_SEAT_PATH': '/org/freedesktop/DisplayManager/Seat0', 'LC_MONETARY': 'ko_KR.UTF-8', 'SYSTEMD_EXEC_PID': '1883', 'DBUS_SESSION_BUS_ADDRESS': 'unix:path=/run/user/1000/bus', 'COLORTERM': 'truecolor', 'COLCON_PREFIX_PATH': '/home/amrl_sunny/ros2_autonomous_vehicle_simulation/install:/home/amrl_sunny/2025_jacapdi/install', 'ROS_DISTRO': 'humble', 'GTK_IM_MODULE': 'ibus', 'LOGNAME': 'amrl_sunny', '_': '/usr/bin/colcon', 'ROS_VERSION': '2', 'XDG_SESSION_CLASS': 'user', 'TERM': 'xterm-256color', 'GNOME_DESKTOP_SESSION_ID': 'this-is-deprecated', 'ROS_LOCALHOST_ONLY': '0', 'PATH': '/opt/ros/humble/bin:/home/amrl_sunny/.local/bin:/usr/local/sbin:/usr/local/bin:/usr/sbin:/usr/bin:/sbin:/bin:/usr/games:/usr/local/games:/snap/bin', 'SESSION_MANAGER': 'local/amrl-desktop:@/tmp/.ICE-unix/1667,unix/amrl-desktop:/tmp/.ICE-unix/1667', 'GDM_LANG': 'ko', 'PAPERSIZE': 'a4', 'XDG_SESSION_PATH': '/org/freedesktop/DisplayManager/Session0', 'XDG_MENU_PREFIX': 'gnome-', 'LC_ADDRESS': 'ko_KR.UTF-8', 'GNOME_TERMINAL_SCREEN': '/org/gnome/Terminal/screen/749011a1_a9ba_417b_92ef_a087b4eec115', 'XDG_RUNTIME_DIR': '/run/user/1000', 'DISPLAY': ':0', 'LANG': 'ko_KR.UTF-8', 'XDG_CURRENT_DESKTOP': 'ubuntu:GNOME', 'LC_TELEPHONE': 'ko_KR.UTF-8', 'XMODIFIERS': '@im=ibus', 'XDG_SESSION_DESKTOP': 'ubuntu', 'XAUTHORITY': '/home/amrl_sunny/.Xauthority', 'LS_COLORS': 'rs=0:di=01;34:ln=01;36:mh=00:pi=40;33:so=01;35:do=01;35:bd=40;33;01:cd=40;33;01:or=40;31;01:mi=00:su=37;41:sg=30;43:ca=30;41:tw=30;42:ow=34;42:st=37;44:ex=01;32:*.tar=01;31:*.tgz=01;31:*.arc=01;31:*.arj=01;31:*.taz=01;31:*.lha=01;31:*.lz4=01;31:*.lzh=01;31:*.lzma=01;31:*.tlz=01;31:*.txz=01;31:*.tzo=01;31:*.t7z=01;31:*.zip=01;31:*.z=01;31:*.dz=01;31:*.gz=01;31:*.lrz=01;31:*.lz=01;31:*.lzo=01;31:*.xz=01;31:*.zst=01;31:*.tzst=01;31:*.bz2=01;31:*.bz=01;31:*.tbz=01;31:*.tbz2=01;31:*.tz=01;31:*.deb=01;31:*.rpm=01;31:*.jar=01;31:*.war=01;31:*.ear=01;31:*.sar=01;31:*.rar=01;31:*.alz=01;31:*.ace=01;31:*.zoo=01;31:*.cpio=01;31:*.7z=01;31:*.rz=01;31:*.cab=01;31:*.wim=01;31:*.swm=01;31:*.dwm=01;31:*.esd=01;31:*.jpg=01;35:*.jpeg=01;35:*.mjpg=01;35:*.mjpeg=01;35:*.gif=01;35:*.bmp=01;35:*.pbm=01;35:*.pgm=01;35:*.ppm=01;35:*.tga=01;35:*.xbm=01;35:*.xpm=01;35:*.tif=01;35:*.tiff=01;35:*.png=01;35:*.svg=01;35:*.svgz=01;35:*.mng=01;35:*.pcx=01;35:*.mov=01;35:*.mpg=01;35:*.mpeg=01;35:*.m2v=01;35:*.mkv=01;35:*.webm=01;35:*.webp=01;35:*.ogm=01;35:*.mp4=01;35:*.m4v=01;35:*.mp4v=01;35:*.vob=01;35:*.qt=01;35:*.nuv=01;35:*.wmv=01;35:*.asf=01;35:*.rm=01;35:*.rmvb=01;35:*.flc=01;35:*.avi=01;35:*.fli=01;35:*.flv=01;35:*.gl=01;35:*.dl=01;35:*.xcf=01;35:*.xwd=01;35:*.yuv=01;35:*.cgm=01;35:*.emf=01;35:*.ogv=01;35:*.ogx=01;35:*.aac=00;36:*.au=00;36:*.flac=00;36:*.m4a=00;36:*.mid=00;36:*.midi=00;36:*.mka=00;36:*.mp3=00;36:*.mpc=00;36:*.ogg=00;36:*.ra=00;36:*.wav=00;36:*.oga=00;36:*.opus=00;36:*.spx=00;36:*.xspf=00;36:', 'GNOME_TERMINAL_SERVICE': ':1.30987', 'SSH_AGENT_LAUNCHER': 'gnome-keyring', 'SSH_AUTH_SOCK': '/run/user/1000/keyring/ssh', 'ROS_DOMAIN_ID': '0', 'XDG_GREETER_DATA_DIR': '/var/lib/lightdm-data/amrl_sunny', 'AMENT_PREFIX_PATH': '/home/amrl_sunny/ros2_autonomous_vehicle_simulation/install/lidar_perception_pkg:/home/amrl_sunny/ros2_autonomous_vehicle_simulation/install/simulation_pkg:/home/amrl_sunny/ros2_autonomous_vehicle_simulation/install/debug_pkg:/home/amrl_sunny/ros2_autonomous_vehicle_simulation/install/decision_making_pkg:/home/amrl_sunny/ros2_autonomous_vehicle_simulation/install/camera_perception_pkg:/home/amrl_sunny/ros2_autonomous_vehicle_simulation/install/interfaces_pkg:/home/amrl_sunny/2025_jacapdi/install/simulation_pkg:/home/amrl_sunny/2025_jacapdi/install/debug_pkg:/home/amrl_sunny/2025_jacapdi/install/decision_making_pkg:/home/amrl_sunny/2025_jacapdi/install/camera_perception_pkg:/opt/ros/humble', 'SHELL': '/bin/bash', 'LC_NAME': 'ko_KR.UTF-8', 'QT_ACCESSIBILITY': '1', 'GDMSESSION': 'ubuntu', 'LESSCLOSE': '/usr/bin/lesspipe %s %s', 'LC_MEASUREMENT': 'ko_KR.UTF-8', 'GPG_AGENT_INFO': '/run/user/1000/gnupg/S.gpg-agent:0:1', 'LC_IDENTIFICATION': 'ko_KR.UTF-8', 'QT_IM_MODULE': 'ibus', 'PWD': '/home/amrl_sunny/ros2_autonomous_vehicle_simulation/build/debug_pkg', 'XDG_CONFIG_DIRS': '/etc/xdg/xdg-ubuntu:/etc/xdg', 'XDG_DATA_DIRS': '/usr/share/ubuntu:/usr/share/gnome:/usr/local/share:/usr/share:/var/lib/snapd/desktop', 'PYTHONPATH': '/home/amrl_sunny/ros2_autonomous_vehicle_simulation/build/debug_pkg/prefix_override:/usr/lib/python3/dist-packages/colcon_core/task/python/colcon_distutils_commands:/home/amrl_sunny/ros2_autonomous_vehicle_simulation/install/debug_pkg/lib/python3.10/site-packages:/home/amrl_sunny/ros2_autonomous_vehicle_simulation/build/lidar_perception_pkg:/home/amrl_sunny/ros2_autonomous_vehicle_simulation/install/lidar_perception_pkg/lib/python3.10/site-packages:/home/amrl_sunny/ros2_autonomous_vehicle_simulation/build/simulation_pkg:/home/amrl_sunny/ros2_autonomous_vehicle_simulation/install/simulation_pkg/lib/python3.10/site-packages:/home/amrl_sunny/ros2_autonomous_vehicle_simulation/build/debug_pkg:/home/amrl_sunny/ros2_autonomous_vehicle_simulation/install/debug_pkg/lib/python3.10/site-packages:/home/amrl_sunny/ros2_autonomous_vehicle_simulation/build/decision_making_pkg:/home/amrl_sunny/ros2_autonomous_vehicle_simulation/install/decision_making_pkg/lib/python3.10/site-packages:/home/amrl_sunny/ros2_autonomous_vehicle_simulation/build/camera_perception_pkg:/home/amrl_sunny/ros2_autonomous_vehicle_simulation/install/camera_perception_pkg/lib/python3.10/site-packages:/home/amrl_sunny/ros2_autonomous_vehicle_simulation/install/interfaces_pkg/local/lib/python3.10/dist-packages:/home/amrl_sunny/2025_jacapdi/build/simulation_pkg:/home/amrl_sunny/2025_jacapdi/install/simulation_pkg/lib/python3.10/site-packages:/home/amrl_sunny/2025_jacapdi/build/debug_pkg:/home/amrl_sunny/2025_jacapdi/install/debug_pkg/lib/python3.10/site-packages:/home/amrl_sunny/2025_jacapdi/build/decision_making_pkg:/home/amrl_sunny/2025_jacapdi/install/decision_making_pkg/lib/python3.10/site-packages:/home/amrl_sunny/2025_jacapdi/build/camera_perception_pkg:/home/amrl_sunny/2025_jacapdi/install/camera_perception_pkg/lib/python3.10/site-packages:/opt/ros/humble/lib/python3.10/site-packages:/opt/ros/humble/local/lib/python3.10/dist-packages', 'LC_NUMERIC': 'ko_KR.UTF-8', 'LC_PAPER': 'ko_KR.UTF-8', 'COLCON': '1', 'VTE_VERSION': '6800', 'CMAKE_PREFIX_PATH': '/home/amrl_sunny/ros2_autonomous_vehicle_simulation/install/interfaces_pkg'}, 'shell': False}
[0.831373] (decision_making_pkg) Command: {'cmd': ['/usr/bin/python3', '-W', 'ignore:setup.py install is deprecated', '-W', 'ignore:easy_install command is deprecated', 'setup.py', 'develop', '--editable', '--build-directory', '/home/amrl_sunny/ros2_autonomous_vehicle_simulation/build/decision_making_pkg/build', '--no-deps', 'symlink_data'], 'cwd': '/home/amrl_sunny/ros2_autonomous_vehicle_simulation/build/decision_making_pkg', 'env': {'LESSOPEN': '| /usr/bin/lesspipe %s', 'LANGUAGE': 'ko:en', 'USER': 'amrl_sunny', 'LC_TIME': 'ko_KR.UTF-8', 'XDG_SESSION_TYPE': 'x11', 'SHLVL': '1', 'LD_LIBRARY_PATH': '/home/amrl_sunny/ros2_autonomous_vehicle_simulation/install/interfaces_pkg/lib:/opt/ros/humble/opt/rviz_ogre_vendor/lib:/usr/lib/x86_64-linux-gnu/gazebo-11/plugins:/opt/ros/humble/lib/x86_64-linux-gnu:/opt/ros/humble/lib', 'HOME': '/home/amrl_sunny', 'OLDPWD': '/home/amrl_sunny/ros2_autonomous_vehicle_simulation/install', 'DESKTOP_SESSION': 'ubuntu', 'ROS_PYTHON_VERSION': '3', 'GNOME_SHELL_SESSION_MODE': 'ubuntu', 'GTK_MODULES': 'gail:atk-bridge', 'XDG_SEAT_PATH': '/org/freedesktop/DisplayManager/Seat0', 'LC_MONETARY': 'ko_KR.UTF-8', 'SYSTEMD_EXEC_PID': '1883', 'DBUS_SESSION_BUS_ADDRESS': 'unix:path=/run/user/1000/bus', 'COLORTERM': 'truecolor', 'COLCON_PREFIX_PATH': '/home/amrl_sunny/ros2_autonomous_vehicle_simulation/install:/home/amrl_sunny/2025_jacapdi/install', 'ROS_DISTRO': 'humble', 'GTK_IM_MODULE': 'ibus', 'LOGNAME': 'amrl_sunny', '_': '/usr/bin/colcon', 'ROS_VERSION': '2', 'XDG_SESSION_CLASS': 'user', 'TERM': 'xterm-256color', 'GNOME_DESKTOP_SESSION_ID': 'this-is-deprecated', 'ROS_LOCALHOST_ONLY': '0', 'PATH': '/opt/ros/humble/bin:/home/amrl_sunny/.local/bin:/usr/local/sbin:/usr/local/bin:/usr/sbin:/usr/bin:/sbin:/bin:/usr/games:/usr/local/games:/snap/bin', 'SESSION_MANAGER': 'local/amrl-desktop:@/tmp/.ICE-unix/1667,unix/amrl-desktop:/tmp/.ICE-unix/1667', 'GDM_LANG': 'ko', 'PAPERSIZE': 'a4', 'XDG_SESSION_PATH': '/org/freedesktop/DisplayManager/Session0', 'XDG_MENU_PREFIX': 'gnome-', 'LC_ADDRESS': 'ko_KR.UTF-8', 'GNOME_TERMINAL_SCREEN': '/org/gnome/Terminal/screen/749011a1_a9ba_417b_92ef_a087b4eec115', 'XDG_RUNTIME_DIR': '/run/user/1000', 'DISPLAY': ':0', 'LANG': 'ko_KR.UTF-8', 'XDG_CURRENT_DESKTOP': 'ubuntu:GNOME', 'LC_TELEPHONE': 'ko_KR.UTF-8', 'XMODIFIERS': '@im=ibus', 'XDG_SESSION_DESKTOP': 'ubuntu', 'XAUTHORITY': '/home/amrl_sunny/.Xauthority', 'LS_COLORS': 'rs=0:di=01;34:ln=01;36:mh=00:pi=40;33:so=01;35:do=01;35:bd=40;33;01:cd=40;33;01:or=40;31;01:mi=00:su=37;41:sg=30;43:ca=30;41:tw=30;42:ow=34;42:st=37;44:ex=01;32:*.tar=01;31:*.tgz=01;31:*.arc=01;31:*.arj=01;31:*.taz=01;31:*.lha=01;31:*.lz4=01;31:*.lzh=01;31:*.lzma=01;31:*.tlz=01;31:*.txz=01;31:*.tzo=01;31:*.t7z=01;31:*.zip=01;31:*.z=01;31:*.dz=01;31:*.gz=01;31:*.lrz=01;31:*.lz=01;31:*.lzo=01;31:*.xz=01;31:*.zst=01;31:*.tzst=01;31:*.bz2=01;31:*.bz=01;31:*.tbz=01;31:*.tbz2=01;31:*.tz=01;31:*.deb=01;31:*.rpm=01;31:*.jar=01;31:*.war=01;31:*.ear=01;31:*.sar=01;31:*.rar=01;31:*.alz=01;31:*.ace=01;31:*.zoo=01;31:*.cpio=01;31:*.7z=01;31:*.rz=01;31:*.cab=01;31:*.wim=01;31:*.swm=01;31:*.dwm=01;31:*.esd=01;31:*.jpg=01;35:*.jpeg=01;35:*.mjpg=01;35:*.mjpeg=01;35:*.gif=01;35:*.bmp=01;35:*.pbm=01;35:*.pgm=01;35:*.ppm=01;35:*.tga=01;35:*.xbm=01;35:*.xpm=01;35:*.tif=01;35:*.tiff=01;35:*.png=01;35:*.svg=01;35:*.svgz=01;35:*.mng=01;35:*.pcx=01;35:*.mov=01;35:*.mpg=01;35:*.mpeg=01;35:*.m2v=01;35:*.mkv=01;35:*.webm=01;35:*.webp=01;35:*.ogm=01;35:*.mp4=01;35:*.m4v=01;35:*.mp4v=01;35:*.vob=01;35:*.qt=01;35:*.nuv=01;35:*.wmv=01;35:*.asf=01;35:*.rm=01;35:*.rmvb=01;35:*.flc=01;35:*.avi=01;35:*.fli=01;35:*.flv=01;35:*.gl=01;35:*.dl=01;35:*.xcf=01;35:*.xwd=01;35:*.yuv=01;35:*.cgm=01;35:*.emf=01;35:*.ogv=01;35:*.ogx=01;35:*.aac=00;36:*.au=00;36:*.flac=00;36:*.m4a=00;36:*.mid=00;36:*.midi=00;36:*.mka=00;36:*.mp3=00;36:*.mpc=00;36:*.ogg=00;36:*.ra=00;36:*.wav=00;36:*.oga=00;36:*.opus=00;36:*.spx=00;36:*.xspf=00;36:', 'GNOME_TERMINAL_SERVICE': ':1.30987', 'SSH_AGENT_LAUNCHER': 'gnome-keyring', 'SSH_AUTH_SOCK': '/run/user/1000/keyring/ssh', 'ROS_DOMAIN_ID': '0', 'XDG_GREETER_DATA_DIR': '/var/lib/lightdm-data/amrl_sunny', 'AMENT_PREFIX_PATH': '/home/amrl_sunny/ros2_autonomous_vehicle_simulation/install/lidar_perception_pkg:/home/amrl_sunny/ros2_autonomous_vehicle_simulation/install/simulation_pkg:/home/amrl_sunny/ros2_autonomous_vehicle_simulation/install/debug_pkg:/home/amrl_sunny/ros2_autonomous_vehicle_simulation/install/decision_making_pkg:/home/amrl_sunny/ros2_autonomous_vehicle_simulation/install/camera_perception_pkg:/home/amrl_sunny/ros2_autonomous_vehicle_simulation/install/interfaces_pkg:/home/amrl_sunny/2025_jacapdi/install/simulation_pkg:/home/amrl_sunny/2025_jacapdi/install/debug_pkg:/home/amrl_sunny/2025_jacapdi/install/decision_making_pkg:/home/amrl_sunny/2025_jacapdi/install/camera_perception_pkg:/opt/ros/humble', 'SHELL': '/bin/bash', 'LC_NAME': 'ko_KR.UTF-8', 'QT_ACCESSIBILITY': '1', 'GDMSESSION': 'ubuntu', 'LESSCLOSE': '/usr/bin/lesspipe %s %s', 'LC_MEASUREMENT': 'ko_KR.UTF-8', 'GPG_AGENT_INFO': '/run/user/1000/gnupg/S.gpg-agent:0:1', 'LC_IDENTIFICATION': 'ko_KR.UTF-8', 'QT_IM_MODULE': 'ibus', 'PWD': '/home/amrl_sunny/ros2_autonomous_vehicle_simulation/build/decision_making_pkg', 'XDG_CONFIG_DIRS': '/etc/xdg/xdg-ubuntu:/etc/xdg', 'XDG_DATA_DIRS': '/usr/share/ubuntu:/usr/share/gnome:/usr/local/share:/usr/share:/var/lib/snapd/desktop', 'PYTHONPATH': '/home/amrl_sunny/ros2_autonomous_vehicle_simulation/build/decision_making_pkg/prefix_override:/usr/lib/python3/dist-packages/colcon_core/task/python/colcon_distutils_commands:/home/amrl_sunny/ros2_autonomous_vehicle_simulation/install/decision_making_pkg/lib/python3.10/site-packages:/home/amrl_sunny/ros2_autonomous_vehicle_simulation/build/lidar_perception_pkg:/home/amrl_sunny/ros2_autonomous_vehicle_simulation/install/lidar_perception_pkg/lib/python3.10/site-packages:/home/amrl_sunny/ros2_autonomous_vehicle_simulation/build/simulation_pkg:/home/amrl_sunny/ros2_autonomous_vehicle_simulation/install/simulation_pkg/lib/python3.10/site-packages:/home/amrl_sunny/ros2_autonomous_vehicle_simulation/build/debug_pkg:/home/amrl_sunny/ros2_autonomous_vehicle_simulation/install/debug_pkg/lib/python3.10/site-packages:/home/amrl_sunny/ros2_autonomous_vehicle_simulation/build/decision_making_pkg:/home/amrl_sunny/ros2_autonomous_vehicle_simulation/install/decision_making_pkg/lib/python3.10/site-packages:/home/amrl_sunny/ros2_autonomous_vehicle_simulation/build/camera_perception_pkg:/home/amrl_sunny/ros2_autonomous_vehicle_simulation/install/camera_perception_pkg/lib/python3.10/site-packages:/home/amrl_sunny/ros2_autonomous_vehicle_simulation/install/interfaces_pkg/local/lib/python3.10/dist-packages:/home/amrl_sunny/2025_jacapdi/build/simulation_pkg:/home/amrl_sunny/2025_jacapdi/install/simulation_pkg/lib/python3.10/site-packages:/home/amrl_sunny/2025_jacapdi/build/debug_pkg:/home/amrl_sunny/2025_jacapdi/install/debug_pkg/lib/python3.10/site-packages:/home/amrl_sunny/2025_jacapdi/build/decision_making_pkg:/home/amrl_sunny/2025_jacapdi/install/decision_making_pkg/lib/python3.10/site-packages:/home/amrl_sunny/2025_jacapdi/build/camera_perception_pkg:/home/amrl_sunny/2025_jacapdi/install/camera_perception_pkg/lib/python3.10/site-packages:/opt/ros/humble/lib/python3.10/site-packages:/opt/ros/humble/local/lib/python3.10/dist-packages', 'LC_NUMERIC': 'ko_KR.UTF-8', 'LC_PAPER': 'ko_KR.UTF-8', 'COLCON': '1', 'VTE_VERSION': '6800', 'CMAKE_PREFIX_PATH': '/home/amrl_sunny/ros2_autonomous_vehicle_simulation/install/interfaces_pkg'}, 'shell': False}
[0.833452] (lidar_perception_pkg) Command: {'cmd': ['/usr/bin/python3', '-W', 'ignore:setup.py install is deprecated', '-W', 'ignore:easy_install command is deprecated', 'setup.py', 'develop', '--editable', '--build-directory', '/home/amrl_sunny/ros2_autonomous_vehicle_simulation/build/lidar_perception_pkg/build', '--no-deps', 'symlink_data'], 'cwd': '/home/amrl_sunny/ros2_autonomous_vehicle_simulation/build/lidar_perception_pkg', 'env': {'LESSOPEN': '| /usr/bin/lesspipe %s', 'LANGUAGE': 'ko:en', 'USER': 'amrl_sunny', 'LC_TIME': 'ko_KR.UTF-8', 'XDG_SESSION_TYPE': 'x11', 'SHLVL': '1', 'LD_LIBRARY_PATH': '/home/amrl_sunny/ros2_autonomous_vehicle_simulation/install/interfaces_pkg/lib:/opt/ros/humble/opt/rviz_ogre_vendor/lib:/usr/lib/x86_64-linux-gnu/gazebo-11/plugins:/opt/ros/humble/lib/x86_64-linux-gnu:/opt/ros/humble/lib', 'HOME': '/home/amrl_sunny', 'OLDPWD': '/home/amrl_sunny/ros2_autonomous_vehicle_simulation/install', 'DESKTOP_SESSION': 'ubuntu', 'ROS_PYTHON_VERSION': '3', 'GNOME_SHELL_SESSION_MODE': 'ubuntu', 'GTK_MODULES': 'gail:atk-bridge', 'XDG_SEAT_PATH': '/org/freedesktop/DisplayManager/Seat0', 'LC_MONETARY': 'ko_KR.UTF-8', 'SYSTEMD_EXEC_PID': '1883', 'DBUS_SESSION_BUS_ADDRESS': 'unix:path=/run/user/1000/bus', 'COLORTERM': 'truecolor', 'COLCON_PREFIX_PATH': '/home/amrl_sunny/ros2_autonomous_vehicle_simulation/install:/home/amrl_sunny/2025_jacapdi/install', 'ROS_DISTRO': 'humble', 'GTK_IM_MODULE': 'ibus', 'LOGNAME': 'amrl_sunny', '_': '/usr/bin/colcon', 'ROS_VERSION': '2', 'XDG_SESSION_CLASS': 'user', 'TERM': 'xterm-256color', 'GNOME_DESKTOP_SESSION_ID': 'this-is-deprecated', 'ROS_LOCALHOST_ONLY': '0', 'PATH': '/opt/ros/humble/bin:/home/amrl_sunny/.local/bin:/usr/local/sbin:/usr/local/bin:/usr/sbin:/usr/bin:/sbin:/bin:/usr/games:/usr/local/games:/snap/bin', 'SESSION_MANAGER': 'local/amrl-desktop:@/tmp/.ICE-unix/1667,unix/amrl-desktop:/tmp/.ICE-unix/1667', 'GDM_LANG': 'ko', 'PAPERSIZE': 'a4', 'XDG_SESSION_PATH': '/org/freedesktop/DisplayManager/Session0', 'XDG_MENU_PREFIX': 'gnome-', 'LC_ADDRESS': 'ko_KR.UTF-8', 'GNOME_TERMINAL_SCREEN': '/org/gnome/Terminal/screen/749011a1_a9ba_417b_92ef_a087b4eec115', 'XDG_RUNTIME_DIR': '/run/user/1000', 'DISPLAY': ':0', 'LANG': 'ko_KR.UTF-8', 'XDG_CURRENT_DESKTOP': 'ubuntu:GNOME', 'LC_TELEPHONE': 'ko_KR.UTF-8', 'XMODIFIERS': '@im=ibus', 'XDG_SESSION_DESKTOP': 'ubuntu', 'XAUTHORITY': '/home/amrl_sunny/.Xauthority', 'LS_COLORS': 'rs=0:di=01;34:ln=01;36:mh=00:pi=40;33:so=01;35:do=01;35:bd=40;33;01:cd=40;33;01:or=40;31;01:mi=00:su=37;41:sg=30;43:ca=30;41:tw=30;42:ow=34;42:st=37;44:ex=01;32:*.tar=01;31:*.tgz=01;31:*.arc=01;31:*.arj=01;31:*.taz=01;31:*.lha=01;31:*.lz4=01;31:*.lzh=01;31:*.lzma=01;31:*.tlz=01;31:*.txz=01;31:*.tzo=01;31:*.t7z=01;31:*.zip=01;31:*.z=01;31:*.dz=01;31:*.gz=01;31:*.lrz=01;31:*.lz=01;31:*.lzo=01;31:*.xz=01;31:*.zst=01;31:*.tzst=01;31:*.bz2=01;31:*.bz=01;31:*.tbz=01;31:*.tbz2=01;31:*.tz=01;31:*.deb=01;31:*.rpm=01;31:*.jar=01;31:*.war=01;31:*.ear=01;31:*.sar=01;31:*.rar=01;31:*.alz=01;31:*.ace=01;31:*.zoo=01;31:*.cpio=01;31:*.7z=01;31:*.rz=01;31:*.cab=01;31:*.wim=01;31:*.swm=01;31:*.dwm=01;31:*.esd=01;31:*.jpg=01;35:*.jpeg=01;35:*.mjpg=01;35:*.mjpeg=01;35:*.gif=01;35:*.bmp=01;35:*.pbm=01;35:*.pgm=01;35:*.ppm=01;35:*.tga=01;35:*.xbm=01;35:*.xpm=01;35:*.tif=01;35:*.tiff=01;35:*.png=01;35:*.svg=01;35:*.svgz=01;35:*.mng=01;35:*.pcx=01;35:*.mov=01;35:*.mpg=01;35:*.mpeg=01;35:*.m2v=01;35:*.mkv=01;35:*.webm=01;35:*.webp=01;35:*.ogm=01;35:*.mp4=01;35:*.m4v=01;35:*.mp4v=01;35:*.vob=01;35:*.qt=01;35:*.nuv=01;35:*.wmv=01;35:*.asf=01;35:*.rm=01;35:*.rmvb=01;35:*.flc=01;35:*.avi=01;35:*.fli=01;35:*.flv=01;35:*.gl=01;35:*.dl=01;35:*.xcf=01;35:*.xwd=01;35:*.yuv=01;35:*.cgm=01;35:*.emf=01;35:*.ogv=01;35:*.ogx=01;35:*.aac=00;36:*.au=00;36:*.flac=00;36:*.m4a=00;36:*.mid=00;36:*.midi=00;36:*.mka=00;36:*.mp3=00;36:*.mpc=00;36:*.ogg=00;36:*.ra=00;36:*.wav=00;36:*.oga=00;36:*.opus=00;36:*.spx=00;36:*.xspf=00;36:', 'GNOME_TERMINAL_SERVICE': ':1.30987', 'SSH_AGENT_LAUNCHER': 'gnome-keyring', 'SSH_AUTH_SOCK': '/run/user/1000/keyring/ssh', 'ROS_DOMAIN_ID': '0', 'XDG_GREETER_DATA_DIR': '/var/lib/lightdm-data/amrl_sunny', 'AMENT_PREFIX_PATH': '/home/amrl_sunny/ros2_autonomous_vehicle_simulation/install/lidar_perception_pkg:/home/amrl_sunny/ros2_autonomous_vehicle_simulation/install/simulation_pkg:/home/amrl_sunny/ros2_autonomous_vehicle_simulation/install/debug_pkg:/home/amrl_sunny/ros2_autonomous_vehicle_simulation/install/decision_making_pkg:/home/amrl_sunny/ros2_autonomous_vehicle_simulation/install/camera_perception_pkg:/home/amrl_sunny/ros2_autonomous_vehicle_simulation/install/interfaces_pkg:/home/amrl_sunny/2025_jacapdi/install/simulation_pkg:/home/amrl_sunny/2025_jacapdi/install/debug_pkg:/home/amrl_sunny/2025_jacapdi/install/decision_making_pkg:/home/amrl_sunny/2025_jacapdi/install/camera_perception_pkg:/opt/ros/humble', 'SHELL': '/bin/bash', 'LC_NAME': 'ko_KR.UTF-8', 'QT_ACCESSIBILITY': '1', 'GDMSESSION': 'ubuntu', 'LESSCLOSE': '/usr/bin/lesspipe %s %s', 'LC_MEASUREMENT': 'ko_KR.UTF-8', 'GPG_AGENT_INFO': '/run/user/1000/gnupg/S.gpg-agent:0:1', 'LC_IDENTIFICATION': 'ko_KR.UTF-8', 'QT_IM_MODULE': 'ibus', 'PWD': '/home/amrl_sunny/ros2_autonomous_vehicle_simulation/build/lidar_perception_pkg', 'XDG_CONFIG_DIRS': '/etc/xdg/xdg-ubuntu:/etc/xdg', 'XDG_DATA_DIRS': '/usr/share/ubuntu:/usr/share/gnome:/usr/local/share:/usr/share:/var/lib/snapd/desktop', 'PYTHONPATH': '/home/amrl_sunny/ros2_autonomous_vehicle_simulation/build/lidar_perception_pkg/prefix_override:/usr/lib/python3/dist-packages/colcon_core/task/python/colcon_distutils_commands:/home/amrl_sunny/ros2_autonomous_vehicle_simulation/install/lidar_perception_pkg/lib/python3.10/site-packages:/home/amrl_sunny/ros2_autonomous_vehicle_simulation/build/lidar_perception_pkg:/home/amrl_sunny/ros2_autonomous_vehicle_simulation/install/lidar_perception_pkg/lib/python3.10/site-packages:/home/amrl_sunny/ros2_autonomous_vehicle_simulation/build/simulation_pkg:/home/amrl_sunny/ros2_autonomous_vehicle_simulation/install/simulation_pkg/lib/python3.10/site-packages:/home/amrl_sunny/ros2_autonomous_vehicle_simulation/build/debug_pkg:/home/amrl_sunny/ros2_autonomous_vehicle_simulation/install/debug_pkg/lib/python3.10/site-packages:/home/amrl_sunny/ros2_autonomous_vehicle_simulation/build/decision_making_pkg:/home/amrl_sunny/ros2_autonomous_vehicle_simulation/install/decision_making_pkg/lib/python3.10/site-packages:/home/amrl_sunny/ros2_autonomous_vehicle_simulation/build/camera_perception_pkg:/home/amrl_sunny/ros2_autonomous_vehicle_simulation/install/camera_perception_pkg/lib/python3.10/site-packages:/home/amrl_sunny/ros2_autonomous_vehicle_simulation/install/interfaces_pkg/local/lib/python3.10/dist-packages:/home/amrl_sunny/2025_jacapdi/build/simulation_pkg:/home/amrl_sunny/2025_jacapdi/install/simulation_pkg/lib/python3.10/site-packages:/home/amrl_sunny/2025_jacapdi/build/debug_pkg:/home/amrl_sunny/2025_jacapdi/install/debug_pkg/lib/python3.10/site-packages:/home/amrl_sunny/2025_jacapdi/build/decision_making_pkg:/home/amrl_sunny/2025_jacapdi/install/decision_making_pkg/lib/python3.10/site-packages:/home/amrl_sunny/2025_jacapdi/build/camera_perception_pkg:/home/amrl_sunny/2025_jacapdi/install/camera_perception_pkg/lib/python3.10/site-packages:/opt/ros/humble/lib/python3.10/site-packages:/opt/ros/humble/local/lib/python3.10/dist-packages', 'LC_NUMERIC': 'ko_KR.UTF-8', 'LC_PAPER': 'ko_KR.UTF-8', 'COLCON': '1', 'VTE_VERSION': '6800', 'CMAKE_PREFIX_PATH': '/home/amrl_sunny/ros2_autonomous_vehicle_simulation/install/interfaces_pkg'}, 'shell': False}
[0.901400] (-) TimerEvent: {}
[0.974019] (decision_making_pkg) StdoutLine: {'line': b'running develop\n'}
[0.974233] (camera_perception_pkg) StdoutLine: {'line': b'running develop\n'}
[0.976563] (debug_pkg) StdoutLine: {'line': b'running develop\n'}
[0.981242] (lidar_perception_pkg) StdoutLine: {'line': b'running develop\n'}
[1.001552] (-) TimerEvent: {}
[1.070027] (decision_making_pkg) StdoutLine: {'line': b'running egg_info\n'}
[1.070338] (decision_making_pkg) StdoutLine: {'line': b'writing decision_making_pkg.egg-info/PKG-INFO\n'}
[1.070505] (decision_making_pkg) StdoutLine: {'line': b'writing dependency_links to decision_making_pkg.egg-info/dependency_links.txt\n'}
[1.070566] (decision_making_pkg) StdoutLine: {'line': b'writing entry points to decision_making_pkg.egg-info/entry_points.txt\n'}
[1.070619] (decision_making_pkg) StdoutLine: {'line': b'writing requirements to decision_making_pkg.egg-info/requires.txt\n'}
[1.070670] (decision_making_pkg) StdoutLine: {'line': b'writing top-level names to decision_making_pkg.egg-info/top_level.txt\n'}
[1.071495] (debug_pkg) StdoutLine: {'line': b'running egg_info\n'}
[1.071607] (decision_making_pkg) StdoutLine: {'line': b"reading manifest file 'decision_making_pkg.egg-info/SOURCES.txt'\n"}
[1.071756] (debug_pkg) StdoutLine: {'line': b'writing debug_pkg.egg-info/PKG-INFO\n'}
[1.071836] (debug_pkg) StdoutLine: {'line': b'writing dependency_links to debug_pkg.egg-info/dependency_links.txt\n'}
[1.071937] (debug_pkg) StdoutLine: {'line': b'writing entry points to debug_pkg.egg-info/entry_points.txt\n'}
[1.072005] (debug_pkg) StdoutLine: {'line': b'writing requirements to debug_pkg.egg-info/requires.txt\n'}
[1.072057] (debug_pkg) StdoutLine: {'line': b'writing top-level names to debug_pkg.egg-info/top_level.txt\n'}
[1.072150] (decision_making_pkg) StdoutLine: {'line': b"writing manifest file 'decision_making_pkg.egg-info/SOURCES.txt'\n"}
[1.072893] (decision_making_pkg) StdoutLine: {'line': b'running build_ext\n'}
[1.072963] (decision_making_pkg) StdoutLine: {'line': b'Creating /home/amrl_sunny/ros2_autonomous_vehicle_simulation/install/decision_making_pkg/lib/python3.10/site-packages/decision-making-pkg.egg-link (link to .)\n'}
[1.073056] (debug_pkg) StdoutLine: {'line': b"reading manifest file 'debug_pkg.egg-info/SOURCES.txt'\n"}
[1.073408] (decision_making_pkg) StdoutLine: {'line': b'Installing motion_planner_node script to /home/amrl_sunny/ros2_autonomous_vehicle_simulation/install/decision_making_pkg/lib/decision_making_pkg\n'}
[1.073490] (debug_pkg) StdoutLine: {'line': b"writing manifest file 'debug_pkg.egg-info/SOURCES.txt'\n"}
[1.073571] (decision_making_pkg) StdoutLine: {'line': b'Installing path_planner_node script to /home/amrl_sunny/ros2_autonomous_vehicle_simulation/install/decision_making_pkg/lib/decision_making_pkg\n'}
[1.073660] (decision_making_pkg) StdoutLine: {'line': b'\n'}
[1.073741] (decision_making_pkg) StdoutLine: {'line': b'Installed /home/amrl_sunny/ros2_autonomous_vehicle_simulation/build/decision_making_pkg\n'}
[1.073795] (decision_making_pkg) StdoutLine: {'line': b'running symlink_data\n'}
[1.073846] (lidar_perception_pkg) StdoutLine: {'line': b'running egg_info\n'}
[1.073923] (lidar_perception_pkg) StdoutLine: {'line': b'writing lidar_perception_pkg.egg-info/PKG-INFO\n'}
[1.074050] (lidar_perception_pkg) StdoutLine: {'line': b'writing dependency_links to lidar_perception_pkg.egg-info/dependency_links.txt\n'}
[1.074143] (lidar_perception_pkg) StdoutLine: {'line': b'writing entry points to lidar_perception_pkg.egg-info/entry_points.txt\n'}
[1.074199] (lidar_perception_pkg) StdoutLine: {'line': b'writing requirements to lidar_perception_pkg.egg-info/requires.txt\n'}
[1.074249] (lidar_perception_pkg) StdoutLine: {'line': b'writing top-level names to lidar_perception_pkg.egg-info/top_level.txt\n'}
[1.074321] (debug_pkg) StdoutLine: {'line': b'running build_ext\n'}
[1.074416] (debug_pkg) StdoutLine: {'line': b'Creating /home/amrl_sunny/ros2_autonomous_vehicle_simulation/install/debug_pkg/lib/python3.10/site-packages/debug-pkg.egg-link (link to .)\n'}
[1.074776] (debug_pkg) StdoutLine: {'line': b'Installing image_saver_node script to /home/amrl_sunny/ros2_autonomous_vehicle_simulation/install/debug_pkg/lib/debug_pkg\n'}
[1.074865] (debug_pkg) StdoutLine: {'line': b'Installing path_visualizer_node script to /home/amrl_sunny/ros2_autonomous_vehicle_simulation/install/debug_pkg/lib/debug_pkg\n'}
[1.074942] (debug_pkg) StdoutLine: {'line': b'Installing yolov8_visualizer_node script to /home/amrl_sunny/ros2_autonomous_vehicle_simulation/install/debug_pkg/lib/debug_pkg\n'}
[1.075025] (debug_pkg) StdoutLine: {'line': b'\n'}
[1.075078] (debug_pkg) StdoutLine: {'line': b'Installed /home/amrl_sunny/ros2_autonomous_vehicle_simulation/build/debug_pkg\n'}
[1.075135] (debug_pkg) StdoutLine: {'line': b'running symlink_data\n'}
[1.075203] (lidar_perception_pkg) StdoutLine: {'line': b"reading manifest file 'lidar_perception_pkg.egg-info/SOURCES.txt'\n"}
[1.075514] (lidar_perception_pkg) StdoutLine: {'line': b"writing manifest file 'lidar_perception_pkg.egg-info/SOURCES.txt'\n"}
[1.076509] (lidar_perception_pkg) StdoutLine: {'line': b'running build_ext\n'}
[1.076628] (lidar_perception_pkg) StdoutLine: {'line': b'Creating /home/amrl_sunny/ros2_autonomous_vehicle_simulation/install/lidar_perception_pkg/lib/python3.10/site-packages/lidar-perception-pkg.egg-link (link to .)\n'}
[1.077122] (lidar_perception_pkg) StdoutLine: {'line': b'Installing lidar_obstacle_detector_node script to /home/amrl_sunny/ros2_autonomous_vehicle_simulation/install/lidar_perception_pkg/lib/lidar_perception_pkg\n'}
[1.077277] (lidar_perception_pkg) StdoutLine: {'line': b'Installing lidar_processor_node script to /home/amrl_sunny/ros2_autonomous_vehicle_simulation/install/lidar_perception_pkg/lib/lidar_perception_pkg\n'}
[1.077403] (lidar_perception_pkg) StdoutLine: {'line': b'Installing lidar_publisher_node script to /home/amrl_sunny/ros2_autonomous_vehicle_simulation/install/lidar_perception_pkg/lib/lidar_perception_pkg\n'}
[1.077459] (lidar_perception_pkg) StdoutLine: {'line': b'\n'}
[1.077486] (lidar_perception_pkg) StdoutLine: {'line': b'Installed /home/amrl_sunny/ros2_autonomous_vehicle_simulation/build/lidar_perception_pkg\n'}
[1.077510] (lidar_perception_pkg) StdoutLine: {'line': b'running symlink_data\n'}
[1.089909] (camera_perception_pkg) StdoutLine: {'line': b'running egg_info\n'}
[1.090099] (camera_perception_pkg) StdoutLine: {'line': b'writing camera_perception_pkg.egg-info/PKG-INFO\n'}
[1.090245] (camera_perception_pkg) StdoutLine: {'line': b'writing dependency_links to camera_perception_pkg.egg-info/dependency_links.txt\n'}
[1.090320] (camera_perception_pkg) StdoutLine: {'line': b'writing entry points to camera_perception_pkg.egg-info/entry_points.txt\n'}
[1.090441] (camera_perception_pkg) StdoutLine: {'line': b'writing requirements to camera_perception_pkg.egg-info/requires.txt\n'}
[1.090498] (camera_perception_pkg) StdoutLine: {'line': b'writing top-level names to camera_perception_pkg.egg-info/top_level.txt\n'}
[1.091860] (camera_perception_pkg) StdoutLine: {'line': b"reading manifest file 'camera_perception_pkg.egg-info/SOURCES.txt'\n"}
[1.092326] (camera_perception_pkg) StdoutLine: {'line': b"writing manifest file 'camera_perception_pkg.egg-info/SOURCES.txt'\n"}
[1.093525] (camera_perception_pkg) StdoutLine: {'line': b'running build_ext\n'}
[1.093668] (camera_perception_pkg) StdoutLine: {'line': b'Creating /home/amrl_sunny/ros2_autonomous_vehicle_simulation/install/camera_perception_pkg/lib/python3.10/site-packages/camera-perception-pkg.egg-link (link to .)\n'}
[1.094331] (camera_perception_pkg) StdoutLine: {'line': b'Installing crosswalk_detector_node script to /home/amrl_sunny/ros2_autonomous_vehicle_simulation/install/camera_perception_pkg/lib/camera_perception_pkg\n'}
[1.094447] (camera_perception_pkg) StdoutLine: {'line': b'Installing image_publisher_node script to /home/amrl_sunny/ros2_autonomous_vehicle_simulation/install/camera_perception_pkg/lib/camera_perception_pkg\n'}
[1.094526] (camera_perception_pkg) StdoutLine: {'line': b'Installing lane_info_extractor_node script to /home/amrl_sunny/ros2_autonomous_vehicle_simulation/install/camera_perception_pkg/lib/camera_perception_pkg\n'}
[1.094605] (camera_perception_pkg) StdoutLine: {'line': b'Installing traffic_light_detector_node script to /home/amrl_sunny/ros2_autonomous_vehicle_simulation/install/camera_perception_pkg/lib/camera_perception_pkg\n'}
[1.094680] (camera_perception_pkg) StdoutLine: {'line': b'Installing yolov8_node script to /home/amrl_sunny/ros2_autonomous_vehicle_simulation/install/camera_perception_pkg/lib/camera_perception_pkg\n'}
[1.094769] (camera_perception_pkg) StdoutLine: {'line': b'\n'}
[1.094822] (camera_perception_pkg) StdoutLine: {'line': b'Installed /home/amrl_sunny/ros2_autonomous_vehicle_simulation/build/camera_perception_pkg\n'}
[1.094879] (camera_perception_pkg) StdoutLine: {'line': b'running symlink_data\n'}
[1.100051] (decision_making_pkg) CommandEnded: {'returncode': 0}
[1.101691] (-) TimerEvent: {}
[1.106649] (decision_making_pkg) JobEnded: {'identifier': 'decision_making_pkg', 'rc': 0}
[1.107791] (debug_pkg) CommandEnded: {'returncode': 0}
[1.110787] (debug_pkg) JobEnded: {'identifier': 'debug_pkg', 'rc': 0}
[1.111457] (lidar_perception_pkg) CommandEnded: {'returncode': 0}
[1.114263] (lidar_perception_pkg) JobEnded: {'identifier': 'lidar_perception_pkg', 'rc': 0}
[1.116435] (camera_perception_pkg) CommandEnded: {'returncode': 0}
[1.119870] (camera_perception_pkg) JobEnded: {'identifier': 'camera_perception_pkg', 'rc': 0}
[1.120304] (simulation_pkg) JobStarted: {'identifier': 'simulation_pkg'}
[1.201817] (-) TimerEvent: {}
[1.302032] (-) TimerEvent: {}
[1.402257] (-) TimerEvent: {}
[1.460162] (simulation_pkg) Command: {'cmd': ['/usr/bin/python3', '-W', 'ignore:setup.py install is deprecated', '-W', 'ignore:easy_install command is deprecated', 'setup.py', 'develop', '--editable', '--build-directory', '/home/amrl_sunny/ros2_autonomous_vehicle_simulation/build/simulation_pkg/build', '--no-deps', 'symlink_data'], 'cwd': '/home/amrl_sunny/ros2_autonomous_vehicle_simulation/build/simulation_pkg', 'env': {'LESSOPEN': '| /usr/bin/lesspipe %s', 'LANGUAGE': 'ko:en', 'USER': 'amrl_sunny', 'LC_TIME': 'ko_KR.UTF-8', 'XDG_SESSION_TYPE': 'x11', 'SHLVL': '1', 'LD_LIBRARY_PATH': '/home/amrl_sunny/ros2_autonomous_vehicle_simulation/install/interfaces_pkg/lib:/opt/ros/humble/opt/rviz_ogre_vendor/lib:/usr/lib/x86_64-linux-gnu/gazebo-11/plugins:/opt/ros/humble/lib/x86_64-linux-gnu:/opt/ros/humble/lib', 'HOME': '/home/amrl_sunny', 'OLDPWD': '/home/amrl_sunny/ros2_autonomous_vehicle_simulation/install', 'DESKTOP_SESSION': 'ubuntu', 'ROS_PYTHON_VERSION': '3', 'GNOME_SHELL_SESSION_MODE': 'ubuntu', 'GTK_MODULES': 'gail:atk-bridge', 'XDG_SEAT_PATH': '/org/freedesktop/DisplayManager/Seat0', 'LC_MONETARY': 'ko_KR.UTF-8', 'SYSTEMD_EXEC_PID': '1883', 'DBUS_SESSION_BUS_ADDRESS': 'unix:path=/run/user/1000/bus', 'COLORTERM': 'truecolor', 'COLCON_PREFIX_PATH': '/home/amrl_sunny/ros2_autonomous_vehicle_simulation/install:/home/amrl_sunny/2025_jacapdi/install', 'ROS_DISTRO': 'humble', 'GTK_IM_MODULE': 'ibus', 'LOGNAME': 'amrl_sunny', '_': '/usr/bin/colcon', 'ROS_VERSION': '2', 'XDG_SESSION_CLASS': 'user', 'TERM': 'xterm-256color', 'GNOME_DESKTOP_SESSION_ID': 'this-is-deprecated', 'ROS_LOCALHOST_ONLY': '0', 'PATH': '/opt/ros/humble/bin:/home/amrl_sunny/.local/bin:/usr/local/sbin:/usr/local/bin:/usr/sbin:/usr/bin:/sbin:/bin:/usr/games:/usr/local/games:/snap/bin', 'SESSION_MANAGER': 'local/amrl-desktop:@/tmp/.ICE-unix/1667,unix/amrl-desktop:/tmp/.ICE-unix/1667', 'GDM_LANG': 'ko', 'PAPERSIZE': 'a4', 'XDG_SESSION_PATH': '/org/freedesktop/DisplayManager/Session0', 'XDG_MENU_PREFIX': 'gnome-', 'LC_ADDRESS': 'ko_KR.UTF-8', 'GNOME_TERMINAL_SCREEN': '/org/gnome/Terminal/screen/749011a1_a9ba_417b_92ef_a087b4eec115', 'XDG_RUNTIME_DIR': '/run/user/1000', 'DISPLAY': ':0', 'LANG': 'ko_KR.UTF-8', 'XDG_CURRENT_DESKTOP': 'ubuntu:GNOME', 'LC_TELEPHONE': 'ko_KR.UTF-8', 'XMODIFIERS': '@im=ibus', 'XDG_SESSION_DESKTOP': 'ubuntu', 'XAUTHORITY': '/home/amrl_sunny/.Xauthority', 'LS_COLORS': 'rs=0:di=01;34:ln=01;36:mh=00:pi=40;33:so=01;35:do=01;35:bd=40;33;01:cd=40;33;01:or=40;31;01:mi=00:su=37;41:sg=30;43:ca=30;41:tw=30;42:ow=34;42:st=37;44:ex=01;32:*.tar=01;31:*.tgz=01;31:*.arc=01;31:*.arj=01;31:*.taz=01;31:*.lha=01;31:*.lz4=01;31:*.lzh=01;31:*.lzma=01;31:*.tlz=01;31:*.txz=01;31:*.tzo=01;31:*.t7z=01;31:*.zip=01;31:*.z=01;31:*.dz=01;31:*.gz=01;31:*.lrz=01;31:*.lz=01;31:*.lzo=01;31:*.xz=01;31:*.zst=01;31:*.tzst=01;31:*.bz2=01;31:*.bz=01;31:*.tbz=01;31:*.tbz2=01;31:*.tz=01;31:*.deb=01;31:*.rpm=01;31:*.jar=01;31:*.war=01;31:*.ear=01;31:*.sar=01;31:*.rar=01;31:*.alz=01;31:*.ace=01;31:*.zoo=01;31:*.cpio=01;31:*.7z=01;31:*.rz=01;31:*.cab=01;31:*.wim=01;31:*.swm=01;31:*.dwm=01;31:*.esd=01;31:*.jpg=01;35:*.jpeg=01;35:*.mjpg=01;35:*.mjpeg=01;35:*.gif=01;35:*.bmp=01;35:*.pbm=01;35:*.pgm=01;35:*.ppm=01;35:*.tga=01;35:*.xbm=01;35:*.xpm=01;35:*.tif=01;35:*.tiff=01;35:*.png=01;35:*.svg=01;35:*.svgz=01;35:*.mng=01;35:*.pcx=01;35:*.mov=01;35:*.mpg=01;35:*.mpeg=01;35:*.m2v=01;35:*.mkv=01;35:*.webm=01;35:*.webp=01;35:*.ogm=01;35:*.mp4=01;35:*.m4v=01;35:*.mp4v=01;35:*.vob=01;35:*.qt=01;35:*.nuv=01;35:*.wmv=01;35:*.asf=01;35:*.rm=01;35:*.rmvb=01;35:*.flc=01;35:*.avi=01;35:*.fli=01;35:*.flv=01;35:*.gl=01;35:*.dl=01;35:*.xcf=01;35:*.xwd=01;35:*.yuv=01;35:*.cgm=01;35:*.emf=01;35:*.ogv=01;35:*.ogx=01;35:*.aac=00;36:*.au=00;36:*.flac=00;36:*.m4a=00;36:*.mid=00;36:*.midi=00;36:*.mka=00;36:*.mp3=00;36:*.mpc=00;36:*.ogg=00;36:*.ra=00;36:*.wav=00;36:*.oga=00;36:*.opus=00;36:*.spx=00;36:*.xspf=00;36:', 'GNOME_TERMINAL_SERVICE': ':1.30987', 'SSH_AGENT_LAUNCHER': 'gnome-keyring', 'SSH_AUTH_SOCK': '/run/user/1000/keyring/ssh', 'ROS_DOMAIN_ID': '0', 'XDG_GREETER_DATA_DIR': '/var/lib/lightdm-data/amrl_sunny', 'AMENT_PREFIX_PATH': '/home/amrl_sunny/ros2_autonomous_vehicle_simulation/install/decision_making_pkg:/home/amrl_sunny/ros2_autonomous_vehicle_simulation/install/debug_pkg:/home/amrl_sunny/ros2_autonomous_vehicle_simulation/install/camera_perception_pkg:/home/amrl_sunny/ros2_autonomous_vehicle_simulation/install/lidar_perception_pkg:/home/amrl_sunny/ros2_autonomous_vehicle_simulation/install/simulation_pkg:/home/amrl_sunny/ros2_autonomous_vehicle_simulation/install/interfaces_pkg:/home/amrl_sunny/2025_jacapdi/install/simulation_pkg:/home/amrl_sunny/2025_jacapdi/install/debug_pkg:/home/amrl_sunny/2025_jacapdi/install/decision_making_pkg:/home/amrl_sunny/2025_jacapdi/install/camera_perception_pkg:/opt/ros/humble', 'SHELL': '/bin/bash', 'LC_NAME': 'ko_KR.UTF-8', 'QT_ACCESSIBILITY': '1', 'GDMSESSION': 'ubuntu', 'LESSCLOSE': '/usr/bin/lesspipe %s %s', 'LC_MEASUREMENT': 'ko_KR.UTF-8', 'GPG_AGENT_INFO': '/run/user/1000/gnupg/S.gpg-agent:0:1', 'LC_IDENTIFICATION': 'ko_KR.UTF-8', 'QT_IM_MODULE': 'ibus', 'PWD': '/home/amrl_sunny/ros2_autonomous_vehicle_simulation/build/simulation_pkg', 'XDG_CONFIG_DIRS': '/etc/xdg/xdg-ubuntu:/etc/xdg', 'XDG_DATA_DIRS': '/usr/share/ubuntu:/usr/share/gnome:/usr/local/share:/usr/share:/var/lib/snapd/desktop', 'PYTHONPATH': '/home/amrl_sunny/ros2_autonomous_vehicle_simulation/build/simulation_pkg/prefix_override:/usr/lib/python3/dist-packages/colcon_core/task/python/colcon_distutils_commands:/home/amrl_sunny/ros2_autonomous_vehicle_simulation/install/simulation_pkg/lib/python3.10/site-packages:/home/amrl_sunny/ros2_autonomous_vehicle_simulation/build/decision_making_pkg:/home/amrl_sunny/ros2_autonomous_vehicle_simulation/install/decision_making_pkg/lib/python3.10/site-packages:/home/amrl_sunny/ros2_autonomous_vehicle_simulation/build/debug_pkg:/home/amrl_sunny/ros2_autonomous_vehicle_simulation/install/debug_pkg/lib/python3.10/site-packages:/home/amrl_sunny/ros2_autonomous_vehicle_simulation/build/camera_perception_pkg:/home/amrl_sunny/ros2_autonomous_vehicle_simulation/install/camera_perception_pkg/lib/python3.10/site-packages:/home/amrl_sunny/ros2_autonomous_vehicle_simulation/build/lidar_perception_pkg:/home/amrl_sunny/ros2_autonomous_vehicle_simulation/install/lidar_perception_pkg/lib/python3.10/site-packages:/home/amrl_sunny/ros2_autonomous_vehicle_simulation/build/simulation_pkg:/home/amrl_sunny/ros2_autonomous_vehicle_simulation/install/simulation_pkg/lib/python3.10/site-packages:/home/amrl_sunny/ros2_autonomous_vehicle_simulation/install/interfaces_pkg/local/lib/python3.10/dist-packages:/home/amrl_sunny/2025_jacapdi/build/simulation_pkg:/home/amrl_sunny/2025_jacapdi/install/simulation_pkg/lib/python3.10/site-packages:/home/amrl_sunny/2025_jacapdi/build/debug_pkg:/home/amrl_sunny/2025_jacapdi/install/debug_pkg/lib/python3.10/site-packages:/home/amrl_sunny/2025_jacapdi/build/decision_making_pkg:/home/amrl_sunny/2025_jacapdi/install/decision_making_pkg/lib/python3.10/site-packages:/home/amrl_sunny/2025_jacapdi/build/camera_perception_pkg:/home/amrl_sunny/2025_jacapdi/install/camera_perception_pkg/lib/python3.10/site-packages:/opt/ros/humble/lib/python3.10/site-packages:/opt/ros/humble/local/lib/python3.10/dist-packages', 'LC_NUMERIC': 'ko_KR.UTF-8', 'LC_PAPER': 'ko_KR.UTF-8', 'COLCON': '1', 'VTE_VERSION': '6800', 'CMAKE_PREFIX_PATH': '/home/amrl_sunny/ros2_autonomous_vehicle_simulation/install/interfaces_pkg'}, 'shell': False}
[1.502334] (-) TimerEvent: {}
[1.602614] (-) TimerEvent: {}
[1.607718] (simulation_pkg) StdoutLine: {'line': b'running develop\n'}
[1.702580] (simulation_pkg) StdoutLine: {'line': b'running egg_info\n'}
[1.702749] (-) TimerEvent: {}
[1.702859] (simulation_pkg) StdoutLine: {'line': b'writing simulation_pkg.egg-info/PKG-INFO\n'}
[1.702908] (simulation_pkg) StdoutLine: {'line': b'writing dependency_links to simulation_pkg.egg-info/dependency_links.txt\n'}
[1.702947] (simulation_pkg) StdoutLine: {'line': b'writing entry points to simulation_pkg.egg-info/entry_points.txt\n'}
[1.702990] (simulation_pkg) StdoutLine: {'line': b'writing requirements to simulation_pkg.egg-info/requires.txt\n'}
[1.703026] (simulation_pkg) StdoutLine: {'line': b'writing top-level names to simulation_pkg.egg-info/top_level.txt\n'}
[1.703938] (simulation_pkg) StdoutLine: {'line': b"reading manifest file 'simulation_pkg.egg-info/SOURCES.txt'\n"}
[1.704346] (simulation_pkg) StdoutLine: {'line': b"writing manifest file 'simulation_pkg.egg-info/SOURCES.txt'\n"}
[1.705264] (simulation_pkg) StdoutLine: {'line': b'running build_ext\n'}
[1.705360] (simulation_pkg) StdoutLine: {'line': b'Creating /home/amrl_sunny/ros2_autonomous_vehicle_simulation/install/simulation_pkg/lib/python3.10/site-packages/simulation-pkg.egg-link (link to .)\n'}
[1.705721] (simulation_pkg) StdoutLine: {'line': b'Installing data_collection_node script to /home/amrl_sunny/ros2_autonomous_vehicle_simulation/install/simulation_pkg/lib/simulation_pkg\n'}
[1.705779] (simulation_pkg) StdoutLine: {'line': b'Installing draw_trajectory_node script to /home/amrl_sunny/ros2_autonomous_vehicle_simulation/install/simulation_pkg/lib/simulation_pkg\n'}
[1.705833] (simulation_pkg) StdoutLine: {'line': b'Installing load_ego_car_node script to /home/amrl_sunny/ros2_autonomous_vehicle_simulation/install/simulation_pkg/lib/simulation_pkg\n'}
[1.705893] (simulation_pkg) StdoutLine: {'line': b'Installing load_obstable_car_node script to /home/amrl_sunny/ros2_autonomous_vehicle_simulation/install/simulation_pkg/lib/simulation_pkg\n'}
[1.705930] (simulation_pkg) StdoutLine: {'line': b'Installing load_parking_car_node script to /home/amrl_sunny/ros2_autonomous_vehicle_simulation/install/simulation_pkg/lib/simulation_pkg\n'}
[1.705968] (simulation_pkg) StdoutLine: {'line': b'Installing load_traffic_light_node script to /home/amrl_sunny/ros2_autonomous_vehicle_simulation/install/simulation_pkg/lib/simulation_pkg\n'}
[1.706022] (simulation_pkg) StdoutLine: {'line': b'Installing sim_debug_node script to /home/amrl_sunny/ros2_autonomous_vehicle_simulation/install/simulation_pkg/lib/simulation_pkg\n'}
[1.706094] (simulation_pkg) StdoutLine: {'line': b'Installing sim_lane_info_extractor_node script to /home/amrl_sunny/ros2_autonomous_vehicle_simulation/install/simulation_pkg/lib/simulation_pkg\n'}
[1.706144] (simulation_pkg) StdoutLine: {'line': b'Installing sim_lidar_obstacle_detector_node script to /home/amrl_sunny/ros2_autonomous_vehicle_simulation/install/simulation_pkg/lib/simulation_pkg\n'}
[1.706202] (simulation_pkg) StdoutLine: {'line': b'Installing sim_lidar_processor_node script to /home/amrl_sunny/ros2_autonomous_vehicle_simulation/install/simulation_pkg/lib/simulation_pkg\n'}
[1.706239] (simulation_pkg) StdoutLine: {'line': b'Installing sim_motion_planner_node script to /home/amrl_sunny/ros2_autonomous_vehicle_simulation/install/simulation_pkg/lib/simulation_pkg\n'}
[1.706275] (simulation_pkg) StdoutLine: {'line': b'Installing sim_simulation_sender_node script to /home/amrl_sunny/ros2_autonomous_vehicle_simulation/install/simulation_pkg/lib/simulation_pkg\n'}
[1.706311] (simulation_pkg) StdoutLine: {'line': b'Installing sim_traffic_light_detector_node script to /home/amrl_sunny/ros2_autonomous_vehicle_simulation/install/simulation_pkg/lib/simulation_pkg\n'}
[1.706347] (simulation_pkg) StdoutLine: {'line': b'Installing sim_yolov8_node script to /home/amrl_sunny/ros2_autonomous_vehicle_simulation/install/simulation_pkg/lib/simulation_pkg\n'}
[1.706384] (simulation_pkg) StdoutLine: {'line': b'Installing sonar_processor_node script to /home/amrl_sunny/ros2_autonomous_vehicle_simulation/install/simulation_pkg/lib/simulation_pkg\n'}
[1.706419] (simulation_pkg) StdoutLine: {'line': b'Installing timer_based_obstacle_mover script to /home/amrl_sunny/ros2_autonomous_vehicle_simulation/install/simulation_pkg/lib/simulation_pkg\n'}
[1.706469] (simulation_pkg) StdoutLine: {'line': b'Installing video_recording_node script to /home/amrl_sunny/ros2_autonomous_vehicle_simulation/install/simulation_pkg/lib/simulation_pkg\n'}
[1.706525] (simulation_pkg) StdoutLine: {'line': b'\n'}
[1.706548] (simulation_pkg) StdoutLine: {'line': b'Installed /home/amrl_sunny/ros2_autonomous_vehicle_simulation/build/simulation_pkg\n'}
[1.706574] (simulation_pkg) StdoutLine: {'line': b'running symlink_data\n'}
[1.721866] (simulation_pkg) CommandEnded: {'returncode': 0}
[1.725430] (simulation_pkg) JobEnded: {'identifier': 'simulation_pkg', 'rc': 0}
[1.725775] (-) EventReactorShutdown: {}
