[0.000000] (-) TimerEvent: {}
[0.000635] (camera_perception_pkg) JobQueued: {'identifier': 'camera_perception_pkg', 'dependencies': OrderedDict()}
[0.000663] (debug_pkg) JobQueued: {'identifier': 'debug_pkg', 'dependencies': OrderedDict()}
[0.000681] (decision_making_pkg) JobQueued: {'identifier': 'decision_making_pkg', 'dependencies': OrderedDict()}
[0.000696] (interfaces_pkg) JobQueued: {'identifier': 'interfaces_pkg', 'dependencies': OrderedDict()}
[0.000712] (lidar_perception_pkg) JobQueued: {'identifier': 'lidar_perception_pkg', 'dependencies': OrderedDict()}
[0.000745] (simulation_pkg) JobQueued: {'identifier': 'simulation_pkg', 'dependencies': OrderedDict([('camera_perception_pkg', '/home/amrl_sunny/ros2_autonomous_vehicle_simulation/install/camera_perception_pkg'), ('debug_pkg', '/home/amrl_sunny/ros2_autonomous_vehicle_simulation/install/debug_pkg'), ('decision_making_pkg', '/home/amrl_sunny/ros2_autonomous_vehicle_simulation/install/decision_making_pkg'), ('interfaces_pkg', '/home/amrl_sunny/ros2_autonomous_vehicle_simulation/install/interfaces_pkg')])}
[0.000803] (camera_perception_pkg) JobStarted: {'identifier': 'camera_perception_pkg'}
[0.004109] (debug_pkg) JobStarted: {'identifier': 'debug_pkg'}
[0.006604] (decision_making_pkg) JobStarted: {'identifier': 'decision_making_pkg'}
[0.008569] (interfaces_pkg) JobStarted: {'identifier': 'interfaces_pkg'}
[0.010155] (lidar_perception_pkg) JobStarted: {'identifier': 'lidar_perception_pkg'}
[0.100032] (-) TimerEvent: {}
[0.200278] (-) TimerEvent: {}
[0.300507] (-) TimerEvent: {}
[0.400707] (-) TimerEvent: {}
[0.439333] (interfaces_pkg) JobProgress: {'identifier': 'interfaces_pkg', 'progress': 'cmake'}
[0.439424] (interfaces_pkg) JobProgress: {'identifier': 'interfaces_pkg', 'progress': 'build'}
[0.439453] (interfaces_pkg) Command: {'cmd': ['/usr/bin/cmake', '--build', '/home/amrl_sunny/ros2_autonomous_vehicle_simulation/build/interfaces_pkg', '--', '-j20', '-l20'], 'cwd': '/home/amrl_sunny/ros2_autonomous_vehicle_simulation/build/interfaces_pkg', 'env': OrderedDict([('LESSOPEN', '| /usr/bin/lesspipe %s'), ('LANGUAGE', 'ko:en'), ('USER', 'amrl_sunny'), ('LC_TIME', 'ko_KR.UTF-8'), ('XDG_SESSION_TYPE', 'x11'), ('SHLVL', '1'), ('LD_LIBRARY_PATH', '/home/amrl_sunny/ros2_autonomous_vehicle_simulation/install/interfaces_pkg/lib:/opt/ros/humble/opt/rviz_ogre_vendor/lib:/usr/lib/x86_64-linux-gnu/gazebo-11/plugins:/opt/ros/humble/lib/x86_64-linux-gnu:/opt/ros/humble/lib'), ('HOME', '/home/amrl_sunny'), ('OLDPWD', '/home/amrl_sunny/ros2_autonomous_vehicle_simulation'), ('DESKTOP_SESSION', 'ubuntu'), ('ROS_PYTHON_VERSION', '3'), ('GNOME_SHELL_SESSION_MODE', 'ubuntu'), ('GTK_MODULES', 'gail:atk-bridge'), ('XDG_SEAT_PATH', '/org/freedesktop/DisplayManager/Seat0'), ('LC_MONETARY', 'ko_KR.UTF-8'), ('SYSTEMD_EXEC_PID', '1883'), ('DBUS_SESSION_BUS_ADDRESS', 'unix:path=/run/user/1000/bus'), ('COLORTERM', 'truecolor'), ('COLCON_PREFIX_PATH', '/home/amrl_sunny/ros2_autonomous_vehicle_simulation/install:/home/amrl_sunny/2025_jacapdi/install'), ('ROS_DISTRO', 'humble'), ('GTK_IM_MODULE', 'ibus'), ('LOGNAME', 'amrl_sunny'), ('_', '/usr/bin/colcon'), ('ROS_VERSION', '2'), ('XDG_SESSION_CLASS', 'user'), ('TERM', 'xterm-256color'), ('GNOME_DESKTOP_SESSION_ID', 'this-is-deprecated'), ('ROS_LOCALHOST_ONLY', '0'), ('PATH', '/opt/ros/humble/bin:/home/amrl_sunny/.local/bin:/usr/local/sbin:/usr/local/bin:/usr/sbin:/usr/bin:/sbin:/bin:/usr/games:/usr/local/games:/snap/bin'), ('SESSION_MANAGER', 'local/amrl-desktop:@/tmp/.ICE-unix/1667,unix/amrl-desktop:/tmp/.ICE-unix/1667'), ('GDM_LANG', 'ko'), ('PAPERSIZE', 'a4'), ('XDG_SESSION_PATH', '/org/freedesktop/DisplayManager/Session0'), ('XDG_MENU_PREFIX', 'gnome-'), ('LC_ADDRESS', 'ko_KR.UTF-8'), ('GNOME_TERMINAL_SCREEN', '/org/gnome/Terminal/screen/749011a1_a9ba_417b_92ef_a087b4eec115'), ('XDG_RUNTIME_DIR', '/run/user/1000'), ('DISPLAY', ':0'), ('LANG', 'ko_KR.UTF-8'), ('XDG_CURRENT_DESKTOP', 'ubuntu:GNOME'), ('LC_TELEPHONE', 'ko_KR.UTF-8'), ('XMODIFIERS', '@im=ibus'), ('XDG_SESSION_DESKTOP', 'ubuntu'), ('XAUTHORITY', '/home/amrl_sunny/.Xauthority'), ('LS_COLORS', 'rs=0:di=01;34:ln=01;36:mh=00:pi=40;33:so=01;35:do=01;35:bd=40;33;01:cd=40;33;01:or=40;31;01:mi=00:su=37;41:sg=30;43:ca=30;41:tw=30;42:ow=34;42:st=37;44:ex=01;32:*.tar=01;31:*.tgz=01;31:*.arc=01;31:*.arj=01;31:*.taz=01;31:*.lha=01;31:*.lz4=01;31:*.lzh=01;31:*.lzma=01;31:*.tlz=01;31:*.txz=01;31:*.tzo=01;31:*.t7z=01;31:*.zip=01;31:*.z=01;31:*.dz=01;31:*.gz=01;31:*.lrz=01;31:*.lz=01;31:*.lzo=01;31:*.xz=01;31:*.zst=01;31:*.tzst=01;31:*.bz2=01;31:*.bz=01;31:*.tbz=01;31:*.tbz2=01;31:*.tz=01;31:*.deb=01;31:*.rpm=01;31:*.jar=01;31:*.war=01;31:*.ear=01;31:*.sar=01;31:*.rar=01;31:*.alz=01;31:*.ace=01;31:*.zoo=01;31:*.cpio=01;31:*.7z=01;31:*.rz=01;31:*.cab=01;31:*.wim=01;31:*.swm=01;31:*.dwm=01;31:*.esd=01;31:*.jpg=01;35:*.jpeg=01;35:*.mjpg=01;35:*.mjpeg=01;35:*.gif=01;35:*.bmp=01;35:*.pbm=01;35:*.pgm=01;35:*.ppm=01;35:*.tga=01;35:*.xbm=01;35:*.xpm=01;35:*.tif=01;35:*.tiff=01;35:*.png=01;35:*.svg=01;35:*.svgz=01;35:*.mng=01;35:*.pcx=01;35:*.mov=01;35:*.mpg=01;35:*.mpeg=01;35:*.m2v=01;35:*.mkv=01;35:*.webm=01;35:*.webp=01;35:*.ogm=01;35:*.mp4=01;35:*.m4v=01;35:*.mp4v=01;35:*.vob=01;35:*.qt=01;35:*.nuv=01;35:*.wmv=01;35:*.asf=01;35:*.rm=01;35:*.rmvb=01;35:*.flc=01;35:*.avi=01;35:*.fli=01;35:*.flv=01;35:*.gl=01;35:*.dl=01;35:*.xcf=01;35:*.xwd=01;35:*.yuv=01;35:*.cgm=01;35:*.emf=01;35:*.ogv=01;35:*.ogx=01;35:*.aac=00;36:*.au=00;36:*.flac=00;36:*.m4a=00;36:*.mid=00;36:*.midi=00;36:*.mka=00;36:*.mp3=00;36:*.mpc=00;36:*.ogg=00;36:*.ra=00;36:*.wav=00;36:*.oga=00;36:*.opus=00;36:*.spx=00;36:*.xspf=00;36:'), ('GNOME_TERMINAL_SERVICE', ':1.30987'), ('SSH_AGENT_LAUNCHER', 'gnome-keyring'), ('SSH_AUTH_SOCK', '/run/user/1000/keyring/ssh'), ('ROS_DOMAIN_ID', '0'), ('XDG_GREETER_DATA_DIR', '/var/lib/lightdm-data/amrl_sunny'), ('AMENT_PREFIX_PATH', '/home/amrl_sunny/ros2_autonomous_vehicle_simulation/install/simulation_pkg:/home/amrl_sunny/ros2_autonomous_vehicle_simulation/install/debug_pkg:/home/amrl_sunny/ros2_autonomous_vehicle_simulation/install/decision_making_pkg:/home/amrl_sunny/ros2_autonomous_vehicle_simulation/install/camera_perception_pkg:/home/amrl_sunny/ros2_autonomous_vehicle_simulation/install/interfaces_pkg:/home/amrl_sunny/2025_jacapdi/install/simulation_pkg:/home/amrl_sunny/2025_jacapdi/install/debug_pkg:/home/amrl_sunny/2025_jacapdi/install/decision_making_pkg:/home/amrl_sunny/2025_jacapdi/install/camera_perception_pkg:/opt/ros/humble'), ('SHELL', '/bin/bash'), ('LC_NAME', 'ko_KR.UTF-8'), ('QT_ACCESSIBILITY', '1'), ('GDMSESSION', 'ubuntu'), ('LESSCLOSE', '/usr/bin/lesspipe %s %s'), ('LC_MEASUREMENT', 'ko_KR.UTF-8'), ('GPG_AGENT_INFO', '/run/user/1000/gnupg/S.gpg-agent:0:1'), ('LC_IDENTIFICATION', 'ko_KR.UTF-8'), ('QT_IM_MODULE', 'ibus'), ('PWD', '/home/amrl_sunny/ros2_autonomous_vehicle_simulation/build/interfaces_pkg'), ('XDG_CONFIG_DIRS', '/etc/xdg/xdg-ubuntu:/etc/xdg'), ('XDG_DATA_DIRS', '/usr/share/ubuntu:/usr/share/gnome:/usr/local/share:/usr/share:/var/lib/snapd/desktop'), ('PYTHONPATH', '/home/amrl_sunny/ros2_autonomous_vehicle_simulation/build/simulation_pkg:/home/amrl_sunny/ros2_autonomous_vehicle_simulation/install/simulation_pkg/lib/python3.10/site-packages:/home/amrl_sunny/ros2_autonomous_vehicle_simulation/build/debug_pkg:/home/amrl_sunny/ros2_autonomous_vehicle_simulation/install/debug_pkg/lib/python3.10/site-packages:/home/amrl_sunny/ros2_autonomous_vehicle_simulation/build/decision_making_pkg:/home/amrl_sunny/ros2_autonomous_vehicle_simulation/install/decision_making_pkg/lib/python3.10/site-packages:/home/amrl_sunny/ros2_autonomous_vehicle_simulation/build/camera_perception_pkg:/home/amrl_sunny/ros2_autonomous_vehicle_simulation/install/camera_perception_pkg/lib/python3.10/site-packages:/home/amrl_sunny/ros2_autonomous_vehicle_simulation/install/interfaces_pkg/local/lib/python3.10/dist-packages:/home/amrl_sunny/2025_jacapdi/build/simulation_pkg:/home/amrl_sunny/2025_jacapdi/install/simulation_pkg/lib/python3.10/site-packages:/home/amrl_sunny/2025_jacapdi/build/debug_pkg:/home/amrl_sunny/2025_jacapdi/install/debug_pkg/lib/python3.10/site-packages:/home/amrl_sunny/2025_jacapdi/build/decision_making_pkg:/home/amrl_sunny/2025_jacapdi/install/decision_making_pkg/lib/python3.10/site-packages:/home/amrl_sunny/2025_jacapdi/build/camera_perception_pkg:/home/amrl_sunny/2025_jacapdi/install/camera_perception_pkg/lib/python3.10/site-packages:/opt/ros/humble/lib/python3.10/site-packages:/opt/ros/humble/local/lib/python3.10/dist-packages'), ('LC_NUMERIC', 'ko_KR.UTF-8'), ('LC_PAPER', 'ko_KR.UTF-8'), ('COLCON', '1'), ('VTE_VERSION', '6800'), ('CMAKE_PREFIX_PATH', '/home/amrl_sunny/ros2_autonomous_vehicle_simulation/install/interfaces_pkg:/home/amrl_sunny/ros2_autonomous_vehicle_simulation/install/simulation_pkg:/home/amrl_sunny/ros2_autonomous_vehicle_simulation/install/debug_pkg:/home/amrl_sunny/ros2_autonomous_vehicle_simulation/install/decision_making_pkg:/home/amrl_sunny/ros2_autonomous_vehicle_simulation/install/camera_perception_pkg:/home/amrl_sunny/2025_jacapdi/install/simulation_pkg:/home/amrl_sunny/2025_jacapdi/install/debug_pkg:/home/amrl_sunny/2025_jacapdi/install/decision_making_pkg:/home/amrl_sunny/2025_jacapdi/install/camera_perception_pkg:/opt/ros/humble')]), 'shell': False}
[0.477617] (interfaces_pkg) StdoutLine: {'line': b'[  0%] Built target interfaces_pkg__cpp\n'}
[0.479500] (interfaces_pkg) StdoutLine: {'line': b'[ 12%] Built target interfaces_pkg__rosidl_generator_c\n'}
[0.482109] (interfaces_pkg) StdoutLine: {'line': b'[ 12%] Built target ament_cmake_python_symlink_interfaces_pkg\n'}
[0.492148] (interfaces_pkg) StdoutLine: {'line': b'[ 35%] Built target interfaces_pkg__rosidl_typesupport_c\n'}
[0.492341] (interfaces_pkg) StdoutLine: {'line': b'[ 36%] Built target interfaces_pkg__rosidl_typesupport_introspection_c\n'}
[0.493185] (interfaces_pkg) StdoutLine: {'line': b'[ 48%] Built target interfaces_pkg__rosidl_typesupport_fastrtps_c\n'}
[0.494453] (interfaces_pkg) StdoutLine: {'line': b'[ 60%] Built target interfaces_pkg__rosidl_typesupport_cpp\n'}
[0.498660] (interfaces_pkg) StdoutLine: {'line': b'[ 72%] Built target interfaces_pkg__rosidl_typesupport_fastrtps_cpp\n'}
[0.498857] (interfaces_pkg) StdoutLine: {'line': b'[ 84%] Built target interfaces_pkg__rosidl_typesupport_introspection_cpp\n'}
[0.500763] (-) TimerEvent: {}
[0.508400] (interfaces_pkg) StdoutLine: {'line': b'[ 84%] Built target interfaces_pkg\n'}
[0.522261] (interfaces_pkg) StdoutLine: {'line': b'[ 85%] Built target interfaces_pkg__py\n'}
[0.540394] (interfaces_pkg) StdoutLine: {'line': b'[ 96%] Built target interfaces_pkg__rosidl_generator_py\n'}
[0.555520] (interfaces_pkg) StdoutLine: {'line': b'[ 98%] Built target interfaces_pkg__rosidl_typesupport_fastrtps_c__pyext\n'}
[0.555708] (interfaces_pkg) StdoutLine: {'line': b'[ 99%] Built target interfaces_pkg__rosidl_typesupport_introspection_c__pyext\n'}
[0.555764] (interfaces_pkg) StdoutLine: {'line': b'[100%] Built target interfaces_pkg__rosidl_typesupport_c__pyext\n'}
[0.600840] (-) TimerEvent: {}
[0.616242] (interfaces_pkg) StdoutLine: {'line': b'running egg_info\n'}
[0.616539] (interfaces_pkg) StdoutLine: {'line': b'writing interfaces_pkg.egg-info/PKG-INFO\n'}
[0.616713] (interfaces_pkg) StdoutLine: {'line': b'writing dependency_links to interfaces_pkg.egg-info/dependency_links.txt\n'}
[0.616771] (interfaces_pkg) StdoutLine: {'line': b'writing top-level names to interfaces_pkg.egg-info/top_level.txt\n'}
[0.617870] (interfaces_pkg) StdoutLine: {'line': b"reading manifest file 'interfaces_pkg.egg-info/SOURCES.txt'\n"}
[0.618199] (interfaces_pkg) StdoutLine: {'line': b"writing manifest file 'interfaces_pkg.egg-info/SOURCES.txt'\n"}
[0.634339] (interfaces_pkg) StdoutLine: {'line': b'[100%] Built target ament_cmake_python_build_interfaces_pkg_egg\n'}
[0.642777] (interfaces_pkg) CommandEnded: {'returncode': 0}
[0.643570] (interfaces_pkg) JobProgress: {'identifier': 'interfaces_pkg', 'progress': 'install'}
[0.649468] (interfaces_pkg) Command: {'cmd': ['/usr/bin/cmake', '--install', '/home/amrl_sunny/ros2_autonomous_vehicle_simulation/build/interfaces_pkg'], 'cwd': '/home/amrl_sunny/ros2_autonomous_vehicle_simulation/build/interfaces_pkg', 'env': OrderedDict([('LESSOPEN', '| /usr/bin/lesspipe %s'), ('LANGUAGE', 'ko:en'), ('USER', 'amrl_sunny'), ('LC_TIME', 'ko_KR.UTF-8'), ('XDG_SESSION_TYPE', 'x11'), ('SHLVL', '1'), ('LD_LIBRARY_PATH', '/home/amrl_sunny/ros2_autonomous_vehicle_simulation/install/interfaces_pkg/lib:/opt/ros/humble/opt/rviz_ogre_vendor/lib:/usr/lib/x86_64-linux-gnu/gazebo-11/plugins:/opt/ros/humble/lib/x86_64-linux-gnu:/opt/ros/humble/lib'), ('HOME', '/home/amrl_sunny'), ('OLDPWD', '/home/amrl_sunny/ros2_autonomous_vehicle_simulation'), ('DESKTOP_SESSION', 'ubuntu'), ('ROS_PYTHON_VERSION', '3'), ('GNOME_SHELL_SESSION_MODE', 'ubuntu'), ('GTK_MODULES', 'gail:atk-bridge'), ('XDG_SEAT_PATH', '/org/freedesktop/DisplayManager/Seat0'), ('LC_MONETARY', 'ko_KR.UTF-8'), ('SYSTEMD_EXEC_PID', '1883'), ('DBUS_SESSION_BUS_ADDRESS', 'unix:path=/run/user/1000/bus'), ('COLORTERM', 'truecolor'), ('COLCON_PREFIX_PATH', '/home/amrl_sunny/ros2_autonomous_vehicle_simulation/install:/home/amrl_sunny/2025_jacapdi/install'), ('ROS_DISTRO', 'humble'), ('GTK_IM_MODULE', 'ibus'), ('LOGNAME', 'amrl_sunny'), ('_', '/usr/bin/colcon'), ('ROS_VERSION', '2'), ('XDG_SESSION_CLASS', 'user'), ('TERM', 'xterm-256color'), ('GNOME_DESKTOP_SESSION_ID', 'this-is-deprecated'), ('ROS_LOCALHOST_ONLY', '0'), ('PATH', '/opt/ros/humble/bin:/home/amrl_sunny/.local/bin:/usr/local/sbin:/usr/local/bin:/usr/sbin:/usr/bin:/sbin:/bin:/usr/games:/usr/local/games:/snap/bin'), ('SESSION_MANAGER', 'local/amrl-desktop:@/tmp/.ICE-unix/1667,unix/amrl-desktop:/tmp/.ICE-unix/1667'), ('GDM_LANG', 'ko'), ('PAPERSIZE', 'a4'), ('XDG_SESSION_PATH', '/org/freedesktop/DisplayManager/Session0'), ('XDG_MENU_PREFIX', 'gnome-'), ('LC_ADDRESS', 'ko_KR.UTF-8'), ('GNOME_TERMINAL_SCREEN', '/org/gnome/Terminal/screen/749011a1_a9ba_417b_92ef_a087b4eec115'), ('XDG_RUNTIME_DIR', '/run/user/1000'), ('DISPLAY', ':0'), ('LANG', 'ko_KR.UTF-8'), ('XDG_CURRENT_DESKTOP', 'ubuntu:GNOME'), ('LC_TELEPHONE', 'ko_KR.UTF-8'), ('XMODIFIERS', '@im=ibus'), ('XDG_SESSION_DESKTOP', 'ubuntu'), ('XAUTHORITY', '/home/amrl_sunny/.Xauthority'), ('LS_COLORS', 'rs=0:di=01;34:ln=01;36:mh=00:pi=40;33:so=01;35:do=01;35:bd=40;33;01:cd=40;33;01:or=40;31;01:mi=00:su=37;41:sg=30;43:ca=30;41:tw=30;42:ow=34;42:st=37;44:ex=01;32:*.tar=01;31:*.tgz=01;31:*.arc=01;31:*.arj=01;31:*.taz=01;31:*.lha=01;31:*.lz4=01;31:*.lzh=01;31:*.lzma=01;31:*.tlz=01;31:*.txz=01;31:*.tzo=01;31:*.t7z=01;31:*.zip=01;31:*.z=01;31:*.dz=01;31:*.gz=01;31:*.lrz=01;31:*.lz=01;31:*.lzo=01;31:*.xz=01;31:*.zst=01;31:*.tzst=01;31:*.bz2=01;31:*.bz=01;31:*.tbz=01;31:*.tbz2=01;31:*.tz=01;31:*.deb=01;31:*.rpm=01;31:*.jar=01;31:*.war=01;31:*.ear=01;31:*.sar=01;31:*.rar=01;31:*.alz=01;31:*.ace=01;31:*.zoo=01;31:*.cpio=01;31:*.7z=01;31:*.rz=01;31:*.cab=01;31:*.wim=01;31:*.swm=01;31:*.dwm=01;31:*.esd=01;31:*.jpg=01;35:*.jpeg=01;35:*.mjpg=01;35:*.mjpeg=01;35:*.gif=01;35:*.bmp=01;35:*.pbm=01;35:*.pgm=01;35:*.ppm=01;35:*.tga=01;35:*.xbm=01;35:*.xpm=01;35:*.tif=01;35:*.tiff=01;35:*.png=01;35:*.svg=01;35:*.svgz=01;35:*.mng=01;35:*.pcx=01;35:*.mov=01;35:*.mpg=01;35:*.mpeg=01;35:*.m2v=01;35:*.mkv=01;35:*.webm=01;35:*.webp=01;35:*.ogm=01;35:*.mp4=01;35:*.m4v=01;35:*.mp4v=01;35:*.vob=01;35:*.qt=01;35:*.nuv=01;35:*.wmv=01;35:*.asf=01;35:*.rm=01;35:*.rmvb=01;35:*.flc=01;35:*.avi=01;35:*.fli=01;35:*.flv=01;35:*.gl=01;35:*.dl=01;35:*.xcf=01;35:*.xwd=01;35:*.yuv=01;35:*.cgm=01;35:*.emf=01;35:*.ogv=01;35:*.ogx=01;35:*.aac=00;36:*.au=00;36:*.flac=00;36:*.m4a=00;36:*.mid=00;36:*.midi=00;36:*.mka=00;36:*.mp3=00;36:*.mpc=00;36:*.ogg=00;36:*.ra=00;36:*.wav=00;36:*.oga=00;36:*.opus=00;36:*.spx=00;36:*.xspf=00;36:'), ('GNOME_TERMINAL_SERVICE', ':1.30987'), ('SSH_AGENT_LAUNCHER', 'gnome-keyring'), ('SSH_AUTH_SOCK', '/run/user/1000/keyring/ssh'), ('ROS_DOMAIN_ID', '0'), ('XDG_GREETER_DATA_DIR', '/var/lib/lightdm-data/amrl_sunny'), ('AMENT_PREFIX_PATH', '/home/amrl_sunny/ros2_autonomous_vehicle_simulation/install/simulation_pkg:/home/amrl_sunny/ros2_autonomous_vehicle_simulation/install/debug_pkg:/home/amrl_sunny/ros2_autonomous_vehicle_simulation/install/decision_making_pkg:/home/amrl_sunny/ros2_autonomous_vehicle_simulation/install/camera_perception_pkg:/home/amrl_sunny/ros2_autonomous_vehicle_simulation/install/interfaces_pkg:/home/amrl_sunny/2025_jacapdi/install/simulation_pkg:/home/amrl_sunny/2025_jacapdi/install/debug_pkg:/home/amrl_sunny/2025_jacapdi/install/decision_making_pkg:/home/amrl_sunny/2025_jacapdi/install/camera_perception_pkg:/opt/ros/humble'), ('SHELL', '/bin/bash'), ('LC_NAME', 'ko_KR.UTF-8'), ('QT_ACCESSIBILITY', '1'), ('GDMSESSION', 'ubuntu'), ('LESSCLOSE', '/usr/bin/lesspipe %s %s'), ('LC_MEASUREMENT', 'ko_KR.UTF-8'), ('GPG_AGENT_INFO', '/run/user/1000/gnupg/S.gpg-agent:0:1'), ('LC_IDENTIFICATION', 'ko_KR.UTF-8'), ('QT_IM_MODULE', 'ibus'), ('PWD', '/home/amrl_sunny/ros2_autonomous_vehicle_simulation/build/interfaces_pkg'), ('XDG_CONFIG_DIRS', '/etc/xdg/xdg-ubuntu:/etc/xdg'), ('XDG_DATA_DIRS', '/usr/share/ubuntu:/usr/share/gnome:/usr/local/share:/usr/share:/var/lib/snapd/desktop'), ('PYTHONPATH', '/home/amrl_sunny/ros2_autonomous_vehicle_simulation/build/simulation_pkg:/home/amrl_sunny/ros2_autonomous_vehicle_simulation/install/simulation_pkg/lib/python3.10/site-packages:/home/amrl_sunny/ros2_autonomous_vehicle_simulation/build/debug_pkg:/home/amrl_sunny/ros2_autonomous_vehicle_simulation/install/debug_pkg/lib/python3.10/site-packages:/home/amrl_sunny/ros2_autonomous_vehicle_simulation/build/decision_making_pkg:/home/amrl_sunny/ros2_autonomous_vehicle_simulation/install/decision_making_pkg/lib/python3.10/site-packages:/home/amrl_sunny/ros2_autonomous_vehicle_simulation/build/camera_perception_pkg:/home/amrl_sunny/ros2_autonomous_vehicle_simulation/install/camera_perception_pkg/lib/python3.10/site-packages:/home/amrl_sunny/ros2_autonomous_vehicle_simulation/install/interfaces_pkg/local/lib/python3.10/dist-packages:/home/amrl_sunny/2025_jacapdi/build/simulation_pkg:/home/amrl_sunny/2025_jacapdi/install/simulation_pkg/lib/python3.10/site-packages:/home/amrl_sunny/2025_jacapdi/build/debug_pkg:/home/amrl_sunny/2025_jacapdi/install/debug_pkg/lib/python3.10/site-packages:/home/amrl_sunny/2025_jacapdi/build/decision_making_pkg:/home/amrl_sunny/2025_jacapdi/install/decision_making_pkg/lib/python3.10/site-packages:/home/amrl_sunny/2025_jacapdi/build/camera_perception_pkg:/home/amrl_sunny/2025_jacapdi/install/camera_perception_pkg/lib/python3.10/site-packages:/opt/ros/humble/lib/python3.10/site-packages:/opt/ros/humble/local/lib/python3.10/dist-packages'), ('LC_NUMERIC', 'ko_KR.UTF-8'), ('LC_PAPER', 'ko_KR.UTF-8'), ('COLCON', '1'), ('VTE_VERSION', '6800'), ('CMAKE_PREFIX_PATH', '/home/amrl_sunny/ros2_autonomous_vehicle_simulation/install/interfaces_pkg:/home/amrl_sunny/ros2_autonomous_vehicle_simulation/install/simulation_pkg:/home/amrl_sunny/ros2_autonomous_vehicle_simulation/install/debug_pkg:/home/amrl_sunny/ros2_autonomous_vehicle_simulation/install/decision_making_pkg:/home/amrl_sunny/ros2_autonomous_vehicle_simulation/install/camera_perception_pkg:/home/amrl_sunny/2025_jacapdi/install/simulation_pkg:/home/amrl_sunny/2025_jacapdi/install/debug_pkg:/home/amrl_sunny/2025_jacapdi/install/decision_making_pkg:/home/amrl_sunny/2025_jacapdi/install/camera_perception_pkg:/opt/ros/humble')]), 'shell': False}
[0.655696] (interfaces_pkg) StdoutLine: {'line': b'-- Install configuration: ""\n'}
[0.656146] (interfaces_pkg) StdoutLine: {'line': b'-- Execute custom install script\n'}
[0.656252] (interfaces_pkg) StdoutLine: {'line': b'-- Up-to-date symlink: /home/amrl_sunny/ros2_autonomous_vehicle_simulation/install/interfaces_pkg/share/ament_index/resource_index/rosidl_interfaces/interfaces_pkg\n'}
[0.656681] (interfaces_pkg) StdoutLine: {'line': b'-- Up-to-date symlink: /home/amrl_sunny/ros2_autonomous_vehicle_simulation/install/interfaces_pkg/include/interfaces_pkg/interfaces_pkg/msg/bounding_box2_d.h\n'}
[0.656727] (interfaces_pkg) StdoutLine: {'line': b'-- Up-to-date symlink: /home/amrl_sunny/ros2_autonomous_vehicle_simulation/install/interfaces_pkg/include/interfaces_pkg/interfaces_pkg/msg/bounding_box3_d.h\n'}
[0.656770] (interfaces_pkg) StdoutLine: {'line': b'-- Up-to-date symlink: /home/amrl_sunny/ros2_autonomous_vehicle_simulation/install/interfaces_pkg/include/interfaces_pkg/interfaces_pkg/msg/detail/bounding_box2_d__functions.h\n'}
[0.656813] (interfaces_pkg) StdoutLine: {'line': b'-- Up-to-date symlink: /home/amrl_sunny/ros2_autonomous_vehicle_simulation/install/interfaces_pkg/include/interfaces_pkg/interfaces_pkg/msg/detail/bounding_box2_d__struct.h\n'}
[0.656848] (interfaces_pkg) StdoutLine: {'line': b'-- Up-to-date symlink: /home/amrl_sunny/ros2_autonomous_vehicle_simulation/install/interfaces_pkg/include/interfaces_pkg/interfaces_pkg/msg/detail/bounding_box2_d__type_support.h\n'}
[0.656888] (interfaces_pkg) StdoutLine: {'line': b'-- Up-to-date symlink: /home/amrl_sunny/ros2_autonomous_vehicle_simulation/install/interfaces_pkg/include/interfaces_pkg/interfaces_pkg/msg/detail/bounding_box3_d__functions.h\n'}
[0.656923] (interfaces_pkg) StdoutLine: {'line': b'-- Up-to-date symlink: /home/amrl_sunny/ros2_autonomous_vehicle_simulation/install/interfaces_pkg/include/interfaces_pkg/interfaces_pkg/msg/detail/bounding_box3_d__struct.h\n'}
[0.656960] (interfaces_pkg) StdoutLine: {'line': b'-- Up-to-date symlink: /home/amrl_sunny/ros2_autonomous_vehicle_simulation/install/interfaces_pkg/include/interfaces_pkg/interfaces_pkg/msg/detail/bounding_box3_d__type_support.h\n'}
[0.657001] (interfaces_pkg) StdoutLine: {'line': b'-- Up-to-date symlink: /home/amrl_sunny/ros2_autonomous_vehicle_simulation/install/interfaces_pkg/include/interfaces_pkg/interfaces_pkg/msg/detail/detection__functions.h\n'}
[0.657041] (interfaces_pkg) StdoutLine: {'line': b'-- Up-to-date symlink: /home/amrl_sunny/ros2_autonomous_vehicle_simulation/install/interfaces_pkg/include/interfaces_pkg/interfaces_pkg/msg/detail/detection__struct.h\n'}
[0.657080] (interfaces_pkg) StdoutLine: {'line': b'-- Up-to-date symlink: /home/amrl_sunny/ros2_autonomous_vehicle_simulation/install/interfaces_pkg/include/interfaces_pkg/interfaces_pkg/msg/detail/detection__type_support.h\n'}
[0.657116] (interfaces_pkg) StdoutLine: {'line': b'-- Up-to-date symlink: /home/amrl_sunny/ros2_autonomous_vehicle_simulation/install/interfaces_pkg/include/interfaces_pkg/interfaces_pkg/msg/detail/detection_array__functions.h\n'}
[0.657155] (interfaces_pkg) StdoutLine: {'line': b'-- Up-to-date symlink: /home/amrl_sunny/ros2_autonomous_vehicle_simulation/install/interfaces_pkg/include/interfaces_pkg/interfaces_pkg/msg/detail/detection_array__struct.h\n'}
[0.657199] (interfaces_pkg) StdoutLine: {'line': b'-- Up-to-date symlink: /home/amrl_sunny/ros2_autonomous_vehicle_simulation/install/interfaces_pkg/include/interfaces_pkg/interfaces_pkg/msg/detail/detection_array__type_support.h\n'}
[0.657220] (interfaces_pkg) StdoutLine: {'line': b'-- Up-to-date symlink: /home/amrl_sunny/ros2_autonomous_vehicle_simulation/install/interfaces_pkg/include/interfaces_pkg/interfaces_pkg/msg/detail/key_point2_d__functions.h\n'}
[0.657257] (interfaces_pkg) StdoutLine: {'line': b'-- Up-to-date symlink: /home/amrl_sunny/ros2_autonomous_vehicle_simulation/install/interfaces_pkg/include/interfaces_pkg/interfaces_pkg/msg/detail/key_point2_d__struct.h\n'}
[0.657295] (interfaces_pkg) StdoutLine: {'line': b'-- Up-to-date symlink: /home/amrl_sunny/ros2_autonomous_vehicle_simulation/install/interfaces_pkg/include/interfaces_pkg/interfaces_pkg/msg/detail/key_point2_d__type_support.h\n'}
[0.657339] (interfaces_pkg) StdoutLine: {'line': b'-- Up-to-date symlink: /home/amrl_sunny/ros2_autonomous_vehicle_simulation/install/interfaces_pkg/include/interfaces_pkg/interfaces_pkg/msg/detail/key_point2_d_array__functions.h\n'}
[0.657361] (interfaces_pkg) StdoutLine: {'line': b'-- Up-to-date symlink: /home/amrl_sunny/ros2_autonomous_vehicle_simulation/install/interfaces_pkg/include/interfaces_pkg/interfaces_pkg/msg/detail/key_point2_d_array__struct.h\n'}
[0.657398] (interfaces_pkg) StdoutLine: {'line': b'-- Up-to-date symlink: /home/amrl_sunny/ros2_autonomous_vehicle_simulation/install/interfaces_pkg/include/interfaces_pkg/interfaces_pkg/msg/detail/key_point2_d_array__type_support.h\n'}
[0.657438] (interfaces_pkg) StdoutLine: {'line': b'-- Up-to-date symlink: /home/amrl_sunny/ros2_autonomous_vehicle_simulation/install/interfaces_pkg/include/interfaces_pkg/interfaces_pkg/msg/detail/key_point3_d__functions.h\n'}
[0.657472] (interfaces_pkg) StdoutLine: {'line': b'-- Up-to-date symlink: /home/amrl_sunny/ros2_autonomous_vehicle_simulation/install/interfaces_pkg/include/interfaces_pkg/interfaces_pkg/msg/detail/key_point3_d__struct.h\n'}
[0.657515] (interfaces_pkg) StdoutLine: {'line': b'-- Up-to-date symlink: /home/amrl_sunny/ros2_autonomous_vehicle_simulation/install/interfaces_pkg/include/interfaces_pkg/interfaces_pkg/msg/detail/key_point3_d__type_support.h\n'}
[0.657551] (interfaces_pkg) StdoutLine: {'line': b'-- Up-to-date symlink: /home/amrl_sunny/ros2_autonomous_vehicle_simulation/install/interfaces_pkg/include/interfaces_pkg/interfaces_pkg/msg/detail/key_point3_d_array__functions.h\n'}
[0.657597] (interfaces_pkg) StdoutLine: {'line': b'-- Up-to-date symlink: /home/amrl_sunny/ros2_autonomous_vehicle_simulation/install/interfaces_pkg/include/interfaces_pkg/interfaces_pkg/msg/detail/key_point3_d_array__struct.h\n'}
[0.657638] (interfaces_pkg) StdoutLine: {'line': b'-- Up-to-date symlink: /home/amrl_sunny/ros2_autonomous_vehicle_simulation/install/interfaces_pkg/include/interfaces_pkg/interfaces_pkg/msg/detail/key_point3_d_array__type_support.h\n'}
[0.657683] (interfaces_pkg) StdoutLine: {'line': b'-- Up-to-date symlink: /home/amrl_sunny/ros2_autonomous_vehicle_simulation/install/interfaces_pkg/include/interfaces_pkg/interfaces_pkg/msg/detail/lane_info__functions.h\n'}
[0.657705] (interfaces_pkg) StdoutLine: {'line': b'-- Up-to-date symlink: /home/amrl_sunny/ros2_autonomous_vehicle_simulation/install/interfaces_pkg/include/interfaces_pkg/interfaces_pkg/msg/detail/lane_info__struct.h\n'}
[0.657749] (interfaces_pkg) StdoutLine: {'line': b'-- Up-to-date symlink: /home/amrl_sunny/ros2_autonomous_vehicle_simulation/install/interfaces_pkg/include/interfaces_pkg/interfaces_pkg/msg/detail/lane_info__type_support.h\n'}
[0.657770] (interfaces_pkg) StdoutLine: {'line': b'-- Up-to-date symlink: /home/amrl_sunny/ros2_autonomous_vehicle_simulation/install/interfaces_pkg/include/interfaces_pkg/interfaces_pkg/msg/detail/mask__functions.h\n'}
[0.657807] (interfaces_pkg) StdoutLine: {'line': b'-- Up-to-date symlink: /home/amrl_sunny/ros2_autonomous_vehicle_simulation/install/interfaces_pkg/include/interfaces_pkg/interfaces_pkg/msg/detail/mask__struct.h\n'}
[0.657851] (interfaces_pkg) StdoutLine: {'line': b'-- Up-to-date symlink: /home/amrl_sunny/ros2_autonomous_vehicle_simulation/install/interfaces_pkg/include/interfaces_pkg/interfaces_pkg/msg/detail/mask__type_support.h\n'}
[0.657873] (interfaces_pkg) StdoutLine: {'line': b'-- Up-to-date symlink: /home/amrl_sunny/ros2_autonomous_vehicle_simulation/install/interfaces_pkg/include/interfaces_pkg/interfaces_pkg/msg/detail/motion_command__functions.h\n'}
[0.657916] (interfaces_pkg) StdoutLine: {'line': b'-- Up-to-date symlink: /home/amrl_sunny/ros2_autonomous_vehicle_simulation/install/interfaces_pkg/include/interfaces_pkg/interfaces_pkg/msg/detail/motion_command__struct.h\n'}
[0.657937] (interfaces_pkg) StdoutLine: {'line': b'-- Up-to-date symlink: /home/amrl_sunny/ros2_autonomous_vehicle_simulation/install/interfaces_pkg/include/interfaces_pkg/interfaces_pkg/msg/detail/motion_command__type_support.h\n'}
[0.657974] (interfaces_pkg) StdoutLine: {'line': b'-- Up-to-date symlink: /home/amrl_sunny/ros2_autonomous_vehicle_simulation/install/interfaces_pkg/include/interfaces_pkg/interfaces_pkg/msg/detail/path_planning_result__functions.h\n'}
[0.658011] (interfaces_pkg) StdoutLine: {'line': b'-- Up-to-date symlink: /home/amrl_sunny/ros2_autonomous_vehicle_simulation/install/interfaces_pkg/include/interfaces_pkg/interfaces_pkg/msg/detail/path_planning_result__struct.h\n'}
[0.658043] (interfaces_pkg) StdoutLine: {'line': b'-- Up-to-date symlink: /home/amrl_sunny/ros2_autonomous_vehicle_simulation/install/interfaces_pkg/include/interfaces_pkg/interfaces_pkg/msg/detail/path_planning_result__type_support.h\n'}
[0.658081] (interfaces_pkg) StdoutLine: {'line': b'-- Up-to-date symlink: /home/amrl_sunny/ros2_autonomous_vehicle_simulation/install/interfaces_pkg/include/interfaces_pkg/interfaces_pkg/msg/detail/point2_d__functions.h\n'}
[0.658117] (interfaces_pkg) StdoutLine: {'line': b'-- Up-to-date symlink: /home/amrl_sunny/ros2_autonomous_vehicle_simulation/install/interfaces_pkg/include/interfaces_pkg/interfaces_pkg/msg/detail/point2_d__struct.h\n'}
[0.658155] (interfaces_pkg) StdoutLine: {'line': b'-- Up-to-date symlink: /home/amrl_sunny/ros2_autonomous_vehicle_simulation/install/interfaces_pkg/include/interfaces_pkg/interfaces_pkg/msg/detail/point2_d__type_support.h\n'}
[0.658185] (interfaces_pkg) StdoutLine: {'line': b'-- Up-to-date symlink: /home/amrl_sunny/ros2_autonomous_vehicle_simulation/install/interfaces_pkg/include/interfaces_pkg/interfaces_pkg/msg/detail/pose2_d__functions.h\n'}
[0.658217] (interfaces_pkg) StdoutLine: {'line': b'-- Up-to-date symlink: /home/amrl_sunny/ros2_autonomous_vehicle_simulation/install/interfaces_pkg/include/interfaces_pkg/interfaces_pkg/msg/detail/pose2_d__struct.h\n'}
[0.658253] (interfaces_pkg) StdoutLine: {'line': b'-- Up-to-date symlink: /home/amrl_sunny/ros2_autonomous_vehicle_simulation/install/interfaces_pkg/include/interfaces_pkg/interfaces_pkg/msg/detail/pose2_d__type_support.h\n'}
[0.658291] (interfaces_pkg) StdoutLine: {'line': b'-- Up-to-date symlink: /home/amrl_sunny/ros2_autonomous_vehicle_simulation/install/interfaces_pkg/include/interfaces_pkg/interfaces_pkg/msg/detail/target_point__functions.h\n'}
[0.658324] (interfaces_pkg) StdoutLine: {'line': b'-- Up-to-date symlink: /home/amrl_sunny/ros2_autonomous_vehicle_simulation/install/interfaces_pkg/include/interfaces_pkg/interfaces_pkg/msg/detail/target_point__struct.h\n'}
[0.658361] (interfaces_pkg) StdoutLine: {'line': b'-- Up-to-date symlink: /home/amrl_sunny/ros2_autonomous_vehicle_simulation/install/interfaces_pkg/include/interfaces_pkg/interfaces_pkg/msg/detail/target_point__type_support.h\n'}
[0.658398] (interfaces_pkg) StdoutLine: {'line': b'-- Up-to-date symlink: /home/amrl_sunny/ros2_autonomous_vehicle_simulation/install/interfaces_pkg/include/interfaces_pkg/interfaces_pkg/msg/detail/vector2__functions.h\n'}
[0.658437] (interfaces_pkg) StdoutLine: {'line': b'-- Up-to-date symlink: /home/amrl_sunny/ros2_autonomous_vehicle_simulation/install/interfaces_pkg/include/interfaces_pkg/interfaces_pkg/msg/detail/vector2__struct.h\n'}
[0.658475] (interfaces_pkg) StdoutLine: {'line': b'-- Up-to-date symlink: /home/amrl_sunny/ros2_autonomous_vehicle_simulation/install/interfaces_pkg/include/interfaces_pkg/interfaces_pkg/msg/detail/vector2__type_support.h\n'}
[0.658507] (interfaces_pkg) StdoutLine: {'line': b'-- Up-to-date symlink: /home/amrl_sunny/ros2_autonomous_vehicle_simulation/install/interfaces_pkg/include/interfaces_pkg/interfaces_pkg/msg/detection.h\n'}
[0.658546] (interfaces_pkg) StdoutLine: {'line': b'-- Up-to-date symlink: /home/amrl_sunny/ros2_autonomous_vehicle_simulation/install/interfaces_pkg/include/interfaces_pkg/interfaces_pkg/msg/detection_array.h\n'}
[0.658580] (interfaces_pkg) StdoutLine: {'line': b'-- Up-to-date symlink: /home/amrl_sunny/ros2_autonomous_vehicle_simulation/install/interfaces_pkg/include/interfaces_pkg/interfaces_pkg/msg/key_point2_d.h\n'}
[0.658618] (interfaces_pkg) StdoutLine: {'line': b'-- Up-to-date symlink: /home/amrl_sunny/ros2_autonomous_vehicle_simulation/install/interfaces_pkg/include/interfaces_pkg/interfaces_pkg/msg/key_point2_d_array.h\n'}
[0.658655] (interfaces_pkg) StdoutLine: {'line': b'-- Up-to-date symlink: /home/amrl_sunny/ros2_autonomous_vehicle_simulation/install/interfaces_pkg/include/interfaces_pkg/interfaces_pkg/msg/key_point3_d.h\n'}
[0.658692] (interfaces_pkg) StdoutLine: {'line': b'-- Up-to-date symlink: /home/amrl_sunny/ros2_autonomous_vehicle_simulation/install/interfaces_pkg/include/interfaces_pkg/interfaces_pkg/msg/key_point3_d_array.h\n'}
[0.658729] (interfaces_pkg) StdoutLine: {'line': b'-- Up-to-date symlink: /home/amrl_sunny/ros2_autonomous_vehicle_simulation/install/interfaces_pkg/include/interfaces_pkg/interfaces_pkg/msg/lane_info.h\n'}
[0.658761] (interfaces_pkg) StdoutLine: {'line': b'-- Up-to-date symlink: /home/amrl_sunny/ros2_autonomous_vehicle_simulation/install/interfaces_pkg/include/interfaces_pkg/interfaces_pkg/msg/mask.h\n'}
[0.658792] (interfaces_pkg) StdoutLine: {'line': b'-- Up-to-date symlink: /home/amrl_sunny/ros2_autonomous_vehicle_simulation/install/interfaces_pkg/include/interfaces_pkg/interfaces_pkg/msg/motion_command.h\n'}
[0.658824] (interfaces_pkg) StdoutLine: {'line': b'-- Up-to-date symlink: /home/amrl_sunny/ros2_autonomous_vehicle_simulation/install/interfaces_pkg/include/interfaces_pkg/interfaces_pkg/msg/path_planning_result.h\n'}
[0.658861] (interfaces_pkg) StdoutLine: {'line': b'-- Up-to-date symlink: /home/amrl_sunny/ros2_autonomous_vehicle_simulation/install/interfaces_pkg/include/interfaces_pkg/interfaces_pkg/msg/point2_d.h\n'}
[0.658900] (interfaces_pkg) StdoutLine: {'line': b'-- Up-to-date symlink: /home/amrl_sunny/ros2_autonomous_vehicle_simulation/install/interfaces_pkg/include/interfaces_pkg/interfaces_pkg/msg/pose2_d.h\n'}
[0.658939] (interfaces_pkg) StdoutLine: {'line': b'-- Up-to-date symlink: /home/amrl_sunny/ros2_autonomous_vehicle_simulation/install/interfaces_pkg/include/interfaces_pkg/interfaces_pkg/msg/rosidl_generator_c__visibility_control.h\n'}
[0.658970] (interfaces_pkg) StdoutLine: {'line': b'-- Up-to-date symlink: /home/amrl_sunny/ros2_autonomous_vehicle_simulation/install/interfaces_pkg/include/interfaces_pkg/interfaces_pkg/msg/target_point.h\n'}
[0.659010] (interfaces_pkg) StdoutLine: {'line': b'-- Up-to-date symlink: /home/amrl_sunny/ros2_autonomous_vehicle_simulation/install/interfaces_pkg/include/interfaces_pkg/interfaces_pkg/msg/vector2.h\n'}
[0.659058] (interfaces_pkg) StdoutLine: {'line': b'-- Up-to-date symlink: /home/amrl_sunny/ros2_autonomous_vehicle_simulation/install/interfaces_pkg/share/interfaces_pkg/environment/library_path.sh\n'}
[0.659117] (interfaces_pkg) StdoutLine: {'line': b'-- Up-to-date symlink: /home/amrl_sunny/ros2_autonomous_vehicle_simulation/install/interfaces_pkg/share/interfaces_pkg/environment/library_path.dsv\n'}
[0.659450] (interfaces_pkg) StdoutLine: {'line': b'-- Up-to-date symlink: /home/amrl_sunny/ros2_autonomous_vehicle_simulation/install/interfaces_pkg/include/interfaces_pkg/interfaces_pkg/msg/detail/bounding_box2_d__rosidl_typesupport_fastrtps_c.h\n'}
[0.659490] (interfaces_pkg) StdoutLine: {'line': b'-- Up-to-date symlink: /home/amrl_sunny/ros2_autonomous_vehicle_simulation/install/interfaces_pkg/include/interfaces_pkg/interfaces_pkg/msg/detail/bounding_box3_d__rosidl_typesupport_fastrtps_c.h\n'}
[0.659533] (interfaces_pkg) StdoutLine: {'line': b'-- Up-to-date symlink: /home/amrl_sunny/ros2_autonomous_vehicle_simulation/install/interfaces_pkg/include/interfaces_pkg/interfaces_pkg/msg/detail/detection__rosidl_typesupport_fastrtps_c.h\n'}
[0.659568] (interfaces_pkg) StdoutLine: {'line': b'-- Up-to-date symlink: /home/amrl_sunny/ros2_autonomous_vehicle_simulation/install/interfaces_pkg/include/interfaces_pkg/interfaces_pkg/msg/detail/detection_array__rosidl_typesupport_fastrtps_c.h\n'}
[0.659605] (interfaces_pkg) StdoutLine: {'line': b'-- Up-to-date symlink: /home/amrl_sunny/ros2_autonomous_vehicle_simulation/install/interfaces_pkg/include/interfaces_pkg/interfaces_pkg/msg/detail/key_point2_d__rosidl_typesupport_fastrtps_c.h\n'}
[0.659640] (interfaces_pkg) StdoutLine: {'line': b'-- Up-to-date symlink: /home/amrl_sunny/ros2_autonomous_vehicle_simulation/install/interfaces_pkg/include/interfaces_pkg/interfaces_pkg/msg/detail/key_point2_d_array__rosidl_typesupport_fastrtps_c.h\n'}
[0.659675] (interfaces_pkg) StdoutLine: {'line': b'-- Up-to-date symlink: /home/amrl_sunny/ros2_autonomous_vehicle_simulation/install/interfaces_pkg/include/interfaces_pkg/interfaces_pkg/msg/detail/key_point3_d__rosidl_typesupport_fastrtps_c.h\n'}
[0.659710] (interfaces_pkg) StdoutLine: {'line': b'-- Up-to-date symlink: /home/amrl_sunny/ros2_autonomous_vehicle_simulation/install/interfaces_pkg/include/interfaces_pkg/interfaces_pkg/msg/detail/key_point3_d_array__rosidl_typesupport_fastrtps_c.h\n'}
[0.659746] (interfaces_pkg) StdoutLine: {'line': b'-- Up-to-date symlink: /home/amrl_sunny/ros2_autonomous_vehicle_simulation/install/interfaces_pkg/include/interfaces_pkg/interfaces_pkg/msg/detail/lane_info__rosidl_typesupport_fastrtps_c.h\n'}
[0.659784] (interfaces_pkg) StdoutLine: {'line': b'-- Up-to-date symlink: /home/amrl_sunny/ros2_autonomous_vehicle_simulation/install/interfaces_pkg/include/interfaces_pkg/interfaces_pkg/msg/detail/mask__rosidl_typesupport_fastrtps_c.h\n'}
[0.659820] (interfaces_pkg) StdoutLine: {'line': b'-- Up-to-date symlink: /home/amrl_sunny/ros2_autonomous_vehicle_simulation/install/interfaces_pkg/include/interfaces_pkg/interfaces_pkg/msg/detail/motion_command__rosidl_typesupport_fastrtps_c.h\n'}
[0.659857] (interfaces_pkg) StdoutLine: {'line': b'-- Up-to-date symlink: /home/amrl_sunny/ros2_autonomous_vehicle_simulation/install/interfaces_pkg/include/interfaces_pkg/interfaces_pkg/msg/detail/path_planning_result__rosidl_typesupport_fastrtps_c.h\n'}
[0.659894] (interfaces_pkg) StdoutLine: {'line': b'-- Up-to-date symlink: /home/amrl_sunny/ros2_autonomous_vehicle_simulation/install/interfaces_pkg/include/interfaces_pkg/interfaces_pkg/msg/detail/point2_d__rosidl_typesupport_fastrtps_c.h\n'}
[0.659930] (interfaces_pkg) StdoutLine: {'line': b'-- Up-to-date symlink: /home/amrl_sunny/ros2_autonomous_vehicle_simulation/install/interfaces_pkg/include/interfaces_pkg/interfaces_pkg/msg/detail/pose2_d__rosidl_typesupport_fastrtps_c.h\n'}
[0.659968] (interfaces_pkg) StdoutLine: {'line': b'-- Up-to-date symlink: /home/amrl_sunny/ros2_autonomous_vehicle_simulation/install/interfaces_pkg/include/interfaces_pkg/interfaces_pkg/msg/detail/target_point__rosidl_typesupport_fastrtps_c.h\n'}
[0.660004] (interfaces_pkg) StdoutLine: {'line': b'-- Up-to-date symlink: /home/amrl_sunny/ros2_autonomous_vehicle_simulation/install/interfaces_pkg/include/interfaces_pkg/interfaces_pkg/msg/detail/vector2__rosidl_typesupport_fastrtps_c.h\n'}
[0.660039] (interfaces_pkg) StdoutLine: {'line': b'-- Up-to-date symlink: /home/amrl_sunny/ros2_autonomous_vehicle_simulation/install/interfaces_pkg/include/interfaces_pkg/interfaces_pkg/msg/rosidl_typesupport_fastrtps_c__visibility_control.h\n'}
[0.660244] (interfaces_pkg) StdoutLine: {'line': b'-- Up-to-date symlink: /home/amrl_sunny/ros2_autonomous_vehicle_simulation/install/interfaces_pkg/include/interfaces_pkg/interfaces_pkg/msg/detail/bounding_box2_d__rosidl_typesupport_introspection_c.h\n'}
[0.660282] (interfaces_pkg) StdoutLine: {'line': b'-- Up-to-date symlink: /home/amrl_sunny/ros2_autonomous_vehicle_simulation/install/interfaces_pkg/include/interfaces_pkg/interfaces_pkg/msg/detail/bounding_box3_d__rosidl_typesupport_introspection_c.h\n'}
[0.660319] (interfaces_pkg) StdoutLine: {'line': b'-- Up-to-date symlink: /home/amrl_sunny/ros2_autonomous_vehicle_simulation/install/interfaces_pkg/include/interfaces_pkg/interfaces_pkg/msg/detail/detection__rosidl_typesupport_introspection_c.h\n'}
[0.660356] (interfaces_pkg) StdoutLine: {'line': b'-- Up-to-date symlink: /home/amrl_sunny/ros2_autonomous_vehicle_simulation/install/interfaces_pkg/include/interfaces_pkg/interfaces_pkg/msg/detail/detection_array__rosidl_typesupport_introspection_c.h\n'}
[0.660392] (interfaces_pkg) StdoutLine: {'line': b'-- Up-to-date symlink: /home/amrl_sunny/ros2_autonomous_vehicle_simulation/install/interfaces_pkg/include/interfaces_pkg/interfaces_pkg/msg/detail/key_point2_d__rosidl_typesupport_introspection_c.h\n'}
[0.660426] (interfaces_pkg) StdoutLine: {'line': b'-- Up-to-date symlink: /home/amrl_sunny/ros2_autonomous_vehicle_simulation/install/interfaces_pkg/include/interfaces_pkg/interfaces_pkg/msg/detail/key_point2_d_array__rosidl_typesupport_introspection_c.h\n'}
[0.660462] (interfaces_pkg) StdoutLine: {'line': b'-- Up-to-date symlink: /home/amrl_sunny/ros2_autonomous_vehicle_simulation/install/interfaces_pkg/include/interfaces_pkg/interfaces_pkg/msg/detail/key_point3_d__rosidl_typesupport_introspection_c.h\n'}
[0.660497] (interfaces_pkg) StdoutLine: {'line': b'-- Up-to-date symlink: /home/amrl_sunny/ros2_autonomous_vehicle_simulation/install/interfaces_pkg/include/interfaces_pkg/interfaces_pkg/msg/detail/key_point3_d_array__rosidl_typesupport_introspection_c.h\n'}
[0.660532] (interfaces_pkg) StdoutLine: {'line': b'-- Up-to-date symlink: /home/amrl_sunny/ros2_autonomous_vehicle_simulation/install/interfaces_pkg/include/interfaces_pkg/interfaces_pkg/msg/detail/lane_info__rosidl_typesupport_introspection_c.h\n'}
[0.660568] (interfaces_pkg) StdoutLine: {'line': b'-- Up-to-date symlink: /home/amrl_sunny/ros2_autonomous_vehicle_simulation/install/interfaces_pkg/include/interfaces_pkg/interfaces_pkg/msg/detail/mask__rosidl_typesupport_introspection_c.h\n'}
[0.660605] (interfaces_pkg) StdoutLine: {'line': b'-- Up-to-date symlink: /home/amrl_sunny/ros2_autonomous_vehicle_simulation/install/interfaces_pkg/include/interfaces_pkg/interfaces_pkg/msg/detail/motion_command__rosidl_typesupport_introspection_c.h\n'}
[0.660641] (interfaces_pkg) StdoutLine: {'line': b'-- Up-to-date symlink: /home/amrl_sunny/ros2_autonomous_vehicle_simulation/install/interfaces_pkg/include/interfaces_pkg/interfaces_pkg/msg/detail/path_planning_result__rosidl_typesupport_introspection_c.h\n'}
[0.660676] (interfaces_pkg) StdoutLine: {'line': b'-- Up-to-date symlink: /home/amrl_sunny/ros2_autonomous_vehicle_simulation/install/interfaces_pkg/include/interfaces_pkg/interfaces_pkg/msg/detail/point2_d__rosidl_typesupport_introspection_c.h\n'}
[0.660712] (interfaces_pkg) StdoutLine: {'line': b'-- Up-to-date symlink: /home/amrl_sunny/ros2_autonomous_vehicle_simulation/install/interfaces_pkg/include/interfaces_pkg/interfaces_pkg/msg/detail/pose2_d__rosidl_typesupport_introspection_c.h\n'}
[0.660746] (interfaces_pkg) StdoutLine: {'line': b'-- Up-to-date symlink: /home/amrl_sunny/ros2_autonomous_vehicle_simulation/install/interfaces_pkg/include/interfaces_pkg/interfaces_pkg/msg/detail/target_point__rosidl_typesupport_introspection_c.h\n'}
[0.660781] (interfaces_pkg) StdoutLine: {'line': b'-- Up-to-date symlink: /home/amrl_sunny/ros2_autonomous_vehicle_simulation/install/interfaces_pkg/include/interfaces_pkg/interfaces_pkg/msg/detail/vector2__rosidl_typesupport_introspection_c.h\n'}
[0.660816] (interfaces_pkg) StdoutLine: {'line': b'-- Up-to-date symlink: /home/amrl_sunny/ros2_autonomous_vehicle_simulation/install/interfaces_pkg/include/interfaces_pkg/interfaces_pkg/msg/rosidl_typesupport_introspection_c__visibility_control.h\n'}
[0.661209] (interfaces_pkg) StdoutLine: {'line': b'-- Up-to-date symlink: /home/amrl_sunny/ros2_autonomous_vehicle_simulation/install/interfaces_pkg/include/interfaces_pkg/interfaces_pkg/msg/bounding_box2_d.hpp\n'}
[0.661244] (interfaces_pkg) StdoutLine: {'line': b'-- Up-to-date symlink: /home/amrl_sunny/ros2_autonomous_vehicle_simulation/install/interfaces_pkg/include/interfaces_pkg/interfaces_pkg/msg/bounding_box3_d.hpp\n'}
[0.661282] (interfaces_pkg) StdoutLine: {'line': b'-- Up-to-date symlink: /home/amrl_sunny/ros2_autonomous_vehicle_simulation/install/interfaces_pkg/include/interfaces_pkg/interfaces_pkg/msg/detail/bounding_box2_d__builder.hpp\n'}
[0.661319] (interfaces_pkg) StdoutLine: {'line': b'-- Up-to-date symlink: /home/amrl_sunny/ros2_autonomous_vehicle_simulation/install/interfaces_pkg/include/interfaces_pkg/interfaces_pkg/msg/detail/bounding_box2_d__struct.hpp\n'}
[0.661359] (interfaces_pkg) StdoutLine: {'line': b'-- Up-to-date symlink: /home/amrl_sunny/ros2_autonomous_vehicle_simulation/install/interfaces_pkg/include/interfaces_pkg/interfaces_pkg/msg/detail/bounding_box2_d__traits.hpp\n'}
[0.661395] (interfaces_pkg) StdoutLine: {'line': b'-- Up-to-date symlink: /home/amrl_sunny/ros2_autonomous_vehicle_simulation/install/interfaces_pkg/include/interfaces_pkg/interfaces_pkg/msg/detail/bounding_box2_d__type_support.hpp\n'}
[0.661431] (interfaces_pkg) StdoutLine: {'line': b'-- Up-to-date symlink: /home/amrl_sunny/ros2_autonomous_vehicle_simulation/install/interfaces_pkg/include/interfaces_pkg/interfaces_pkg/msg/detail/bounding_box3_d__builder.hpp\n'}
[0.661471] (interfaces_pkg) StdoutLine: {'line': b'-- Up-to-date symlink: /home/amrl_sunny/ros2_autonomous_vehicle_simulation/install/interfaces_pkg/include/interfaces_pkg/interfaces_pkg/msg/detail/bounding_box3_d__struct.hpp\n'}
[0.661526] (interfaces_pkg) StdoutLine: {'line': b'-- Up-to-date symlink: /home/amrl_sunny/ros2_autonomous_vehicle_simulation/install/interfaces_pkg/include/interfaces_pkg/interfaces_pkg/msg/detail/bounding_box3_d__traits.hpp\n'}
[0.661558] (interfaces_pkg) StdoutLine: {'line': b'-- Up-to-date symlink: /home/amrl_sunny/ros2_autonomous_vehicle_simulation/install/interfaces_pkg/include/interfaces_pkg/interfaces_pkg/msg/detail/bounding_box3_d__type_support.hpp\n'}
[0.661599] (interfaces_pkg) StdoutLine: {'line': b'-- Up-to-date symlink: /home/amrl_sunny/ros2_autonomous_vehicle_simulation/install/interfaces_pkg/include/interfaces_pkg/interfaces_pkg/msg/detail/detection__builder.hpp\n'}
[0.661638] (interfaces_pkg) StdoutLine: {'line': b'-- Up-to-date symlink: /home/amrl_sunny/ros2_autonomous_vehicle_simulation/install/interfaces_pkg/include/interfaces_pkg/interfaces_pkg/msg/detail/detection__struct.hpp\n'}
[0.661676] (interfaces_pkg) StdoutLine: {'line': b'-- Up-to-date symlink: /home/amrl_sunny/ros2_autonomous_vehicle_simulation/install/interfaces_pkg/include/interfaces_pkg/interfaces_pkg/msg/detail/detection__traits.hpp\n'}
[0.661718] (interfaces_pkg) StdoutLine: {'line': b'-- Up-to-date symlink: /home/amrl_sunny/ros2_autonomous_vehicle_simulation/install/interfaces_pkg/include/interfaces_pkg/interfaces_pkg/msg/detail/detection__type_support.hpp\n'}
[0.661739] (interfaces_pkg) StdoutLine: {'line': b'-- Up-to-date symlink: /home/amrl_sunny/ros2_autonomous_vehicle_simulation/install/interfaces_pkg/include/interfaces_pkg/interfaces_pkg/msg/detail/detection_array__builder.hpp\n'}
[0.661776] (interfaces_pkg) StdoutLine: {'line': b'-- Up-to-date symlink: /home/amrl_sunny/ros2_autonomous_vehicle_simulation/install/interfaces_pkg/include/interfaces_pkg/interfaces_pkg/msg/detail/detection_array__struct.hpp\n'}
[0.661814] (interfaces_pkg) StdoutLine: {'line': b'-- Up-to-date symlink: /home/amrl_sunny/ros2_autonomous_vehicle_simulation/install/interfaces_pkg/include/interfaces_pkg/interfaces_pkg/msg/detail/detection_array__traits.hpp\n'}
[0.661851] (interfaces_pkg) StdoutLine: {'line': b'-- Up-to-date symlink: /home/amrl_sunny/ros2_autonomous_vehicle_simulation/install/interfaces_pkg/include/interfaces_pkg/interfaces_pkg/msg/detail/detection_array__type_support.hpp\n'}
[0.661881] (interfaces_pkg) StdoutLine: {'line': b'-- Up-to-date symlink: /home/amrl_sunny/ros2_autonomous_vehicle_simulation/install/interfaces_pkg/include/interfaces_pkg/interfaces_pkg/msg/detail/key_point2_d__builder.hpp\n'}
[0.661919] (interfaces_pkg) StdoutLine: {'line': b'-- Up-to-date symlink: /home/amrl_sunny/ros2_autonomous_vehicle_simulation/install/interfaces_pkg/include/interfaces_pkg/interfaces_pkg/msg/detail/key_point2_d__struct.hpp\n'}
[0.661950] (interfaces_pkg) StdoutLine: {'line': b'-- Up-to-date symlink: /home/amrl_sunny/ros2_autonomous_vehicle_simulation/install/interfaces_pkg/include/interfaces_pkg/interfaces_pkg/msg/detail/key_point2_d__traits.hpp\n'}
[0.661986] (interfaces_pkg) StdoutLine: {'line': b'-- Up-to-date symlink: /home/amrl_sunny/ros2_autonomous_vehicle_simulation/install/interfaces_pkg/include/interfaces_pkg/interfaces_pkg/msg/detail/key_point2_d__type_support.hpp\n'}
[0.662017] (interfaces_pkg) StdoutLine: {'line': b'-- Up-to-date symlink: /home/amrl_sunny/ros2_autonomous_vehicle_simulation/install/interfaces_pkg/include/interfaces_pkg/interfaces_pkg/msg/detail/key_point2_d_array__builder.hpp\n'}
[0.662048] (interfaces_pkg) StdoutLine: {'line': b'-- Up-to-date symlink: /home/amrl_sunny/ros2_autonomous_vehicle_simulation/install/interfaces_pkg/include/interfaces_pkg/interfaces_pkg/msg/detail/key_point2_d_array__struct.hpp\n'}
[0.662083] (interfaces_pkg) StdoutLine: {'line': b'-- Up-to-date symlink: /home/amrl_sunny/ros2_autonomous_vehicle_simulation/install/interfaces_pkg/include/interfaces_pkg/interfaces_pkg/msg/detail/key_point2_d_array__traits.hpp\n'}
[0.662118] (interfaces_pkg) StdoutLine: {'line': b'-- Up-to-date symlink: /home/amrl_sunny/ros2_autonomous_vehicle_simulation/install/interfaces_pkg/include/interfaces_pkg/interfaces_pkg/msg/detail/key_point2_d_array__type_support.hpp\n'}
[0.662157] (interfaces_pkg) StdoutLine: {'line': b'-- Up-to-date symlink: /home/amrl_sunny/ros2_autonomous_vehicle_simulation/install/interfaces_pkg/include/interfaces_pkg/interfaces_pkg/msg/detail/key_point3_d__builder.hpp\n'}
[0.662192] (interfaces_pkg) StdoutLine: {'line': b'-- Up-to-date symlink: /home/amrl_sunny/ros2_autonomous_vehicle_simulation/install/interfaces_pkg/include/interfaces_pkg/interfaces_pkg/msg/detail/key_point3_d__struct.hpp\n'}
[0.662227] (interfaces_pkg) StdoutLine: {'line': b'-- Up-to-date symlink: /home/amrl_sunny/ros2_autonomous_vehicle_simulation/install/interfaces_pkg/include/interfaces_pkg/interfaces_pkg/msg/detail/key_point3_d__traits.hpp\n'}
[0.662261] (interfaces_pkg) StdoutLine: {'line': b'-- Up-to-date symlink: /home/amrl_sunny/ros2_autonomous_vehicle_simulation/install/interfaces_pkg/include/interfaces_pkg/interfaces_pkg/msg/detail/key_point3_d__type_support.hpp\n'}
[0.662294] (interfaces_pkg) StdoutLine: {'line': b'-- Up-to-date symlink: /home/amrl_sunny/ros2_autonomous_vehicle_simulation/install/interfaces_pkg/include/interfaces_pkg/interfaces_pkg/msg/detail/key_point3_d_array__builder.hpp\n'}
[0.662329] (interfaces_pkg) StdoutLine: {'line': b'-- Up-to-date symlink: /home/amrl_sunny/ros2_autonomous_vehicle_simulation/install/interfaces_pkg/include/interfaces_pkg/interfaces_pkg/msg/detail/key_point3_d_array__struct.hpp\n'}
[0.662360] (interfaces_pkg) StdoutLine: {'line': b'-- Up-to-date symlink: /home/amrl_sunny/ros2_autonomous_vehicle_simulation/install/interfaces_pkg/include/interfaces_pkg/interfaces_pkg/msg/detail/key_point3_d_array__traits.hpp\n'}
[0.662393] (interfaces_pkg) StdoutLine: {'line': b'-- Up-to-date symlink: /home/amrl_sunny/ros2_autonomous_vehicle_simulation/install/interfaces_pkg/include/interfaces_pkg/interfaces_pkg/msg/detail/key_point3_d_array__type_support.hpp\n'}
[0.662429] (interfaces_pkg) StdoutLine: {'line': b'-- Up-to-date symlink: /home/amrl_sunny/ros2_autonomous_vehicle_simulation/install/interfaces_pkg/include/interfaces_pkg/interfaces_pkg/msg/detail/lane_info__builder.hpp\n'}
[0.662464] (interfaces_pkg) StdoutLine: {'line': b'-- Up-to-date symlink: /home/amrl_sunny/ros2_autonomous_vehicle_simulation/install/interfaces_pkg/include/interfaces_pkg/interfaces_pkg/msg/detail/lane_info__struct.hpp\n'}
[0.662499] (interfaces_pkg) StdoutLine: {'line': b'-- Up-to-date symlink: /home/amrl_sunny/ros2_autonomous_vehicle_simulation/install/interfaces_pkg/include/interfaces_pkg/interfaces_pkg/msg/detail/lane_info__traits.hpp\n'}
[0.662534] (interfaces_pkg) StdoutLine: {'line': b'-- Up-to-date symlink: /home/amrl_sunny/ros2_autonomous_vehicle_simulation/install/interfaces_pkg/include/interfaces_pkg/interfaces_pkg/msg/detail/lane_info__type_support.hpp\n'}
[0.662568] (interfaces_pkg) StdoutLine: {'line': b'-- Up-to-date symlink: /home/amrl_sunny/ros2_autonomous_vehicle_simulation/install/interfaces_pkg/include/interfaces_pkg/interfaces_pkg/msg/detail/mask__builder.hpp\n'}
[0.662634] (interfaces_pkg) StdoutLine: {'line': b'-- Up-to-date symlink: /home/amrl_sunny/ros2_autonomous_vehicle_simulation/install/interfaces_pkg/include/interfaces_pkg/interfaces_pkg/msg/detail/mask__struct.hpp\n'}
[0.662666] (interfaces_pkg) StdoutLine: {'line': b'-- Up-to-date symlink: /home/amrl_sunny/ros2_autonomous_vehicle_simulation/install/interfaces_pkg/include/interfaces_pkg/interfaces_pkg/msg/detail/mask__traits.hpp\n'}
[0.662707] (interfaces_pkg) StdoutLine: {'line': b'-- Up-to-date symlink: /home/amrl_sunny/ros2_autonomous_vehicle_simulation/install/interfaces_pkg/include/interfaces_pkg/interfaces_pkg/msg/detail/mask__type_support.hpp\n'}
[0.662780] (interfaces_pkg) StdoutLine: {'line': b'-- Up-to-date symlink: /home/amrl_sunny/ros2_autonomous_vehicle_simulation/install/interfaces_pkg/include/interfaces_pkg/interfaces_pkg/msg/detail/motion_command__builder.hpp\n'}
[0.662845] (interfaces_pkg) StdoutLine: {'line': b'-- Up-to-date symlink: /home/amrl_sunny/ros2_autonomous_vehicle_simulation/install/interfaces_pkg/include/interfaces_pkg/interfaces_pkg/msg/detail/motion_command__struct.hpp\n'}
[0.662871] (interfaces_pkg) StdoutLine: {'line': b'-- Up-to-date symlink: /home/amrl_sunny/ros2_autonomous_vehicle_simulation/install/interfaces_pkg/include/interfaces_pkg/interfaces_pkg/msg/detail/motion_command__traits.hpp\n'}
[0.662910] (interfaces_pkg) StdoutLine: {'line': b'-- Up-to-date symlink: /home/amrl_sunny/ros2_autonomous_vehicle_simulation/install/interfaces_pkg/include/interfaces_pkg/interfaces_pkg/msg/detail/motion_command__type_support.hpp\n'}
[0.662934] (interfaces_pkg) StdoutLine: {'line': b'-- Up-to-date symlink: /home/amrl_sunny/ros2_autonomous_vehicle_simulation/install/interfaces_pkg/include/interfaces_pkg/interfaces_pkg/msg/detail/path_planning_result__builder.hpp\n'}
[0.662971] (interfaces_pkg) StdoutLine: {'line': b'-- Up-to-date symlink: /home/amrl_sunny/ros2_autonomous_vehicle_simulation/install/interfaces_pkg/include/interfaces_pkg/interfaces_pkg/msg/detail/path_planning_result__struct.hpp\n'}
[0.663012] (interfaces_pkg) StdoutLine: {'line': b'-- Up-to-date symlink: /home/amrl_sunny/ros2_autonomous_vehicle_simulation/install/interfaces_pkg/include/interfaces_pkg/interfaces_pkg/msg/detail/path_planning_result__traits.hpp\n'}
[0.663034] (interfaces_pkg) StdoutLine: {'line': b'-- Up-to-date symlink: /home/amrl_sunny/ros2_autonomous_vehicle_simulation/install/interfaces_pkg/include/interfaces_pkg/interfaces_pkg/msg/detail/path_planning_result__type_support.hpp\n'}
[0.663071] (interfaces_pkg) StdoutLine: {'line': b'-- Up-to-date symlink: /home/amrl_sunny/ros2_autonomous_vehicle_simulation/install/interfaces_pkg/include/interfaces_pkg/interfaces_pkg/msg/detail/point2_d__builder.hpp\n'}
[0.663115] (interfaces_pkg) StdoutLine: {'line': b'-- Up-to-date symlink: /home/amrl_sunny/ros2_autonomous_vehicle_simulation/install/interfaces_pkg/include/interfaces_pkg/interfaces_pkg/msg/detail/point2_d__struct.hpp\n'}
[0.663138] (interfaces_pkg) StdoutLine: {'line': b'-- Up-to-date symlink: /home/amrl_sunny/ros2_autonomous_vehicle_simulation/install/interfaces_pkg/include/interfaces_pkg/interfaces_pkg/msg/detail/point2_d__traits.hpp\n'}
[0.663183] (interfaces_pkg) StdoutLine: {'line': b'-- Up-to-date symlink: /home/amrl_sunny/ros2_autonomous_vehicle_simulation/install/interfaces_pkg/include/interfaces_pkg/interfaces_pkg/msg/detail/point2_d__type_support.hpp\n'}
[0.663218] (interfaces_pkg) StdoutLine: {'line': b'-- Up-to-date symlink: /home/amrl_sunny/ros2_autonomous_vehicle_simulation/install/interfaces_pkg/include/interfaces_pkg/interfaces_pkg/msg/detail/pose2_d__builder.hpp\n'}
[0.663240] (interfaces_pkg) StdoutLine: {'line': b'-- Up-to-date symlink: /home/amrl_sunny/ros2_autonomous_vehicle_simulation/install/interfaces_pkg/include/interfaces_pkg/interfaces_pkg/msg/detail/pose2_d__struct.hpp\n'}
[0.663262] (interfaces_pkg) StdoutLine: {'line': b'-- Up-to-date symlink: /home/amrl_sunny/ros2_autonomous_vehicle_simulation/install/interfaces_pkg/include/interfaces_pkg/interfaces_pkg/msg/detail/pose2_d__traits.hpp\n'}
[0.663299] (interfaces_pkg) StdoutLine: {'line': b'-- Up-to-date symlink: /home/amrl_sunny/ros2_autonomous_vehicle_simulation/install/interfaces_pkg/include/interfaces_pkg/interfaces_pkg/msg/detail/pose2_d__type_support.hpp\n'}
[0.663345] (interfaces_pkg) StdoutLine: {'line': b'-- Up-to-date symlink: /home/amrl_sunny/ros2_autonomous_vehicle_simulation/install/interfaces_pkg/include/interfaces_pkg/interfaces_pkg/msg/detail/target_point__builder.hpp\n'}
[0.663366] (interfaces_pkg) StdoutLine: {'line': b'-- Up-to-date symlink: /home/amrl_sunny/ros2_autonomous_vehicle_simulation/install/interfaces_pkg/include/interfaces_pkg/interfaces_pkg/msg/detail/target_point__struct.hpp\n'}
[0.663388] (interfaces_pkg) StdoutLine: {'line': b'-- Up-to-date symlink: /home/amrl_sunny/ros2_autonomous_vehicle_simulation/install/interfaces_pkg/include/interfaces_pkg/interfaces_pkg/msg/detail/target_point__traits.hpp\n'}
[0.663425] (interfaces_pkg) StdoutLine: {'line': b'-- Up-to-date symlink: /home/amrl_sunny/ros2_autonomous_vehicle_simulation/install/interfaces_pkg/include/interfaces_pkg/interfaces_pkg/msg/detail/target_point__type_support.hpp\n'}
[0.663464] (interfaces_pkg) StdoutLine: {'line': b'-- Up-to-date symlink: /home/amrl_sunny/ros2_autonomous_vehicle_simulation/install/interfaces_pkg/include/interfaces_pkg/interfaces_pkg/msg/detail/vector2__builder.hpp\n'}
[0.663495] (interfaces_pkg) StdoutLine: {'line': b'-- Up-to-date symlink: /home/amrl_sunny/ros2_autonomous_vehicle_simulation/install/interfaces_pkg/include/interfaces_pkg/interfaces_pkg/msg/detail/vector2__struct.hpp\n'}
[0.663517] (interfaces_pkg) StdoutLine: {'line': b'-- Up-to-date symlink: /home/amrl_sunny/ros2_autonomous_vehicle_simulation/install/interfaces_pkg/include/interfaces_pkg/interfaces_pkg/msg/detail/vector2__traits.hpp\n'}
[0.663560] (interfaces_pkg) StdoutLine: {'line': b'-- Up-to-date symlink: /home/amrl_sunny/ros2_autonomous_vehicle_simulation/install/interfaces_pkg/include/interfaces_pkg/interfaces_pkg/msg/detail/vector2__type_support.hpp\n'}
[0.663586] (interfaces_pkg) StdoutLine: {'line': b'-- Up-to-date symlink: /home/amrl_sunny/ros2_autonomous_vehicle_simulation/install/interfaces_pkg/include/interfaces_pkg/interfaces_pkg/msg/detection.hpp\n'}
[0.663631] (interfaces_pkg) StdoutLine: {'line': b'-- Up-to-date symlink: /home/amrl_sunny/ros2_autonomous_vehicle_simulation/install/interfaces_pkg/include/interfaces_pkg/interfaces_pkg/msg/detection_array.hpp\n'}
[0.663653] (interfaces_pkg) StdoutLine: {'line': b'-- Up-to-date symlink: /home/amrl_sunny/ros2_autonomous_vehicle_simulation/install/interfaces_pkg/include/interfaces_pkg/interfaces_pkg/msg/key_point2_d.hpp\n'}
[0.663695] (interfaces_pkg) StdoutLine: {'line': b'-- Up-to-date symlink: /home/amrl_sunny/ros2_autonomous_vehicle_simulation/install/interfaces_pkg/include/interfaces_pkg/interfaces_pkg/msg/key_point2_d_array.hpp\n'}
[0.663716] (interfaces_pkg) StdoutLine: {'line': b'-- Up-to-date symlink: /home/amrl_sunny/ros2_autonomous_vehicle_simulation/install/interfaces_pkg/include/interfaces_pkg/interfaces_pkg/msg/key_point3_d.hpp\n'}
[0.663746] (interfaces_pkg) StdoutLine: {'line': b'-- Up-to-date symlink: /home/amrl_sunny/ros2_autonomous_vehicle_simulation/install/interfaces_pkg/include/interfaces_pkg/interfaces_pkg/msg/key_point3_d_array.hpp\n'}
[0.663782] (interfaces_pkg) StdoutLine: {'line': b'-- Up-to-date symlink: /home/amrl_sunny/ros2_autonomous_vehicle_simulation/install/interfaces_pkg/include/interfaces_pkg/interfaces_pkg/msg/lane_info.hpp\n'}
[0.663813] (interfaces_pkg) StdoutLine: {'line': b'-- Up-to-date symlink: /home/amrl_sunny/ros2_autonomous_vehicle_simulation/install/interfaces_pkg/include/interfaces_pkg/interfaces_pkg/msg/mask.hpp\n'}
[0.663849] (interfaces_pkg) StdoutLine: {'line': b'-- Up-to-date symlink: /home/amrl_sunny/ros2_autonomous_vehicle_simulation/install/interfaces_pkg/include/interfaces_pkg/interfaces_pkg/msg/motion_command.hpp\n'}
[0.663880] (interfaces_pkg) StdoutLine: {'line': b'-- Up-to-date symlink: /home/amrl_sunny/ros2_autonomous_vehicle_simulation/install/interfaces_pkg/include/interfaces_pkg/interfaces_pkg/msg/path_planning_result.hpp\n'}
[0.663910] (interfaces_pkg) StdoutLine: {'line': b'-- Up-to-date symlink: /home/amrl_sunny/ros2_autonomous_vehicle_simulation/install/interfaces_pkg/include/interfaces_pkg/interfaces_pkg/msg/point2_d.hpp\n'}
[0.663943] (interfaces_pkg) StdoutLine: {'line': b'-- Up-to-date symlink: /home/amrl_sunny/ros2_autonomous_vehicle_simulation/install/interfaces_pkg/include/interfaces_pkg/interfaces_pkg/msg/pose2_d.hpp\n'}
[0.663978] (interfaces_pkg) StdoutLine: {'line': b'-- Up-to-date symlink: /home/amrl_sunny/ros2_autonomous_vehicle_simulation/install/interfaces_pkg/include/interfaces_pkg/interfaces_pkg/msg/rosidl_generator_cpp__visibility_control.hpp\n'}
[0.664018] (interfaces_pkg) StdoutLine: {'line': b'-- Up-to-date symlink: /home/amrl_sunny/ros2_autonomous_vehicle_simulation/install/interfaces_pkg/include/interfaces_pkg/interfaces_pkg/msg/target_point.hpp\n'}
[0.664054] (interfaces_pkg) StdoutLine: {'line': b'-- Up-to-date symlink: /home/amrl_sunny/ros2_autonomous_vehicle_simulation/install/interfaces_pkg/include/interfaces_pkg/interfaces_pkg/msg/vector2.hpp\n'}
[0.664407] (interfaces_pkg) StdoutLine: {'line': b'-- Up-to-date symlink: /home/amrl_sunny/ros2_autonomous_vehicle_simulation/install/interfaces_pkg/include/interfaces_pkg/interfaces_pkg/msg/detail/bounding_box2_d__rosidl_typesupport_fastrtps_cpp.hpp\n'}
[0.664446] (interfaces_pkg) StdoutLine: {'line': b'-- Up-to-date symlink: /home/amrl_sunny/ros2_autonomous_vehicle_simulation/install/interfaces_pkg/include/interfaces_pkg/interfaces_pkg/msg/detail/bounding_box3_d__rosidl_typesupport_fastrtps_cpp.hpp\n'}
[0.664485] (interfaces_pkg) StdoutLine: {'line': b'-- Up-to-date symlink: /home/amrl_sunny/ros2_autonomous_vehicle_simulation/install/interfaces_pkg/include/interfaces_pkg/interfaces_pkg/msg/detail/detection__rosidl_typesupport_fastrtps_cpp.hpp\n'}
[0.664522] (interfaces_pkg) StdoutLine: {'line': b'-- Up-to-date symlink: /home/amrl_sunny/ros2_autonomous_vehicle_simulation/install/interfaces_pkg/include/interfaces_pkg/interfaces_pkg/msg/detail/detection_array__rosidl_typesupport_fastrtps_cpp.hpp\n'}
[0.664557] (interfaces_pkg) StdoutLine: {'line': b'-- Up-to-date symlink: /home/amrl_sunny/ros2_autonomous_vehicle_simulation/install/interfaces_pkg/include/interfaces_pkg/interfaces_pkg/msg/detail/key_point2_d__rosidl_typesupport_fastrtps_cpp.hpp\n'}
[0.664598] (interfaces_pkg) StdoutLine: {'line': b'-- Up-to-date symlink: /home/amrl_sunny/ros2_autonomous_vehicle_simulation/install/interfaces_pkg/include/interfaces_pkg/interfaces_pkg/msg/detail/key_point2_d_array__rosidl_typesupport_fastrtps_cpp.hpp\n'}
[0.664635] (interfaces_pkg) StdoutLine: {'line': b'-- Up-to-date symlink: /home/amrl_sunny/ros2_autonomous_vehicle_simulation/install/interfaces_pkg/include/interfaces_pkg/interfaces_pkg/msg/detail/key_point3_d__rosidl_typesupport_fastrtps_cpp.hpp\n'}
[0.664670] (interfaces_pkg) StdoutLine: {'line': b'-- Up-to-date symlink: /home/amrl_sunny/ros2_autonomous_vehicle_simulation/install/interfaces_pkg/include/interfaces_pkg/interfaces_pkg/msg/detail/key_point3_d_array__rosidl_typesupport_fastrtps_cpp.hpp\n'}
[0.664707] (interfaces_pkg) StdoutLine: {'line': b'-- Up-to-date symlink: /home/amrl_sunny/ros2_autonomous_vehicle_simulation/install/interfaces_pkg/include/interfaces_pkg/interfaces_pkg/msg/detail/lane_info__rosidl_typesupport_fastrtps_cpp.hpp\n'}
[0.664743] (interfaces_pkg) StdoutLine: {'line': b'-- Up-to-date symlink: /home/amrl_sunny/ros2_autonomous_vehicle_simulation/install/interfaces_pkg/include/interfaces_pkg/interfaces_pkg/msg/detail/mask__rosidl_typesupport_fastrtps_cpp.hpp\n'}
[0.664778] (interfaces_pkg) StdoutLine: {'line': b'-- Up-to-date symlink: /home/amrl_sunny/ros2_autonomous_vehicle_simulation/install/interfaces_pkg/include/interfaces_pkg/interfaces_pkg/msg/detail/motion_command__rosidl_typesupport_fastrtps_cpp.hpp\n'}
[0.664813] (interfaces_pkg) StdoutLine: {'line': b'-- Up-to-date symlink: /home/amrl_sunny/ros2_autonomous_vehicle_simulation/install/interfaces_pkg/include/interfaces_pkg/interfaces_pkg/msg/detail/path_planning_result__rosidl_typesupport_fastrtps_cpp.hpp\n'}
[0.664849] (interfaces_pkg) StdoutLine: {'line': b'-- Up-to-date symlink: /home/amrl_sunny/ros2_autonomous_vehicle_simulation/install/interfaces_pkg/include/interfaces_pkg/interfaces_pkg/msg/detail/point2_d__rosidl_typesupport_fastrtps_cpp.hpp\n'}
[0.664884] (interfaces_pkg) StdoutLine: {'line': b'-- Up-to-date symlink: /home/amrl_sunny/ros2_autonomous_vehicle_simulation/install/interfaces_pkg/include/interfaces_pkg/interfaces_pkg/msg/detail/pose2_d__rosidl_typesupport_fastrtps_cpp.hpp\n'}
[0.664919] (interfaces_pkg) StdoutLine: {'line': b'-- Up-to-date symlink: /home/amrl_sunny/ros2_autonomous_vehicle_simulation/install/interfaces_pkg/include/interfaces_pkg/interfaces_pkg/msg/detail/target_point__rosidl_typesupport_fastrtps_cpp.hpp\n'}
[0.664954] (interfaces_pkg) StdoutLine: {'line': b'-- Up-to-date symlink: /home/amrl_sunny/ros2_autonomous_vehicle_simulation/install/interfaces_pkg/include/interfaces_pkg/interfaces_pkg/msg/detail/vector2__rosidl_typesupport_fastrtps_cpp.hpp\n'}
[0.664988] (interfaces_pkg) StdoutLine: {'line': b'-- Up-to-date symlink: /home/amrl_sunny/ros2_autonomous_vehicle_simulation/install/interfaces_pkg/include/interfaces_pkg/interfaces_pkg/msg/rosidl_typesupport_fastrtps_cpp__visibility_control.h\n'}
[0.665195] (interfaces_pkg) StdoutLine: {'line': b'-- Up-to-date symlink: /home/amrl_sunny/ros2_autonomous_vehicle_simulation/install/interfaces_pkg/include/interfaces_pkg/interfaces_pkg/msg/detail/bounding_box2_d__rosidl_typesupport_introspection_cpp.hpp\n'}
[0.665234] (interfaces_pkg) StdoutLine: {'line': b'-- Up-to-date symlink: /home/amrl_sunny/ros2_autonomous_vehicle_simulation/install/interfaces_pkg/include/interfaces_pkg/interfaces_pkg/msg/detail/bounding_box3_d__rosidl_typesupport_introspection_cpp.hpp\n'}
[0.665271] (interfaces_pkg) StdoutLine: {'line': b'-- Up-to-date symlink: /home/amrl_sunny/ros2_autonomous_vehicle_simulation/install/interfaces_pkg/include/interfaces_pkg/interfaces_pkg/msg/detail/detection__rosidl_typesupport_introspection_cpp.hpp\n'}
[0.665306] (interfaces_pkg) StdoutLine: {'line': b'-- Up-to-date symlink: /home/amrl_sunny/ros2_autonomous_vehicle_simulation/install/interfaces_pkg/include/interfaces_pkg/interfaces_pkg/msg/detail/detection_array__rosidl_typesupport_introspection_cpp.hpp\n'}
[0.665341] (interfaces_pkg) StdoutLine: {'line': b'-- Up-to-date symlink: /home/amrl_sunny/ros2_autonomous_vehicle_simulation/install/interfaces_pkg/include/interfaces_pkg/interfaces_pkg/msg/detail/key_point2_d__rosidl_typesupport_introspection_cpp.hpp\n'}
[0.665377] (interfaces_pkg) StdoutLine: {'line': b'-- Up-to-date symlink: /home/amrl_sunny/ros2_autonomous_vehicle_simulation/install/interfaces_pkg/include/interfaces_pkg/interfaces_pkg/msg/detail/key_point2_d_array__rosidl_typesupport_introspection_cpp.hpp\n'}
[0.665413] (interfaces_pkg) StdoutLine: {'line': b'-- Up-to-date symlink: /home/amrl_sunny/ros2_autonomous_vehicle_simulation/install/interfaces_pkg/include/interfaces_pkg/interfaces_pkg/msg/detail/key_point3_d__rosidl_typesupport_introspection_cpp.hpp\n'}
[0.665448] (interfaces_pkg) StdoutLine: {'line': b'-- Up-to-date symlink: /home/amrl_sunny/ros2_autonomous_vehicle_simulation/install/interfaces_pkg/include/interfaces_pkg/interfaces_pkg/msg/detail/key_point3_d_array__rosidl_typesupport_introspection_cpp.hpp\n'}
[0.665484] (interfaces_pkg) StdoutLine: {'line': b'-- Up-to-date symlink: /home/amrl_sunny/ros2_autonomous_vehicle_simulation/install/interfaces_pkg/include/interfaces_pkg/interfaces_pkg/msg/detail/lane_info__rosidl_typesupport_introspection_cpp.hpp\n'}
[0.665519] (interfaces_pkg) StdoutLine: {'line': b'-- Up-to-date symlink: /home/amrl_sunny/ros2_autonomous_vehicle_simulation/install/interfaces_pkg/include/interfaces_pkg/interfaces_pkg/msg/detail/mask__rosidl_typesupport_introspection_cpp.hpp\n'}
[0.665555] (interfaces_pkg) StdoutLine: {'line': b'-- Up-to-date symlink: /home/amrl_sunny/ros2_autonomous_vehicle_simulation/install/interfaces_pkg/include/interfaces_pkg/interfaces_pkg/msg/detail/motion_command__rosidl_typesupport_introspection_cpp.hpp\n'}
[0.665596] (interfaces_pkg) StdoutLine: {'line': b'-- Up-to-date symlink: /home/amrl_sunny/ros2_autonomous_vehicle_simulation/install/interfaces_pkg/include/interfaces_pkg/interfaces_pkg/msg/detail/path_planning_result__rosidl_typesupport_introspection_cpp.hpp\n'}
[0.665633] (interfaces_pkg) StdoutLine: {'line': b'-- Up-to-date symlink: /home/amrl_sunny/ros2_autonomous_vehicle_simulation/install/interfaces_pkg/include/interfaces_pkg/interfaces_pkg/msg/detail/point2_d__rosidl_typesupport_introspection_cpp.hpp\n'}
[0.665667] (interfaces_pkg) StdoutLine: {'line': b'-- Up-to-date symlink: /home/amrl_sunny/ros2_autonomous_vehicle_simulation/install/interfaces_pkg/include/interfaces_pkg/interfaces_pkg/msg/detail/pose2_d__rosidl_typesupport_introspection_cpp.hpp\n'}
[0.665703] (interfaces_pkg) StdoutLine: {'line': b'-- Up-to-date symlink: /home/amrl_sunny/ros2_autonomous_vehicle_simulation/install/interfaces_pkg/include/interfaces_pkg/interfaces_pkg/msg/detail/target_point__rosidl_typesupport_introspection_cpp.hpp\n'}
[0.665737] (interfaces_pkg) StdoutLine: {'line': b'-- Up-to-date symlink: /home/amrl_sunny/ros2_autonomous_vehicle_simulation/install/interfaces_pkg/include/interfaces_pkg/interfaces_pkg/msg/detail/vector2__rosidl_typesupport_introspection_cpp.hpp\n'}
[0.665801] (interfaces_pkg) StdoutLine: {'line': b'-- Up-to-date symlink: /home/amrl_sunny/ros2_autonomous_vehicle_simulation/install/interfaces_pkg/share/interfaces_pkg/environment/pythonpath.sh\n'}
[0.665856] (interfaces_pkg) StdoutLine: {'line': b'-- Up-to-date symlink: /home/amrl_sunny/ros2_autonomous_vehicle_simulation/install/interfaces_pkg/share/interfaces_pkg/environment/pythonpath.dsv\n'}
[0.665978] (interfaces_pkg) StdoutLine: {'line': b'-- Up-to-date symlink: /home/amrl_sunny/ros2_autonomous_vehicle_simulation/install/interfaces_pkg/local/lib/python3.10/dist-packages/interfaces_pkg-0.0.0-py3.10.egg-info/PKG-INFO\n'}
[0.666019] (interfaces_pkg) StdoutLine: {'line': b'-- Up-to-date symlink: /home/amrl_sunny/ros2_autonomous_vehicle_simulation/install/interfaces_pkg/local/lib/python3.10/dist-packages/interfaces_pkg-0.0.0-py3.10.egg-info/SOURCES.txt\n'}
[0.666056] (interfaces_pkg) StdoutLine: {'line': b'-- Up-to-date symlink: /home/amrl_sunny/ros2_autonomous_vehicle_simulation/install/interfaces_pkg/local/lib/python3.10/dist-packages/interfaces_pkg-0.0.0-py3.10.egg-info/dependency_links.txt\n'}
[0.666093] (interfaces_pkg) StdoutLine: {'line': b'-- Up-to-date symlink: /home/amrl_sunny/ros2_autonomous_vehicle_simulation/install/interfaces_pkg/local/lib/python3.10/dist-packages/interfaces_pkg-0.0.0-py3.10.egg-info/top_level.txt\n'}
[0.666457] (interfaces_pkg) StdoutLine: {'line': b'-- Up-to-date symlink: /home/amrl_sunny/ros2_autonomous_vehicle_simulation/install/interfaces_pkg/local/lib/python3.10/dist-packages/interfaces_pkg/__init__.py\n'}
[0.666496] (interfaces_pkg) StdoutLine: {'line': b'-- Up-to-date symlink: /home/amrl_sunny/ros2_autonomous_vehicle_simulation/install/interfaces_pkg/local/lib/python3.10/dist-packages/interfaces_pkg/_interfaces_pkg_s.ep.rosidl_typesupport_c.c\n'}
[0.666533] (interfaces_pkg) StdoutLine: {'line': b'-- Up-to-date symlink: /home/amrl_sunny/ros2_autonomous_vehicle_simulation/install/interfaces_pkg/local/lib/python3.10/dist-packages/interfaces_pkg/_interfaces_pkg_s.ep.rosidl_typesupport_fastrtps_c.c\n'}
[0.666567] (interfaces_pkg) StdoutLine: {'line': b'-- Up-to-date symlink: /home/amrl_sunny/ros2_autonomous_vehicle_simulation/install/interfaces_pkg/local/lib/python3.10/dist-packages/interfaces_pkg/_interfaces_pkg_s.ep.rosidl_typesupport_introspection_c.c\n'}
[0.666607] (interfaces_pkg) StdoutLine: {'line': b'-- Up-to-date symlink: /home/amrl_sunny/ros2_autonomous_vehicle_simulation/install/interfaces_pkg/local/lib/python3.10/dist-packages/interfaces_pkg/interfaces_pkg_s__rosidl_typesupport_c.cpython-310-x86_64-linux-gnu.so\n'}
[0.666642] (interfaces_pkg) StdoutLine: {'line': b'-- Up-to-date symlink: /home/amrl_sunny/ros2_autonomous_vehicle_simulation/install/interfaces_pkg/local/lib/python3.10/dist-packages/interfaces_pkg/interfaces_pkg_s__rosidl_typesupport_fastrtps_c.cpython-310-x86_64-linux-gnu.so\n'}
[0.666678] (interfaces_pkg) StdoutLine: {'line': b'-- Up-to-date symlink: /home/amrl_sunny/ros2_autonomous_vehicle_simulation/install/interfaces_pkg/local/lib/python3.10/dist-packages/interfaces_pkg/interfaces_pkg_s__rosidl_typesupport_introspection_c.cpython-310-x86_64-linux-gnu.so\n'}
[0.666713] (interfaces_pkg) StdoutLine: {'line': b'-- Up-to-date symlink: /home/amrl_sunny/ros2_autonomous_vehicle_simulation/install/interfaces_pkg/local/lib/python3.10/dist-packages/interfaces_pkg/libinterfaces_pkg__rosidl_generator_py.so\n'}
[0.666751] (interfaces_pkg) StdoutLine: {'line': b'-- Up-to-date symlink: /home/amrl_sunny/ros2_autonomous_vehicle_simulation/install/interfaces_pkg/local/lib/python3.10/dist-packages/interfaces_pkg/msg/__init__.py\n'}
[0.666787] (interfaces_pkg) StdoutLine: {'line': b'-- Up-to-date symlink: /home/amrl_sunny/ros2_autonomous_vehicle_simulation/install/interfaces_pkg/local/lib/python3.10/dist-packages/interfaces_pkg/msg/_bounding_box2_d.py\n'}
[0.666824] (interfaces_pkg) StdoutLine: {'line': b'-- Up-to-date symlink: /home/amrl_sunny/ros2_autonomous_vehicle_simulation/install/interfaces_pkg/local/lib/python3.10/dist-packages/interfaces_pkg/msg/_bounding_box2_d_s.c\n'}
[0.666859] (interfaces_pkg) StdoutLine: {'line': b'-- Up-to-date symlink: /home/amrl_sunny/ros2_autonomous_vehicle_simulation/install/interfaces_pkg/local/lib/python3.10/dist-packages/interfaces_pkg/msg/_bounding_box3_d.py\n'}
[0.666895] (interfaces_pkg) StdoutLine: {'line': b'-- Up-to-date symlink: /home/amrl_sunny/ros2_autonomous_vehicle_simulation/install/interfaces_pkg/local/lib/python3.10/dist-packages/interfaces_pkg/msg/_bounding_box3_d_s.c\n'}
[0.666931] (interfaces_pkg) StdoutLine: {'line': b'-- Up-to-date symlink: /home/amrl_sunny/ros2_autonomous_vehicle_simulation/install/interfaces_pkg/local/lib/python3.10/dist-packages/interfaces_pkg/msg/_detection.py\n'}
[0.666969] (interfaces_pkg) StdoutLine: {'line': b'-- Up-to-date symlink: /home/amrl_sunny/ros2_autonomous_vehicle_simulation/install/interfaces_pkg/local/lib/python3.10/dist-packages/interfaces_pkg/msg/_detection_array.py\n'}
[0.667005] (interfaces_pkg) StdoutLine: {'line': b'-- Up-to-date symlink: /home/amrl_sunny/ros2_autonomous_vehicle_simulation/install/interfaces_pkg/local/lib/python3.10/dist-packages/interfaces_pkg/msg/_detection_array_s.c\n'}
[0.667040] (interfaces_pkg) StdoutLine: {'line': b'-- Up-to-date symlink: /home/amrl_sunny/ros2_autonomous_vehicle_simulation/install/interfaces_pkg/local/lib/python3.10/dist-packages/interfaces_pkg/msg/_detection_s.c\n'}
[0.667076] (interfaces_pkg) StdoutLine: {'line': b'-- Up-to-date symlink: /home/amrl_sunny/ros2_autonomous_vehicle_simulation/install/interfaces_pkg/local/lib/python3.10/dist-packages/interfaces_pkg/msg/_key_point2_d.py\n'}
[0.667110] (interfaces_pkg) StdoutLine: {'line': b'-- Up-to-date symlink: /home/amrl_sunny/ros2_autonomous_vehicle_simulation/install/interfaces_pkg/local/lib/python3.10/dist-packages/interfaces_pkg/msg/_key_point2_d_array.py\n'}
[0.667145] (interfaces_pkg) StdoutLine: {'line': b'-- Up-to-date symlink: /home/amrl_sunny/ros2_autonomous_vehicle_simulation/install/interfaces_pkg/local/lib/python3.10/dist-packages/interfaces_pkg/msg/_key_point2_d_array_s.c\n'}
[0.667179] (interfaces_pkg) StdoutLine: {'line': b'-- Up-to-date symlink: /home/amrl_sunny/ros2_autonomous_vehicle_simulation/install/interfaces_pkg/local/lib/python3.10/dist-packages/interfaces_pkg/msg/_key_point2_d_s.c\n'}
[0.667215] (interfaces_pkg) StdoutLine: {'line': b'-- Up-to-date symlink: /home/amrl_sunny/ros2_autonomous_vehicle_simulation/install/interfaces_pkg/local/lib/python3.10/dist-packages/interfaces_pkg/msg/_key_point3_d.py\n'}
[0.667251] (interfaces_pkg) StdoutLine: {'line': b'-- Up-to-date symlink: /home/amrl_sunny/ros2_autonomous_vehicle_simulation/install/interfaces_pkg/local/lib/python3.10/dist-packages/interfaces_pkg/msg/_key_point3_d_array.py\n'}
[0.667289] (interfaces_pkg) StdoutLine: {'line': b'-- Up-to-date symlink: /home/amrl_sunny/ros2_autonomous_vehicle_simulation/install/interfaces_pkg/local/lib/python3.10/dist-packages/interfaces_pkg/msg/_key_point3_d_array_s.c\n'}
[0.667325] (interfaces_pkg) StdoutLine: {'line': b'-- Up-to-date symlink: /home/amrl_sunny/ros2_autonomous_vehicle_simulation/install/interfaces_pkg/local/lib/python3.10/dist-packages/interfaces_pkg/msg/_key_point3_d_s.c\n'}
[0.667361] (interfaces_pkg) StdoutLine: {'line': b'-- Up-to-date symlink: /home/amrl_sunny/ros2_autonomous_vehicle_simulation/install/interfaces_pkg/local/lib/python3.10/dist-packages/interfaces_pkg/msg/_lane_info.py\n'}
[0.667395] (interfaces_pkg) StdoutLine: {'line': b'-- Up-to-date symlink: /home/amrl_sunny/ros2_autonomous_vehicle_simulation/install/interfaces_pkg/local/lib/python3.10/dist-packages/interfaces_pkg/msg/_lane_info_s.c\n'}
[0.667431] (interfaces_pkg) StdoutLine: {'line': b'-- Up-to-date symlink: /home/amrl_sunny/ros2_autonomous_vehicle_simulation/install/interfaces_pkg/local/lib/python3.10/dist-packages/interfaces_pkg/msg/_mask.py\n'}
[0.667469] (interfaces_pkg) StdoutLine: {'line': b'-- Up-to-date symlink: /home/amrl_sunny/ros2_autonomous_vehicle_simulation/install/interfaces_pkg/local/lib/python3.10/dist-packages/interfaces_pkg/msg/_mask_s.c\n'}
[0.667504] (interfaces_pkg) StdoutLine: {'line': b'-- Up-to-date symlink: /home/amrl_sunny/ros2_autonomous_vehicle_simulation/install/interfaces_pkg/local/lib/python3.10/dist-packages/interfaces_pkg/msg/_motion_command.py\n'}
[0.667540] (interfaces_pkg) StdoutLine: {'line': b'-- Up-to-date symlink: /home/amrl_sunny/ros2_autonomous_vehicle_simulation/install/interfaces_pkg/local/lib/python3.10/dist-packages/interfaces_pkg/msg/_motion_command_s.c\n'}
[0.667571] (interfaces_pkg) StdoutLine: {'line': b'-- Up-to-date symlink: /home/amrl_sunny/ros2_autonomous_vehicle_simulation/install/interfaces_pkg/local/lib/python3.10/dist-packages/interfaces_pkg/msg/_path_planning_result.py\n'}
[0.667609] (interfaces_pkg) StdoutLine: {'line': b'-- Up-to-date symlink: /home/amrl_sunny/ros2_autonomous_vehicle_simulation/install/interfaces_pkg/local/lib/python3.10/dist-packages/interfaces_pkg/msg/_path_planning_result_s.c\n'}
[0.667644] (interfaces_pkg) StdoutLine: {'line': b'-- Up-to-date symlink: /home/amrl_sunny/ros2_autonomous_vehicle_simulation/install/interfaces_pkg/local/lib/python3.10/dist-packages/interfaces_pkg/msg/_point2_d.py\n'}
[0.667674] (interfaces_pkg) StdoutLine: {'line': b'-- Up-to-date symlink: /home/amrl_sunny/ros2_autonomous_vehicle_simulation/install/interfaces_pkg/local/lib/python3.10/dist-packages/interfaces_pkg/msg/_point2_d_s.c\n'}
[0.667707] (interfaces_pkg) StdoutLine: {'line': b'-- Up-to-date symlink: /home/amrl_sunny/ros2_autonomous_vehicle_simulation/install/interfaces_pkg/local/lib/python3.10/dist-packages/interfaces_pkg/msg/_pose2_d.py\n'}
[0.667740] (interfaces_pkg) StdoutLine: {'line': b'-- Up-to-date symlink: /home/amrl_sunny/ros2_autonomous_vehicle_simulation/install/interfaces_pkg/local/lib/python3.10/dist-packages/interfaces_pkg/msg/_pose2_d_s.c\n'}
[0.667774] (interfaces_pkg) StdoutLine: {'line': b'-- Up-to-date symlink: /home/amrl_sunny/ros2_autonomous_vehicle_simulation/install/interfaces_pkg/local/lib/python3.10/dist-packages/interfaces_pkg/msg/_target_point.py\n'}
[0.667809] (interfaces_pkg) StdoutLine: {'line': b'-- Up-to-date symlink: /home/amrl_sunny/ros2_autonomous_vehicle_simulation/install/interfaces_pkg/local/lib/python3.10/dist-packages/interfaces_pkg/msg/_target_point_s.c\n'}
[0.667844] (interfaces_pkg) StdoutLine: {'line': b'-- Up-to-date symlink: /home/amrl_sunny/ros2_autonomous_vehicle_simulation/install/interfaces_pkg/local/lib/python3.10/dist-packages/interfaces_pkg/msg/_vector2.py\n'}
[0.667879] (interfaces_pkg) StdoutLine: {'line': b'-- Up-to-date symlink: /home/amrl_sunny/ros2_autonomous_vehicle_simulation/install/interfaces_pkg/local/lib/python3.10/dist-packages/interfaces_pkg/msg/_vector2_s.c\n'}
[0.667992] (interfaces_pkg) StdoutLine: {'line': b'-- Up-to-date symlink: /home/amrl_sunny/ros2_autonomous_vehicle_simulation/install/interfaces_pkg/local/lib/python3.10/dist-packages/interfaces_pkg/interfaces_pkg_s__rosidl_typesupport_fastrtps_c.cpython-310-x86_64-linux-gnu.so\n'}
[0.668097] (interfaces_pkg) StdoutLine: {'line': b'-- Up-to-date symlink: /home/amrl_sunny/ros2_autonomous_vehicle_simulation/install/interfaces_pkg/local/lib/python3.10/dist-packages/interfaces_pkg/interfaces_pkg_s__rosidl_typesupport_introspection_c.cpython-310-x86_64-linux-gnu.so\n'}
[0.668191] (interfaces_pkg) StdoutLine: {'line': b'-- Up-to-date symlink: /home/amrl_sunny/ros2_autonomous_vehicle_simulation/install/interfaces_pkg/local/lib/python3.10/dist-packages/interfaces_pkg/interfaces_pkg_s__rosidl_typesupport_c.cpython-310-x86_64-linux-gnu.so\n'}
[0.668254] (interfaces_pkg) StdoutLine: {'line': b'-- Up-to-date symlink: /home/amrl_sunny/ros2_autonomous_vehicle_simulation/install/interfaces_pkg/share/interfaces_pkg/msg/Point2D.idl\n'}
[0.668308] (interfaces_pkg) StdoutLine: {'line': b'-- Up-to-date symlink: /home/amrl_sunny/ros2_autonomous_vehicle_simulation/install/interfaces_pkg/share/interfaces_pkg/msg/Vector2.idl\n'}
[0.668360] (interfaces_pkg) StdoutLine: {'line': b'-- Up-to-date symlink: /home/amrl_sunny/ros2_autonomous_vehicle_simulation/install/interfaces_pkg/share/interfaces_pkg/msg/Pose2D.idl\n'}
[0.668412] (interfaces_pkg) StdoutLine: {'line': b'-- Up-to-date symlink: /home/amrl_sunny/ros2_autonomous_vehicle_simulation/install/interfaces_pkg/share/interfaces_pkg/msg/BoundingBox2D.idl\n'}
[0.668464] (interfaces_pkg) StdoutLine: {'line': b'-- Up-to-date symlink: /home/amrl_sunny/ros2_autonomous_vehicle_simulation/install/interfaces_pkg/share/interfaces_pkg/msg/BoundingBox3D.idl\n'}
[0.668515] (interfaces_pkg) StdoutLine: {'line': b'-- Up-to-date symlink: /home/amrl_sunny/ros2_autonomous_vehicle_simulation/install/interfaces_pkg/share/interfaces_pkg/msg/Mask.idl\n'}
[0.668564] (interfaces_pkg) StdoutLine: {'line': b'-- Up-to-date symlink: /home/amrl_sunny/ros2_autonomous_vehicle_simulation/install/interfaces_pkg/share/interfaces_pkg/msg/KeyPoint2D.idl\n'}
[0.668622] (interfaces_pkg) StdoutLine: {'line': b'-- Up-to-date symlink: /home/amrl_sunny/ros2_autonomous_vehicle_simulation/install/interfaces_pkg/share/interfaces_pkg/msg/KeyPoint2DArray.idl\n'}
[0.668673] (interfaces_pkg) StdoutLine: {'line': b'-- Up-to-date symlink: /home/amrl_sunny/ros2_autonomous_vehicle_simulation/install/interfaces_pkg/share/interfaces_pkg/msg/KeyPoint3D.idl\n'}
[0.668723] (interfaces_pkg) StdoutLine: {'line': b'-- Up-to-date symlink: /home/amrl_sunny/ros2_autonomous_vehicle_simulation/install/interfaces_pkg/share/interfaces_pkg/msg/KeyPoint3DArray.idl\n'}
[0.668772] (interfaces_pkg) StdoutLine: {'line': b'-- Up-to-date symlink: /home/amrl_sunny/ros2_autonomous_vehicle_simulation/install/interfaces_pkg/share/interfaces_pkg/msg/Detection.idl\n'}
[0.668823] (interfaces_pkg) StdoutLine: {'line': b'-- Up-to-date symlink: /home/amrl_sunny/ros2_autonomous_vehicle_simulation/install/interfaces_pkg/share/interfaces_pkg/msg/DetectionArray.idl\n'}
[0.668872] (interfaces_pkg) StdoutLine: {'line': b'-- Up-to-date symlink: /home/amrl_sunny/ros2_autonomous_vehicle_simulation/install/interfaces_pkg/share/interfaces_pkg/msg/LaneInfo.idl\n'}
[0.668922] (interfaces_pkg) StdoutLine: {'line': b'-- Up-to-date symlink: /home/amrl_sunny/ros2_autonomous_vehicle_simulation/install/interfaces_pkg/share/interfaces_pkg/msg/MotionCommand.idl\n'}
[0.668971] (interfaces_pkg) StdoutLine: {'line': b'-- Up-to-date symlink: /home/amrl_sunny/ros2_autonomous_vehicle_simulation/install/interfaces_pkg/share/interfaces_pkg/msg/TargetPoint.idl\n'}
[0.669022] (interfaces_pkg) StdoutLine: {'line': b'-- Up-to-date symlink: /home/amrl_sunny/ros2_autonomous_vehicle_simulation/install/interfaces_pkg/share/interfaces_pkg/msg/PathPlanningResult.idl\n'}
[0.669070] (interfaces_pkg) StdoutLine: {'line': b'-- Up-to-date symlink: /home/amrl_sunny/ros2_autonomous_vehicle_simulation/install/interfaces_pkg/share/interfaces_pkg/msg/Point2D.msg\n'}
[0.669118] (interfaces_pkg) StdoutLine: {'line': b'-- Up-to-date symlink: /home/amrl_sunny/ros2_autonomous_vehicle_simulation/install/interfaces_pkg/share/interfaces_pkg/msg/Vector2.msg\n'}
[0.669165] (interfaces_pkg) StdoutLine: {'line': b'-- Up-to-date symlink: /home/amrl_sunny/ros2_autonomous_vehicle_simulation/install/interfaces_pkg/share/interfaces_pkg/msg/Pose2D.msg\n'}
[0.669212] (interfaces_pkg) StdoutLine: {'line': b'-- Up-to-date symlink: /home/amrl_sunny/ros2_autonomous_vehicle_simulation/install/interfaces_pkg/share/interfaces_pkg/msg/BoundingBox2D.msg\n'}
[0.669260] (interfaces_pkg) StdoutLine: {'line': b'-- Up-to-date symlink: /home/amrl_sunny/ros2_autonomous_vehicle_simulation/install/interfaces_pkg/share/interfaces_pkg/msg/BoundingBox3D.msg\n'}
[0.669308] (interfaces_pkg) StdoutLine: {'line': b'-- Up-to-date symlink: /home/amrl_sunny/ros2_autonomous_vehicle_simulation/install/interfaces_pkg/share/interfaces_pkg/msg/Mask.msg\n'}
[0.669354] (interfaces_pkg) StdoutLine: {'line': b'-- Up-to-date symlink: /home/amrl_sunny/ros2_autonomous_vehicle_simulation/install/interfaces_pkg/share/interfaces_pkg/msg/KeyPoint2D.msg\n'}
[0.669402] (interfaces_pkg) StdoutLine: {'line': b'-- Up-to-date symlink: /home/amrl_sunny/ros2_autonomous_vehicle_simulation/install/interfaces_pkg/share/interfaces_pkg/msg/KeyPoint2DArray.msg\n'}
[0.669463] (interfaces_pkg) StdoutLine: {'line': b'-- Up-to-date symlink: /home/amrl_sunny/ros2_autonomous_vehicle_simulation/install/interfaces_pkg/share/interfaces_pkg/msg/KeyPoint3D.msg\n'}
[0.669501] (interfaces_pkg) StdoutLine: {'line': b'-- Up-to-date symlink: /home/amrl_sunny/ros2_autonomous_vehicle_simulation/install/interfaces_pkg/share/interfaces_pkg/msg/KeyPoint3DArray.msg\n'}
[0.669547] (interfaces_pkg) StdoutLine: {'line': b'-- Up-to-date symlink: /home/amrl_sunny/ros2_autonomous_vehicle_simulation/install/interfaces_pkg/share/interfaces_pkg/msg/Detection.msg\n'}
[0.669615] (interfaces_pkg) StdoutLine: {'line': b'-- Up-to-date symlink: /home/amrl_sunny/ros2_autonomous_vehicle_simulation/install/interfaces_pkg/share/interfaces_pkg/msg/DetectionArray.msg\n'}
[0.669743] (interfaces_pkg) StdoutLine: {'line': b'-- Up-to-date symlink: /home/amrl_sunny/ros2_autonomous_vehicle_simulation/install/interfaces_pkg/share/interfaces_pkg/msg/LaneInfo.msg\n'}
[0.669811] (interfaces_pkg) StdoutLine: {'line': b'-- Up-to-date symlink: /home/amrl_sunny/ros2_autonomous_vehicle_simulation/install/interfaces_pkg/share/interfaces_pkg/msg/MotionCommand.msg\n'}
[0.669899] (interfaces_pkg) StdoutLine: {'line': b'-- Up-to-date symlink: /home/amrl_sunny/ros2_autonomous_vehicle_simulation/install/interfaces_pkg/share/interfaces_pkg/msg/TargetPoint.msg\n'}
[0.669960] (interfaces_pkg) StdoutLine: {'line': b'-- Up-to-date symlink: /home/amrl_sunny/ros2_autonomous_vehicle_simulation/install/interfaces_pkg/share/interfaces_pkg/msg/PathPlanningResult.msg\n'}
[0.670019] (interfaces_pkg) StdoutLine: {'line': b'-- Up-to-date symlink: /home/amrl_sunny/ros2_autonomous_vehicle_simulation/install/interfaces_pkg/share/ament_index/resource_index/package_run_dependencies/interfaces_pkg\n'}
[0.670107] (interfaces_pkg) StdoutLine: {'line': b'-- Up-to-date symlink: /home/amrl_sunny/ros2_autonomous_vehicle_simulation/install/interfaces_pkg/share/ament_index/resource_index/parent_prefix_path/interfaces_pkg\n'}
[0.670166] (interfaces_pkg) StdoutLine: {'line': b'-- Up-to-date symlink: /home/amrl_sunny/ros2_autonomous_vehicle_simulation/install/interfaces_pkg/share/interfaces_pkg/environment/ament_prefix_path.sh\n'}
[0.670221] (interfaces_pkg) StdoutLine: {'line': b'-- Up-to-date symlink: /home/amrl_sunny/ros2_autonomous_vehicle_simulation/install/interfaces_pkg/share/interfaces_pkg/environment/ament_prefix_path.dsv\n'}
[0.670277] (interfaces_pkg) StdoutLine: {'line': b'-- Up-to-date symlink: /home/amrl_sunny/ros2_autonomous_vehicle_simulation/install/interfaces_pkg/share/interfaces_pkg/environment/path.sh\n'}
[0.670348] (interfaces_pkg) StdoutLine: {'line': b'-- Up-to-date symlink: /home/amrl_sunny/ros2_autonomous_vehicle_simulation/install/interfaces_pkg/share/interfaces_pkg/environment/path.dsv\n'}
[0.670431] (interfaces_pkg) StdoutLine: {'line': b'-- Up-to-date symlink: /home/amrl_sunny/ros2_autonomous_vehicle_simulation/install/interfaces_pkg/share/interfaces_pkg/local_setup.bash\n'}
[0.670485] (interfaces_pkg) StdoutLine: {'line': b'-- Up-to-date symlink: /home/amrl_sunny/ros2_autonomous_vehicle_simulation/install/interfaces_pkg/share/interfaces_pkg/local_setup.sh\n'}
[0.670538] (interfaces_pkg) StdoutLine: {'line': b'-- Up-to-date symlink: /home/amrl_sunny/ros2_autonomous_vehicle_simulation/install/interfaces_pkg/share/interfaces_pkg/local_setup.zsh\n'}
[0.670595] (interfaces_pkg) StdoutLine: {'line': b'-- Up-to-date symlink: /home/amrl_sunny/ros2_autonomous_vehicle_simulation/install/interfaces_pkg/share/interfaces_pkg/local_setup.dsv\n'}
[0.670651] (interfaces_pkg) StdoutLine: {'line': b'-- Symlinking: /home/amrl_sunny/ros2_autonomous_vehicle_simulation/install/interfaces_pkg/share/interfaces_pkg/package.dsv\n'}
[0.676880] (interfaces_pkg) StdoutLine: {'line': b'-- Up-to-date symlink: /home/amrl_sunny/ros2_autonomous_vehicle_simulation/install/interfaces_pkg/share/ament_index/resource_index/packages/interfaces_pkg\n'}
[0.677010] (interfaces_pkg) StdoutLine: {'line': b'-- Up-to-date symlink: /home/amrl_sunny/ros2_autonomous_vehicle_simulation/install/interfaces_pkg/share/interfaces_pkg/cmake/rosidl_cmake-extras.cmake\n'}
[0.677079] (interfaces_pkg) StdoutLine: {'line': b'-- Up-to-date symlink: /home/amrl_sunny/ros2_autonomous_vehicle_simulation/install/interfaces_pkg/share/interfaces_pkg/cmake/ament_cmake_export_dependencies-extras.cmake\n'}
[0.677139] (interfaces_pkg) StdoutLine: {'line': b'-- Up-to-date symlink: /home/amrl_sunny/ros2_autonomous_vehicle_simulation/install/interfaces_pkg/share/interfaces_pkg/cmake/ament_cmake_export_include_directories-extras.cmake\n'}
[0.677224] (interfaces_pkg) StdoutLine: {'line': b'-- Up-to-date symlink: /home/amrl_sunny/ros2_autonomous_vehicle_simulation/install/interfaces_pkg/share/interfaces_pkg/cmake/ament_cmake_export_libraries-extras.cmake\n'}
[0.677285] (interfaces_pkg) StdoutLine: {'line': b'-- Up-to-date symlink: /home/amrl_sunny/ros2_autonomous_vehicle_simulation/install/interfaces_pkg/share/interfaces_pkg/cmake/ament_cmake_export_targets-extras.cmake\n'}
[0.677341] (interfaces_pkg) StdoutLine: {'line': b'-- Up-to-date symlink: /home/amrl_sunny/ros2_autonomous_vehicle_simulation/install/interfaces_pkg/share/interfaces_pkg/cmake/rosidl_cmake_export_typesupport_targets-extras.cmake\n'}
[0.677422] (interfaces_pkg) StdoutLine: {'line': b'-- Up-to-date symlink: /home/amrl_sunny/ros2_autonomous_vehicle_simulation/install/interfaces_pkg/share/interfaces_pkg/cmake/rosidl_cmake_export_typesupport_libraries-extras.cmake\n'}
[0.677482] (interfaces_pkg) StdoutLine: {'line': b'-- Up-to-date symlink: /home/amrl_sunny/ros2_autonomous_vehicle_simulation/install/interfaces_pkg/share/interfaces_pkg/cmake/interfaces_pkgConfig.cmake\n'}
[0.677537] (interfaces_pkg) StdoutLine: {'line': b'-- Up-to-date symlink: /home/amrl_sunny/ros2_autonomous_vehicle_simulation/install/interfaces_pkg/share/interfaces_pkg/cmake/interfaces_pkgConfig-version.cmake\n'}
[0.677611] (interfaces_pkg) StdoutLine: {'line': b'-- Up-to-date symlink: /home/amrl_sunny/ros2_autonomous_vehicle_simulation/install/interfaces_pkg/share/interfaces_pkg/package.xml\n'}
[0.677668] (interfaces_pkg) StdoutLine: {'line': b'-- Up-to-date: /home/amrl_sunny/ros2_autonomous_vehicle_simulation/install/interfaces_pkg/lib/libinterfaces_pkg__rosidl_generator_c.so\n'}
[0.677721] (interfaces_pkg) StdoutLine: {'line': b'-- Up-to-date: /home/amrl_sunny/ros2_autonomous_vehicle_simulation/install/interfaces_pkg/lib/libinterfaces_pkg__rosidl_typesupport_fastrtps_c.so\n'}
[0.677798] (interfaces_pkg) StdoutLine: {'line': b'-- Up-to-date: /home/amrl_sunny/ros2_autonomous_vehicle_simulation/install/interfaces_pkg/lib/libinterfaces_pkg__rosidl_typesupport_introspection_c.so\n'}
[0.677850] (interfaces_pkg) StdoutLine: {'line': b'-- Up-to-date: /home/amrl_sunny/ros2_autonomous_vehicle_simulation/install/interfaces_pkg/lib/libinterfaces_pkg__rosidl_typesupport_c.so\n'}
[0.677917] (interfaces_pkg) StdoutLine: {'line': b'-- Up-to-date: /home/amrl_sunny/ros2_autonomous_vehicle_simulation/install/interfaces_pkg/lib/libinterfaces_pkg__rosidl_typesupport_fastrtps_cpp.so\n'}
[0.677982] (interfaces_pkg) StdoutLine: {'line': b'-- Up-to-date: /home/amrl_sunny/ros2_autonomous_vehicle_simulation/install/interfaces_pkg/lib/libinterfaces_pkg__rosidl_typesupport_introspection_cpp.so\n'}
[0.678086] (interfaces_pkg) StdoutLine: {'line': b'-- Up-to-date: /home/amrl_sunny/ros2_autonomous_vehicle_simulation/install/interfaces_pkg/lib/libinterfaces_pkg__rosidl_typesupport_cpp.so\n'}
[0.699577] (interfaces_pkg) StdoutLine: {'line': b"Listing '/home/amrl_sunny/ros2_autonomous_vehicle_simulation/install/interfaces_pkg/local/lib/python3.10/dist-packages/interfaces_pkg'...\n"}
[0.699743] (interfaces_pkg) StdoutLine: {'line': b"Listing '/home/amrl_sunny/ros2_autonomous_vehicle_simulation/install/interfaces_pkg/local/lib/python3.10/dist-packages/interfaces_pkg/msg'...\n"}
[0.700901] (-) TimerEvent: {}
[0.702000] (interfaces_pkg) StdoutLine: {'line': b'-- Up-to-date: /home/amrl_sunny/ros2_autonomous_vehicle_simulation/install/interfaces_pkg/lib/libinterfaces_pkg__rosidl_generator_py.so\n'}
[0.702106] (interfaces_pkg) StdoutLine: {'line': b'-- Up-to-date: /home/amrl_sunny/ros2_autonomous_vehicle_simulation/install/interfaces_pkg/share/interfaces_pkg/cmake/export_interfaces_pkg__rosidl_generator_cExport.cmake\n'}
[0.702198] (interfaces_pkg) StdoutLine: {'line': b'-- Up-to-date: /home/amrl_sunny/ros2_autonomous_vehicle_simulation/install/interfaces_pkg/share/interfaces_pkg/cmake/export_interfaces_pkg__rosidl_generator_cExport-noconfig.cmake\n'}
[0.702279] (interfaces_pkg) StdoutLine: {'line': b'-- Up-to-date: /home/amrl_sunny/ros2_autonomous_vehicle_simulation/install/interfaces_pkg/share/interfaces_pkg/cmake/export_interfaces_pkg__rosidl_typesupport_fastrtps_cExport.cmake\n'}
[0.702337] (interfaces_pkg) StdoutLine: {'line': b'-- Up-to-date: /home/amrl_sunny/ros2_autonomous_vehicle_simulation/install/interfaces_pkg/share/interfaces_pkg/cmake/export_interfaces_pkg__rosidl_typesupport_fastrtps_cExport-noconfig.cmake\n'}
[0.702394] (interfaces_pkg) StdoutLine: {'line': b'-- Up-to-date: /home/amrl_sunny/ros2_autonomous_vehicle_simulation/install/interfaces_pkg/share/interfaces_pkg/cmake/interfaces_pkg__rosidl_typesupport_introspection_cExport.cmake\n'}
[0.702449] (interfaces_pkg) StdoutLine: {'line': b'-- Up-to-date: /home/amrl_sunny/ros2_autonomous_vehicle_simulation/install/interfaces_pkg/share/interfaces_pkg/cmake/interfaces_pkg__rosidl_typesupport_introspection_cExport-noconfig.cmake\n'}
[0.702522] (interfaces_pkg) StdoutLine: {'line': b'-- Up-to-date: /home/amrl_sunny/ros2_autonomous_vehicle_simulation/install/interfaces_pkg/share/interfaces_pkg/cmake/interfaces_pkg__rosidl_typesupport_cExport.cmake\n'}
[0.702619] (interfaces_pkg) StdoutLine: {'line': b'-- Up-to-date: /home/amrl_sunny/ros2_autonomous_vehicle_simulation/install/interfaces_pkg/share/interfaces_pkg/cmake/interfaces_pkg__rosidl_typesupport_cExport-noconfig.cmake\n'}
[0.702678] (interfaces_pkg) StdoutLine: {'line': b'-- Up-to-date: /home/amrl_sunny/ros2_autonomous_vehicle_simulation/install/interfaces_pkg/share/interfaces_pkg/cmake/export_interfaces_pkg__rosidl_generator_cppExport.cmake\n'}
[0.702730] (interfaces_pkg) StdoutLine: {'line': b'-- Up-to-date: /home/amrl_sunny/ros2_autonomous_vehicle_simulation/install/interfaces_pkg/share/interfaces_pkg/cmake/export_interfaces_pkg__rosidl_typesupport_fastrtps_cppExport.cmake\n'}
[0.702781] (interfaces_pkg) StdoutLine: {'line': b'-- Up-to-date: /home/amrl_sunny/ros2_autonomous_vehicle_simulation/install/interfaces_pkg/share/interfaces_pkg/cmake/export_interfaces_pkg__rosidl_typesupport_fastrtps_cppExport-noconfig.cmake\n'}
[0.702839] (interfaces_pkg) StdoutLine: {'line': b'-- Up-to-date: /home/amrl_sunny/ros2_autonomous_vehicle_simulation/install/interfaces_pkg/share/interfaces_pkg/cmake/interfaces_pkg__rosidl_typesupport_introspection_cppExport.cmake\n'}
[0.702890] (interfaces_pkg) StdoutLine: {'line': b'-- Up-to-date: /home/amrl_sunny/ros2_autonomous_vehicle_simulation/install/interfaces_pkg/share/interfaces_pkg/cmake/interfaces_pkg__rosidl_typesupport_introspection_cppExport-noconfig.cmake\n'}
[0.702942] (interfaces_pkg) StdoutLine: {'line': b'-- Up-to-date: /home/amrl_sunny/ros2_autonomous_vehicle_simulation/install/interfaces_pkg/share/interfaces_pkg/cmake/interfaces_pkg__rosidl_typesupport_cppExport.cmake\n'}
[0.702992] (interfaces_pkg) StdoutLine: {'line': b'-- Up-to-date: /home/amrl_sunny/ros2_autonomous_vehicle_simulation/install/interfaces_pkg/share/interfaces_pkg/cmake/interfaces_pkg__rosidl_typesupport_cppExport-noconfig.cmake\n'}
[0.703043] (interfaces_pkg) StdoutLine: {'line': b'-- Up-to-date: /home/amrl_sunny/ros2_autonomous_vehicle_simulation/install/interfaces_pkg/share/interfaces_pkg/cmake/export_interfaces_pkg__rosidl_generator_pyExport.cmake\n'}
[0.703092] (interfaces_pkg) StdoutLine: {'line': b'-- Up-to-date: /home/amrl_sunny/ros2_autonomous_vehicle_simulation/install/interfaces_pkg/share/interfaces_pkg/cmake/export_interfaces_pkg__rosidl_generator_pyExport-noconfig.cmake\n'}
[0.703965] (interfaces_pkg) CommandEnded: {'returncode': 0}
[0.720558] (interfaces_pkg) JobEnded: {'identifier': 'interfaces_pkg', 'rc': 0}
[0.775585] (camera_perception_pkg) Command: {'cmd': ['/usr/bin/python3', '-W', 'ignore:setup.py install is deprecated', '-W', 'ignore:easy_install command is deprecated', 'setup.py', 'develop', '--editable', '--build-directory', '/home/amrl_sunny/ros2_autonomous_vehicle_simulation/build/camera_perception_pkg/build', '--no-deps', 'symlink_data'], 'cwd': '/home/amrl_sunny/ros2_autonomous_vehicle_simulation/build/camera_perception_pkg', 'env': {'LESSOPEN': '| /usr/bin/lesspipe %s', 'LANGUAGE': 'ko:en', 'USER': 'amrl_sunny', 'LC_TIME': 'ko_KR.UTF-8', 'XDG_SESSION_TYPE': 'x11', 'SHLVL': '1', 'LD_LIBRARY_PATH': '/home/amrl_sunny/ros2_autonomous_vehicle_simulation/install/interfaces_pkg/lib:/opt/ros/humble/opt/rviz_ogre_vendor/lib:/usr/lib/x86_64-linux-gnu/gazebo-11/plugins:/opt/ros/humble/lib/x86_64-linux-gnu:/opt/ros/humble/lib', 'HOME': '/home/amrl_sunny', 'OLDPWD': '/home/amrl_sunny/ros2_autonomous_vehicle_simulation', 'DESKTOP_SESSION': 'ubuntu', 'ROS_PYTHON_VERSION': '3', 'GNOME_SHELL_SESSION_MODE': 'ubuntu', 'GTK_MODULES': 'gail:atk-bridge', 'XDG_SEAT_PATH': '/org/freedesktop/DisplayManager/Seat0', 'LC_MONETARY': 'ko_KR.UTF-8', 'SYSTEMD_EXEC_PID': '1883', 'DBUS_SESSION_BUS_ADDRESS': 'unix:path=/run/user/1000/bus', 'COLORTERM': 'truecolor', 'COLCON_PREFIX_PATH': '/home/amrl_sunny/ros2_autonomous_vehicle_simulation/install:/home/amrl_sunny/2025_jacapdi/install', 'ROS_DISTRO': 'humble', 'GTK_IM_MODULE': 'ibus', 'LOGNAME': 'amrl_sunny', '_': '/usr/bin/colcon', 'ROS_VERSION': '2', 'XDG_SESSION_CLASS': 'user', 'TERM': 'xterm-256color', 'GNOME_DESKTOP_SESSION_ID': 'this-is-deprecated', 'ROS_LOCALHOST_ONLY': '0', 'PATH': '/opt/ros/humble/bin:/home/amrl_sunny/.local/bin:/usr/local/sbin:/usr/local/bin:/usr/sbin:/usr/bin:/sbin:/bin:/usr/games:/usr/local/games:/snap/bin', 'SESSION_MANAGER': 'local/amrl-desktop:@/tmp/.ICE-unix/1667,unix/amrl-desktop:/tmp/.ICE-unix/1667', 'GDM_LANG': 'ko', 'PAPERSIZE': 'a4', 'XDG_SESSION_PATH': '/org/freedesktop/DisplayManager/Session0', 'XDG_MENU_PREFIX': 'gnome-', 'LC_ADDRESS': 'ko_KR.UTF-8', 'GNOME_TERMINAL_SCREEN': '/org/gnome/Terminal/screen/749011a1_a9ba_417b_92ef_a087b4eec115', 'XDG_RUNTIME_DIR': '/run/user/1000', 'DISPLAY': ':0', 'LANG': 'ko_KR.UTF-8', 'XDG_CURRENT_DESKTOP': 'ubuntu:GNOME', 'LC_TELEPHONE': 'ko_KR.UTF-8', 'XMODIFIERS': '@im=ibus', 'XDG_SESSION_DESKTOP': 'ubuntu', 'XAUTHORITY': '/home/amrl_sunny/.Xauthority', 'LS_COLORS': 'rs=0:di=01;34:ln=01;36:mh=00:pi=40;33:so=01;35:do=01;35:bd=40;33;01:cd=40;33;01:or=40;31;01:mi=00:su=37;41:sg=30;43:ca=30;41:tw=30;42:ow=34;42:st=37;44:ex=01;32:*.tar=01;31:*.tgz=01;31:*.arc=01;31:*.arj=01;31:*.taz=01;31:*.lha=01;31:*.lz4=01;31:*.lzh=01;31:*.lzma=01;31:*.tlz=01;31:*.txz=01;31:*.tzo=01;31:*.t7z=01;31:*.zip=01;31:*.z=01;31:*.dz=01;31:*.gz=01;31:*.lrz=01;31:*.lz=01;31:*.lzo=01;31:*.xz=01;31:*.zst=01;31:*.tzst=01;31:*.bz2=01;31:*.bz=01;31:*.tbz=01;31:*.tbz2=01;31:*.tz=01;31:*.deb=01;31:*.rpm=01;31:*.jar=01;31:*.war=01;31:*.ear=01;31:*.sar=01;31:*.rar=01;31:*.alz=01;31:*.ace=01;31:*.zoo=01;31:*.cpio=01;31:*.7z=01;31:*.rz=01;31:*.cab=01;31:*.wim=01;31:*.swm=01;31:*.dwm=01;31:*.esd=01;31:*.jpg=01;35:*.jpeg=01;35:*.mjpg=01;35:*.mjpeg=01;35:*.gif=01;35:*.bmp=01;35:*.pbm=01;35:*.pgm=01;35:*.ppm=01;35:*.tga=01;35:*.xbm=01;35:*.xpm=01;35:*.tif=01;35:*.tiff=01;35:*.png=01;35:*.svg=01;35:*.svgz=01;35:*.mng=01;35:*.pcx=01;35:*.mov=01;35:*.mpg=01;35:*.mpeg=01;35:*.m2v=01;35:*.mkv=01;35:*.webm=01;35:*.webp=01;35:*.ogm=01;35:*.mp4=01;35:*.m4v=01;35:*.mp4v=01;35:*.vob=01;35:*.qt=01;35:*.nuv=01;35:*.wmv=01;35:*.asf=01;35:*.rm=01;35:*.rmvb=01;35:*.flc=01;35:*.avi=01;35:*.fli=01;35:*.flv=01;35:*.gl=01;35:*.dl=01;35:*.xcf=01;35:*.xwd=01;35:*.yuv=01;35:*.cgm=01;35:*.emf=01;35:*.ogv=01;35:*.ogx=01;35:*.aac=00;36:*.au=00;36:*.flac=00;36:*.m4a=00;36:*.mid=00;36:*.midi=00;36:*.mka=00;36:*.mp3=00;36:*.mpc=00;36:*.ogg=00;36:*.ra=00;36:*.wav=00;36:*.oga=00;36:*.opus=00;36:*.spx=00;36:*.xspf=00;36:', 'GNOME_TERMINAL_SERVICE': ':1.30987', 'SSH_AGENT_LAUNCHER': 'gnome-keyring', 'SSH_AUTH_SOCK': '/run/user/1000/keyring/ssh', 'ROS_DOMAIN_ID': '0', 'XDG_GREETER_DATA_DIR': '/var/lib/lightdm-data/amrl_sunny', 'AMENT_PREFIX_PATH': '/home/amrl_sunny/ros2_autonomous_vehicle_simulation/install/simulation_pkg:/home/amrl_sunny/ros2_autonomous_vehicle_simulation/install/debug_pkg:/home/amrl_sunny/ros2_autonomous_vehicle_simulation/install/decision_making_pkg:/home/amrl_sunny/ros2_autonomous_vehicle_simulation/install/camera_perception_pkg:/home/amrl_sunny/ros2_autonomous_vehicle_simulation/install/interfaces_pkg:/home/amrl_sunny/2025_jacapdi/install/simulation_pkg:/home/amrl_sunny/2025_jacapdi/install/debug_pkg:/home/amrl_sunny/2025_jacapdi/install/decision_making_pkg:/home/amrl_sunny/2025_jacapdi/install/camera_perception_pkg:/opt/ros/humble', 'SHELL': '/bin/bash', 'LC_NAME': 'ko_KR.UTF-8', 'QT_ACCESSIBILITY': '1', 'GDMSESSION': 'ubuntu', 'LESSCLOSE': '/usr/bin/lesspipe %s %s', 'LC_MEASUREMENT': 'ko_KR.UTF-8', 'GPG_AGENT_INFO': '/run/user/1000/gnupg/S.gpg-agent:0:1', 'LC_IDENTIFICATION': 'ko_KR.UTF-8', 'QT_IM_MODULE': 'ibus', 'PWD': '/home/amrl_sunny/ros2_autonomous_vehicle_simulation/build/camera_perception_pkg', 'XDG_CONFIG_DIRS': '/etc/xdg/xdg-ubuntu:/etc/xdg', 'XDG_DATA_DIRS': '/usr/share/ubuntu:/usr/share/gnome:/usr/local/share:/usr/share:/var/lib/snapd/desktop', 'PYTHONPATH': '/home/amrl_sunny/ros2_autonomous_vehicle_simulation/build/camera_perception_pkg/prefix_override:/usr/lib/python3/dist-packages/colcon_core/task/python/colcon_distutils_commands:/home/amrl_sunny/ros2_autonomous_vehicle_simulation/install/camera_perception_pkg/lib/python3.10/site-packages:/home/amrl_sunny/ros2_autonomous_vehicle_simulation/build/simulation_pkg:/home/amrl_sunny/ros2_autonomous_vehicle_simulation/install/simulation_pkg/lib/python3.10/site-packages:/home/amrl_sunny/ros2_autonomous_vehicle_simulation/build/debug_pkg:/home/amrl_sunny/ros2_autonomous_vehicle_simulation/install/debug_pkg/lib/python3.10/site-packages:/home/amrl_sunny/ros2_autonomous_vehicle_simulation/build/decision_making_pkg:/home/amrl_sunny/ros2_autonomous_vehicle_simulation/install/decision_making_pkg/lib/python3.10/site-packages:/home/amrl_sunny/ros2_autonomous_vehicle_simulation/build/camera_perception_pkg:/home/amrl_sunny/ros2_autonomous_vehicle_simulation/install/camera_perception_pkg/lib/python3.10/site-packages:/home/amrl_sunny/ros2_autonomous_vehicle_simulation/install/interfaces_pkg/local/lib/python3.10/dist-packages:/home/amrl_sunny/2025_jacapdi/build/simulation_pkg:/home/amrl_sunny/2025_jacapdi/install/simulation_pkg/lib/python3.10/site-packages:/home/amrl_sunny/2025_jacapdi/build/debug_pkg:/home/amrl_sunny/2025_jacapdi/install/debug_pkg/lib/python3.10/site-packages:/home/amrl_sunny/2025_jacapdi/build/decision_making_pkg:/home/amrl_sunny/2025_jacapdi/install/decision_making_pkg/lib/python3.10/site-packages:/home/amrl_sunny/2025_jacapdi/build/camera_perception_pkg:/home/amrl_sunny/2025_jacapdi/install/camera_perception_pkg/lib/python3.10/site-packages:/opt/ros/humble/lib/python3.10/site-packages:/opt/ros/humble/local/lib/python3.10/dist-packages', 'LC_NUMERIC': 'ko_KR.UTF-8', 'LC_PAPER': 'ko_KR.UTF-8', 'COLCON': '1', 'VTE_VERSION': '6800', 'CMAKE_PREFIX_PATH': '/home/amrl_sunny/ros2_autonomous_vehicle_simulation/install/interfaces_pkg'}, 'shell': False}
[0.781427] (lidar_perception_pkg) Command: {'cmd': ['/usr/bin/python3', '-W', 'ignore:setup.py install is deprecated', '-W', 'ignore:easy_install command is deprecated', 'setup.py', 'develop', '--editable', '--build-directory', '/home/amrl_sunny/ros2_autonomous_vehicle_simulation/build/lidar_perception_pkg/build', '--no-deps', 'symlink_data'], 'cwd': '/home/amrl_sunny/ros2_autonomous_vehicle_simulation/build/lidar_perception_pkg', 'env': {'LESSOPEN': '| /usr/bin/lesspipe %s', 'LANGUAGE': 'ko:en', 'USER': 'amrl_sunny', 'LC_TIME': 'ko_KR.UTF-8', 'XDG_SESSION_TYPE': 'x11', 'SHLVL': '1', 'LD_LIBRARY_PATH': '/home/amrl_sunny/ros2_autonomous_vehicle_simulation/install/interfaces_pkg/lib:/opt/ros/humble/opt/rviz_ogre_vendor/lib:/usr/lib/x86_64-linux-gnu/gazebo-11/plugins:/opt/ros/humble/lib/x86_64-linux-gnu:/opt/ros/humble/lib', 'HOME': '/home/amrl_sunny', 'OLDPWD': '/home/amrl_sunny/ros2_autonomous_vehicle_simulation', 'DESKTOP_SESSION': 'ubuntu', 'ROS_PYTHON_VERSION': '3', 'GNOME_SHELL_SESSION_MODE': 'ubuntu', 'GTK_MODULES': 'gail:atk-bridge', 'XDG_SEAT_PATH': '/org/freedesktop/DisplayManager/Seat0', 'LC_MONETARY': 'ko_KR.UTF-8', 'SYSTEMD_EXEC_PID': '1883', 'DBUS_SESSION_BUS_ADDRESS': 'unix:path=/run/user/1000/bus', 'COLORTERM': 'truecolor', 'COLCON_PREFIX_PATH': '/home/amrl_sunny/ros2_autonomous_vehicle_simulation/install:/home/amrl_sunny/2025_jacapdi/install', 'ROS_DISTRO': 'humble', 'GTK_IM_MODULE': 'ibus', 'LOGNAME': 'amrl_sunny', '_': '/usr/bin/colcon', 'ROS_VERSION': '2', 'XDG_SESSION_CLASS': 'user', 'TERM': 'xterm-256color', 'GNOME_DESKTOP_SESSION_ID': 'this-is-deprecated', 'ROS_LOCALHOST_ONLY': '0', 'PATH': '/opt/ros/humble/bin:/home/amrl_sunny/.local/bin:/usr/local/sbin:/usr/local/bin:/usr/sbin:/usr/bin:/sbin:/bin:/usr/games:/usr/local/games:/snap/bin', 'SESSION_MANAGER': 'local/amrl-desktop:@/tmp/.ICE-unix/1667,unix/amrl-desktop:/tmp/.ICE-unix/1667', 'GDM_LANG': 'ko', 'PAPERSIZE': 'a4', 'XDG_SESSION_PATH': '/org/freedesktop/DisplayManager/Session0', 'XDG_MENU_PREFIX': 'gnome-', 'LC_ADDRESS': 'ko_KR.UTF-8', 'GNOME_TERMINAL_SCREEN': '/org/gnome/Terminal/screen/749011a1_a9ba_417b_92ef_a087b4eec115', 'XDG_RUNTIME_DIR': '/run/user/1000', 'DISPLAY': ':0', 'LANG': 'ko_KR.UTF-8', 'XDG_CURRENT_DESKTOP': 'ubuntu:GNOME', 'LC_TELEPHONE': 'ko_KR.UTF-8', 'XMODIFIERS': '@im=ibus', 'XDG_SESSION_DESKTOP': 'ubuntu', 'XAUTHORITY': '/home/amrl_sunny/.Xauthority', 'LS_COLORS': 'rs=0:di=01;34:ln=01;36:mh=00:pi=40;33:so=01;35:do=01;35:bd=40;33;01:cd=40;33;01:or=40;31;01:mi=00:su=37;41:sg=30;43:ca=30;41:tw=30;42:ow=34;42:st=37;44:ex=01;32:*.tar=01;31:*.tgz=01;31:*.arc=01;31:*.arj=01;31:*.taz=01;31:*.lha=01;31:*.lz4=01;31:*.lzh=01;31:*.lzma=01;31:*.tlz=01;31:*.txz=01;31:*.tzo=01;31:*.t7z=01;31:*.zip=01;31:*.z=01;31:*.dz=01;31:*.gz=01;31:*.lrz=01;31:*.lz=01;31:*.lzo=01;31:*.xz=01;31:*.zst=01;31:*.tzst=01;31:*.bz2=01;31:*.bz=01;31:*.tbz=01;31:*.tbz2=01;31:*.tz=01;31:*.deb=01;31:*.rpm=01;31:*.jar=01;31:*.war=01;31:*.ear=01;31:*.sar=01;31:*.rar=01;31:*.alz=01;31:*.ace=01;31:*.zoo=01;31:*.cpio=01;31:*.7z=01;31:*.rz=01;31:*.cab=01;31:*.wim=01;31:*.swm=01;31:*.dwm=01;31:*.esd=01;31:*.jpg=01;35:*.jpeg=01;35:*.mjpg=01;35:*.mjpeg=01;35:*.gif=01;35:*.bmp=01;35:*.pbm=01;35:*.pgm=01;35:*.ppm=01;35:*.tga=01;35:*.xbm=01;35:*.xpm=01;35:*.tif=01;35:*.tiff=01;35:*.png=01;35:*.svg=01;35:*.svgz=01;35:*.mng=01;35:*.pcx=01;35:*.mov=01;35:*.mpg=01;35:*.mpeg=01;35:*.m2v=01;35:*.mkv=01;35:*.webm=01;35:*.webp=01;35:*.ogm=01;35:*.mp4=01;35:*.m4v=01;35:*.mp4v=01;35:*.vob=01;35:*.qt=01;35:*.nuv=01;35:*.wmv=01;35:*.asf=01;35:*.rm=01;35:*.rmvb=01;35:*.flc=01;35:*.avi=01;35:*.fli=01;35:*.flv=01;35:*.gl=01;35:*.dl=01;35:*.xcf=01;35:*.xwd=01;35:*.yuv=01;35:*.cgm=01;35:*.emf=01;35:*.ogv=01;35:*.ogx=01;35:*.aac=00;36:*.au=00;36:*.flac=00;36:*.m4a=00;36:*.mid=00;36:*.midi=00;36:*.mka=00;36:*.mp3=00;36:*.mpc=00;36:*.ogg=00;36:*.ra=00;36:*.wav=00;36:*.oga=00;36:*.opus=00;36:*.spx=00;36:*.xspf=00;36:', 'GNOME_TERMINAL_SERVICE': ':1.30987', 'SSH_AGENT_LAUNCHER': 'gnome-keyring', 'SSH_AUTH_SOCK': '/run/user/1000/keyring/ssh', 'ROS_DOMAIN_ID': '0', 'XDG_GREETER_DATA_DIR': '/var/lib/lightdm-data/amrl_sunny', 'AMENT_PREFIX_PATH': '/home/amrl_sunny/ros2_autonomous_vehicle_simulation/install/simulation_pkg:/home/amrl_sunny/ros2_autonomous_vehicle_simulation/install/debug_pkg:/home/amrl_sunny/ros2_autonomous_vehicle_simulation/install/decision_making_pkg:/home/amrl_sunny/ros2_autonomous_vehicle_simulation/install/camera_perception_pkg:/home/amrl_sunny/ros2_autonomous_vehicle_simulation/install/interfaces_pkg:/home/amrl_sunny/2025_jacapdi/install/simulation_pkg:/home/amrl_sunny/2025_jacapdi/install/debug_pkg:/home/amrl_sunny/2025_jacapdi/install/decision_making_pkg:/home/amrl_sunny/2025_jacapdi/install/camera_perception_pkg:/opt/ros/humble', 'SHELL': '/bin/bash', 'LC_NAME': 'ko_KR.UTF-8', 'QT_ACCESSIBILITY': '1', 'GDMSESSION': 'ubuntu', 'LESSCLOSE': '/usr/bin/lesspipe %s %s', 'LC_MEASUREMENT': 'ko_KR.UTF-8', 'GPG_AGENT_INFO': '/run/user/1000/gnupg/S.gpg-agent:0:1', 'LC_IDENTIFICATION': 'ko_KR.UTF-8', 'QT_IM_MODULE': 'ibus', 'PWD': '/home/amrl_sunny/ros2_autonomous_vehicle_simulation/build/lidar_perception_pkg', 'XDG_CONFIG_DIRS': '/etc/xdg/xdg-ubuntu:/etc/xdg', 'XDG_DATA_DIRS': '/usr/share/ubuntu:/usr/share/gnome:/usr/local/share:/usr/share:/var/lib/snapd/desktop', 'PYTHONPATH': '/home/amrl_sunny/ros2_autonomous_vehicle_simulation/build/lidar_perception_pkg/prefix_override:/usr/lib/python3/dist-packages/colcon_core/task/python/colcon_distutils_commands:/home/amrl_sunny/ros2_autonomous_vehicle_simulation/install/lidar_perception_pkg/lib/python3.10/site-packages:/home/amrl_sunny/ros2_autonomous_vehicle_simulation/build/simulation_pkg:/home/amrl_sunny/ros2_autonomous_vehicle_simulation/install/simulation_pkg/lib/python3.10/site-packages:/home/amrl_sunny/ros2_autonomous_vehicle_simulation/build/debug_pkg:/home/amrl_sunny/ros2_autonomous_vehicle_simulation/install/debug_pkg/lib/python3.10/site-packages:/home/amrl_sunny/ros2_autonomous_vehicle_simulation/build/decision_making_pkg:/home/amrl_sunny/ros2_autonomous_vehicle_simulation/install/decision_making_pkg/lib/python3.10/site-packages:/home/amrl_sunny/ros2_autonomous_vehicle_simulation/build/camera_perception_pkg:/home/amrl_sunny/ros2_autonomous_vehicle_simulation/install/camera_perception_pkg/lib/python3.10/site-packages:/home/amrl_sunny/ros2_autonomous_vehicle_simulation/install/interfaces_pkg/local/lib/python3.10/dist-packages:/home/amrl_sunny/2025_jacapdi/build/simulation_pkg:/home/amrl_sunny/2025_jacapdi/install/simulation_pkg/lib/python3.10/site-packages:/home/amrl_sunny/2025_jacapdi/build/debug_pkg:/home/amrl_sunny/2025_jacapdi/install/debug_pkg/lib/python3.10/site-packages:/home/amrl_sunny/2025_jacapdi/build/decision_making_pkg:/home/amrl_sunny/2025_jacapdi/install/decision_making_pkg/lib/python3.10/site-packages:/home/amrl_sunny/2025_jacapdi/build/camera_perception_pkg:/home/amrl_sunny/2025_jacapdi/install/camera_perception_pkg/lib/python3.10/site-packages:/opt/ros/humble/lib/python3.10/site-packages:/opt/ros/humble/local/lib/python3.10/dist-packages', 'LC_NUMERIC': 'ko_KR.UTF-8', 'LC_PAPER': 'ko_KR.UTF-8', 'COLCON': '1', 'VTE_VERSION': '6800', 'CMAKE_PREFIX_PATH': '/home/amrl_sunny/ros2_autonomous_vehicle_simulation/install/interfaces_pkg'}, 'shell': False}
[0.785305] (debug_pkg) Command: {'cmd': ['/usr/bin/python3', '-W', 'ignore:setup.py install is deprecated', '-W', 'ignore:easy_install command is deprecated', 'setup.py', 'develop', '--editable', '--build-directory', '/home/amrl_sunny/ros2_autonomous_vehicle_simulation/build/debug_pkg/build', '--no-deps', 'symlink_data'], 'cwd': '/home/amrl_sunny/ros2_autonomous_vehicle_simulation/build/debug_pkg', 'env': {'LESSOPEN': '| /usr/bin/lesspipe %s', 'LANGUAGE': 'ko:en', 'USER': 'amrl_sunny', 'LC_TIME': 'ko_KR.UTF-8', 'XDG_SESSION_TYPE': 'x11', 'SHLVL': '1', 'LD_LIBRARY_PATH': '/home/amrl_sunny/ros2_autonomous_vehicle_simulation/install/interfaces_pkg/lib:/opt/ros/humble/opt/rviz_ogre_vendor/lib:/usr/lib/x86_64-linux-gnu/gazebo-11/plugins:/opt/ros/humble/lib/x86_64-linux-gnu:/opt/ros/humble/lib', 'HOME': '/home/amrl_sunny', 'OLDPWD': '/home/amrl_sunny/ros2_autonomous_vehicle_simulation', 'DESKTOP_SESSION': 'ubuntu', 'ROS_PYTHON_VERSION': '3', 'GNOME_SHELL_SESSION_MODE': 'ubuntu', 'GTK_MODULES': 'gail:atk-bridge', 'XDG_SEAT_PATH': '/org/freedesktop/DisplayManager/Seat0', 'LC_MONETARY': 'ko_KR.UTF-8', 'SYSTEMD_EXEC_PID': '1883', 'DBUS_SESSION_BUS_ADDRESS': 'unix:path=/run/user/1000/bus', 'COLORTERM': 'truecolor', 'COLCON_PREFIX_PATH': '/home/amrl_sunny/ros2_autonomous_vehicle_simulation/install:/home/amrl_sunny/2025_jacapdi/install', 'ROS_DISTRO': 'humble', 'GTK_IM_MODULE': 'ibus', 'LOGNAME': 'amrl_sunny', '_': '/usr/bin/colcon', 'ROS_VERSION': '2', 'XDG_SESSION_CLASS': 'user', 'TERM': 'xterm-256color', 'GNOME_DESKTOP_SESSION_ID': 'this-is-deprecated', 'ROS_LOCALHOST_ONLY': '0', 'PATH': '/opt/ros/humble/bin:/home/amrl_sunny/.local/bin:/usr/local/sbin:/usr/local/bin:/usr/sbin:/usr/bin:/sbin:/bin:/usr/games:/usr/local/games:/snap/bin', 'SESSION_MANAGER': 'local/amrl-desktop:@/tmp/.ICE-unix/1667,unix/amrl-desktop:/tmp/.ICE-unix/1667', 'GDM_LANG': 'ko', 'PAPERSIZE': 'a4', 'XDG_SESSION_PATH': '/org/freedesktop/DisplayManager/Session0', 'XDG_MENU_PREFIX': 'gnome-', 'LC_ADDRESS': 'ko_KR.UTF-8', 'GNOME_TERMINAL_SCREEN': '/org/gnome/Terminal/screen/749011a1_a9ba_417b_92ef_a087b4eec115', 'XDG_RUNTIME_DIR': '/run/user/1000', 'DISPLAY': ':0', 'LANG': 'ko_KR.UTF-8', 'XDG_CURRENT_DESKTOP': 'ubuntu:GNOME', 'LC_TELEPHONE': 'ko_KR.UTF-8', 'XMODIFIERS': '@im=ibus', 'XDG_SESSION_DESKTOP': 'ubuntu', 'XAUTHORITY': '/home/amrl_sunny/.Xauthority', 'LS_COLORS': 'rs=0:di=01;34:ln=01;36:mh=00:pi=40;33:so=01;35:do=01;35:bd=40;33;01:cd=40;33;01:or=40;31;01:mi=00:su=37;41:sg=30;43:ca=30;41:tw=30;42:ow=34;42:st=37;44:ex=01;32:*.tar=01;31:*.tgz=01;31:*.arc=01;31:*.arj=01;31:*.taz=01;31:*.lha=01;31:*.lz4=01;31:*.lzh=01;31:*.lzma=01;31:*.tlz=01;31:*.txz=01;31:*.tzo=01;31:*.t7z=01;31:*.zip=01;31:*.z=01;31:*.dz=01;31:*.gz=01;31:*.lrz=01;31:*.lz=01;31:*.lzo=01;31:*.xz=01;31:*.zst=01;31:*.tzst=01;31:*.bz2=01;31:*.bz=01;31:*.tbz=01;31:*.tbz2=01;31:*.tz=01;31:*.deb=01;31:*.rpm=01;31:*.jar=01;31:*.war=01;31:*.ear=01;31:*.sar=01;31:*.rar=01;31:*.alz=01;31:*.ace=01;31:*.zoo=01;31:*.cpio=01;31:*.7z=01;31:*.rz=01;31:*.cab=01;31:*.wim=01;31:*.swm=01;31:*.dwm=01;31:*.esd=01;31:*.jpg=01;35:*.jpeg=01;35:*.mjpg=01;35:*.mjpeg=01;35:*.gif=01;35:*.bmp=01;35:*.pbm=01;35:*.pgm=01;35:*.ppm=01;35:*.tga=01;35:*.xbm=01;35:*.xpm=01;35:*.tif=01;35:*.tiff=01;35:*.png=01;35:*.svg=01;35:*.svgz=01;35:*.mng=01;35:*.pcx=01;35:*.mov=01;35:*.mpg=01;35:*.mpeg=01;35:*.m2v=01;35:*.mkv=01;35:*.webm=01;35:*.webp=01;35:*.ogm=01;35:*.mp4=01;35:*.m4v=01;35:*.mp4v=01;35:*.vob=01;35:*.qt=01;35:*.nuv=01;35:*.wmv=01;35:*.asf=01;35:*.rm=01;35:*.rmvb=01;35:*.flc=01;35:*.avi=01;35:*.fli=01;35:*.flv=01;35:*.gl=01;35:*.dl=01;35:*.xcf=01;35:*.xwd=01;35:*.yuv=01;35:*.cgm=01;35:*.emf=01;35:*.ogv=01;35:*.ogx=01;35:*.aac=00;36:*.au=00;36:*.flac=00;36:*.m4a=00;36:*.mid=00;36:*.midi=00;36:*.mka=00;36:*.mp3=00;36:*.mpc=00;36:*.ogg=00;36:*.ra=00;36:*.wav=00;36:*.oga=00;36:*.opus=00;36:*.spx=00;36:*.xspf=00;36:', 'GNOME_TERMINAL_SERVICE': ':1.30987', 'SSH_AGENT_LAUNCHER': 'gnome-keyring', 'SSH_AUTH_SOCK': '/run/user/1000/keyring/ssh', 'ROS_DOMAIN_ID': '0', 'XDG_GREETER_DATA_DIR': '/var/lib/lightdm-data/amrl_sunny', 'AMENT_PREFIX_PATH': '/home/amrl_sunny/ros2_autonomous_vehicle_simulation/install/simulation_pkg:/home/amrl_sunny/ros2_autonomous_vehicle_simulation/install/debug_pkg:/home/amrl_sunny/ros2_autonomous_vehicle_simulation/install/decision_making_pkg:/home/amrl_sunny/ros2_autonomous_vehicle_simulation/install/camera_perception_pkg:/home/amrl_sunny/ros2_autonomous_vehicle_simulation/install/interfaces_pkg:/home/amrl_sunny/2025_jacapdi/install/simulation_pkg:/home/amrl_sunny/2025_jacapdi/install/debug_pkg:/home/amrl_sunny/2025_jacapdi/install/decision_making_pkg:/home/amrl_sunny/2025_jacapdi/install/camera_perception_pkg:/opt/ros/humble', 'SHELL': '/bin/bash', 'LC_NAME': 'ko_KR.UTF-8', 'QT_ACCESSIBILITY': '1', 'GDMSESSION': 'ubuntu', 'LESSCLOSE': '/usr/bin/lesspipe %s %s', 'LC_MEASUREMENT': 'ko_KR.UTF-8', 'GPG_AGENT_INFO': '/run/user/1000/gnupg/S.gpg-agent:0:1', 'LC_IDENTIFICATION': 'ko_KR.UTF-8', 'QT_IM_MODULE': 'ibus', 'PWD': '/home/amrl_sunny/ros2_autonomous_vehicle_simulation/build/debug_pkg', 'XDG_CONFIG_DIRS': '/etc/xdg/xdg-ubuntu:/etc/xdg', 'XDG_DATA_DIRS': '/usr/share/ubuntu:/usr/share/gnome:/usr/local/share:/usr/share:/var/lib/snapd/desktop', 'PYTHONPATH': '/home/amrl_sunny/ros2_autonomous_vehicle_simulation/build/debug_pkg/prefix_override:/usr/lib/python3/dist-packages/colcon_core/task/python/colcon_distutils_commands:/home/amrl_sunny/ros2_autonomous_vehicle_simulation/install/debug_pkg/lib/python3.10/site-packages:/home/amrl_sunny/ros2_autonomous_vehicle_simulation/build/simulation_pkg:/home/amrl_sunny/ros2_autonomous_vehicle_simulation/install/simulation_pkg/lib/python3.10/site-packages:/home/amrl_sunny/ros2_autonomous_vehicle_simulation/build/debug_pkg:/home/amrl_sunny/ros2_autonomous_vehicle_simulation/install/debug_pkg/lib/python3.10/site-packages:/home/amrl_sunny/ros2_autonomous_vehicle_simulation/build/decision_making_pkg:/home/amrl_sunny/ros2_autonomous_vehicle_simulation/install/decision_making_pkg/lib/python3.10/site-packages:/home/amrl_sunny/ros2_autonomous_vehicle_simulation/build/camera_perception_pkg:/home/amrl_sunny/ros2_autonomous_vehicle_simulation/install/camera_perception_pkg/lib/python3.10/site-packages:/home/amrl_sunny/ros2_autonomous_vehicle_simulation/install/interfaces_pkg/local/lib/python3.10/dist-packages:/home/amrl_sunny/2025_jacapdi/build/simulation_pkg:/home/amrl_sunny/2025_jacapdi/install/simulation_pkg/lib/python3.10/site-packages:/home/amrl_sunny/2025_jacapdi/build/debug_pkg:/home/amrl_sunny/2025_jacapdi/install/debug_pkg/lib/python3.10/site-packages:/home/amrl_sunny/2025_jacapdi/build/decision_making_pkg:/home/amrl_sunny/2025_jacapdi/install/decision_making_pkg/lib/python3.10/site-packages:/home/amrl_sunny/2025_jacapdi/build/camera_perception_pkg:/home/amrl_sunny/2025_jacapdi/install/camera_perception_pkg/lib/python3.10/site-packages:/opt/ros/humble/lib/python3.10/site-packages:/opt/ros/humble/local/lib/python3.10/dist-packages', 'LC_NUMERIC': 'ko_KR.UTF-8', 'LC_PAPER': 'ko_KR.UTF-8', 'COLCON': '1', 'VTE_VERSION': '6800', 'CMAKE_PREFIX_PATH': '/home/amrl_sunny/ros2_autonomous_vehicle_simulation/install/interfaces_pkg'}, 'shell': False}
[0.796335] (decision_making_pkg) Command: {'cmd': ['/usr/bin/python3', '-W', 'ignore:setup.py install is deprecated', '-W', 'ignore:easy_install command is deprecated', 'setup.py', 'develop', '--editable', '--build-directory', '/home/amrl_sunny/ros2_autonomous_vehicle_simulation/build/decision_making_pkg/build', '--no-deps', 'symlink_data'], 'cwd': '/home/amrl_sunny/ros2_autonomous_vehicle_simulation/build/decision_making_pkg', 'env': {'LESSOPEN': '| /usr/bin/lesspipe %s', 'LANGUAGE': 'ko:en', 'USER': 'amrl_sunny', 'LC_TIME': 'ko_KR.UTF-8', 'XDG_SESSION_TYPE': 'x11', 'SHLVL': '1', 'LD_LIBRARY_PATH': '/home/amrl_sunny/ros2_autonomous_vehicle_simulation/install/interfaces_pkg/lib:/opt/ros/humble/opt/rviz_ogre_vendor/lib:/usr/lib/x86_64-linux-gnu/gazebo-11/plugins:/opt/ros/humble/lib/x86_64-linux-gnu:/opt/ros/humble/lib', 'HOME': '/home/amrl_sunny', 'OLDPWD': '/home/amrl_sunny/ros2_autonomous_vehicle_simulation', 'DESKTOP_SESSION': 'ubuntu', 'ROS_PYTHON_VERSION': '3', 'GNOME_SHELL_SESSION_MODE': 'ubuntu', 'GTK_MODULES': 'gail:atk-bridge', 'XDG_SEAT_PATH': '/org/freedesktop/DisplayManager/Seat0', 'LC_MONETARY': 'ko_KR.UTF-8', 'SYSTEMD_EXEC_PID': '1883', 'DBUS_SESSION_BUS_ADDRESS': 'unix:path=/run/user/1000/bus', 'COLORTERM': 'truecolor', 'COLCON_PREFIX_PATH': '/home/amrl_sunny/ros2_autonomous_vehicle_simulation/install:/home/amrl_sunny/2025_jacapdi/install', 'ROS_DISTRO': 'humble', 'GTK_IM_MODULE': 'ibus', 'LOGNAME': 'amrl_sunny', '_': '/usr/bin/colcon', 'ROS_VERSION': '2', 'XDG_SESSION_CLASS': 'user', 'TERM': 'xterm-256color', 'GNOME_DESKTOP_SESSION_ID': 'this-is-deprecated', 'ROS_LOCALHOST_ONLY': '0', 'PATH': '/opt/ros/humble/bin:/home/amrl_sunny/.local/bin:/usr/local/sbin:/usr/local/bin:/usr/sbin:/usr/bin:/sbin:/bin:/usr/games:/usr/local/games:/snap/bin', 'SESSION_MANAGER': 'local/amrl-desktop:@/tmp/.ICE-unix/1667,unix/amrl-desktop:/tmp/.ICE-unix/1667', 'GDM_LANG': 'ko', 'PAPERSIZE': 'a4', 'XDG_SESSION_PATH': '/org/freedesktop/DisplayManager/Session0', 'XDG_MENU_PREFIX': 'gnome-', 'LC_ADDRESS': 'ko_KR.UTF-8', 'GNOME_TERMINAL_SCREEN': '/org/gnome/Terminal/screen/749011a1_a9ba_417b_92ef_a087b4eec115', 'XDG_RUNTIME_DIR': '/run/user/1000', 'DISPLAY': ':0', 'LANG': 'ko_KR.UTF-8', 'XDG_CURRENT_DESKTOP': 'ubuntu:GNOME', 'LC_TELEPHONE': 'ko_KR.UTF-8', 'XMODIFIERS': '@im=ibus', 'XDG_SESSION_DESKTOP': 'ubuntu', 'XAUTHORITY': '/home/amrl_sunny/.Xauthority', 'LS_COLORS': 'rs=0:di=01;34:ln=01;36:mh=00:pi=40;33:so=01;35:do=01;35:bd=40;33;01:cd=40;33;01:or=40;31;01:mi=00:su=37;41:sg=30;43:ca=30;41:tw=30;42:ow=34;42:st=37;44:ex=01;32:*.tar=01;31:*.tgz=01;31:*.arc=01;31:*.arj=01;31:*.taz=01;31:*.lha=01;31:*.lz4=01;31:*.lzh=01;31:*.lzma=01;31:*.tlz=01;31:*.txz=01;31:*.tzo=01;31:*.t7z=01;31:*.zip=01;31:*.z=01;31:*.dz=01;31:*.gz=01;31:*.lrz=01;31:*.lz=01;31:*.lzo=01;31:*.xz=01;31:*.zst=01;31:*.tzst=01;31:*.bz2=01;31:*.bz=01;31:*.tbz=01;31:*.tbz2=01;31:*.tz=01;31:*.deb=01;31:*.rpm=01;31:*.jar=01;31:*.war=01;31:*.ear=01;31:*.sar=01;31:*.rar=01;31:*.alz=01;31:*.ace=01;31:*.zoo=01;31:*.cpio=01;31:*.7z=01;31:*.rz=01;31:*.cab=01;31:*.wim=01;31:*.swm=01;31:*.dwm=01;31:*.esd=01;31:*.jpg=01;35:*.jpeg=01;35:*.mjpg=01;35:*.mjpeg=01;35:*.gif=01;35:*.bmp=01;35:*.pbm=01;35:*.pgm=01;35:*.ppm=01;35:*.tga=01;35:*.xbm=01;35:*.xpm=01;35:*.tif=01;35:*.tiff=01;35:*.png=01;35:*.svg=01;35:*.svgz=01;35:*.mng=01;35:*.pcx=01;35:*.mov=01;35:*.mpg=01;35:*.mpeg=01;35:*.m2v=01;35:*.mkv=01;35:*.webm=01;35:*.webp=01;35:*.ogm=01;35:*.mp4=01;35:*.m4v=01;35:*.mp4v=01;35:*.vob=01;35:*.qt=01;35:*.nuv=01;35:*.wmv=01;35:*.asf=01;35:*.rm=01;35:*.rmvb=01;35:*.flc=01;35:*.avi=01;35:*.fli=01;35:*.flv=01;35:*.gl=01;35:*.dl=01;35:*.xcf=01;35:*.xwd=01;35:*.yuv=01;35:*.cgm=01;35:*.emf=01;35:*.ogv=01;35:*.ogx=01;35:*.aac=00;36:*.au=00;36:*.flac=00;36:*.m4a=00;36:*.mid=00;36:*.midi=00;36:*.mka=00;36:*.mp3=00;36:*.mpc=00;36:*.ogg=00;36:*.ra=00;36:*.wav=00;36:*.oga=00;36:*.opus=00;36:*.spx=00;36:*.xspf=00;36:', 'GNOME_TERMINAL_SERVICE': ':1.30987', 'SSH_AGENT_LAUNCHER': 'gnome-keyring', 'SSH_AUTH_SOCK': '/run/user/1000/keyring/ssh', 'ROS_DOMAIN_ID': '0', 'XDG_GREETER_DATA_DIR': '/var/lib/lightdm-data/amrl_sunny', 'AMENT_PREFIX_PATH': '/home/amrl_sunny/ros2_autonomous_vehicle_simulation/install/simulation_pkg:/home/amrl_sunny/ros2_autonomous_vehicle_simulation/install/debug_pkg:/home/amrl_sunny/ros2_autonomous_vehicle_simulation/install/decision_making_pkg:/home/amrl_sunny/ros2_autonomous_vehicle_simulation/install/camera_perception_pkg:/home/amrl_sunny/ros2_autonomous_vehicle_simulation/install/interfaces_pkg:/home/amrl_sunny/2025_jacapdi/install/simulation_pkg:/home/amrl_sunny/2025_jacapdi/install/debug_pkg:/home/amrl_sunny/2025_jacapdi/install/decision_making_pkg:/home/amrl_sunny/2025_jacapdi/install/camera_perception_pkg:/opt/ros/humble', 'SHELL': '/bin/bash', 'LC_NAME': 'ko_KR.UTF-8', 'QT_ACCESSIBILITY': '1', 'GDMSESSION': 'ubuntu', 'LESSCLOSE': '/usr/bin/lesspipe %s %s', 'LC_MEASUREMENT': 'ko_KR.UTF-8', 'GPG_AGENT_INFO': '/run/user/1000/gnupg/S.gpg-agent:0:1', 'LC_IDENTIFICATION': 'ko_KR.UTF-8', 'QT_IM_MODULE': 'ibus', 'PWD': '/home/amrl_sunny/ros2_autonomous_vehicle_simulation/build/decision_making_pkg', 'XDG_CONFIG_DIRS': '/etc/xdg/xdg-ubuntu:/etc/xdg', 'XDG_DATA_DIRS': '/usr/share/ubuntu:/usr/share/gnome:/usr/local/share:/usr/share:/var/lib/snapd/desktop', 'PYTHONPATH': '/home/amrl_sunny/ros2_autonomous_vehicle_simulation/build/decision_making_pkg/prefix_override:/usr/lib/python3/dist-packages/colcon_core/task/python/colcon_distutils_commands:/home/amrl_sunny/ros2_autonomous_vehicle_simulation/install/decision_making_pkg/lib/python3.10/site-packages:/home/amrl_sunny/ros2_autonomous_vehicle_simulation/build/simulation_pkg:/home/amrl_sunny/ros2_autonomous_vehicle_simulation/install/simulation_pkg/lib/python3.10/site-packages:/home/amrl_sunny/ros2_autonomous_vehicle_simulation/build/debug_pkg:/home/amrl_sunny/ros2_autonomous_vehicle_simulation/install/debug_pkg/lib/python3.10/site-packages:/home/amrl_sunny/ros2_autonomous_vehicle_simulation/build/decision_making_pkg:/home/amrl_sunny/ros2_autonomous_vehicle_simulation/install/decision_making_pkg/lib/python3.10/site-packages:/home/amrl_sunny/ros2_autonomous_vehicle_simulation/build/camera_perception_pkg:/home/amrl_sunny/ros2_autonomous_vehicle_simulation/install/camera_perception_pkg/lib/python3.10/site-packages:/home/amrl_sunny/ros2_autonomous_vehicle_simulation/install/interfaces_pkg/local/lib/python3.10/dist-packages:/home/amrl_sunny/2025_jacapdi/build/simulation_pkg:/home/amrl_sunny/2025_jacapdi/install/simulation_pkg/lib/python3.10/site-packages:/home/amrl_sunny/2025_jacapdi/build/debug_pkg:/home/amrl_sunny/2025_jacapdi/install/debug_pkg/lib/python3.10/site-packages:/home/amrl_sunny/2025_jacapdi/build/decision_making_pkg:/home/amrl_sunny/2025_jacapdi/install/decision_making_pkg/lib/python3.10/site-packages:/home/amrl_sunny/2025_jacapdi/build/camera_perception_pkg:/home/amrl_sunny/2025_jacapdi/install/camera_perception_pkg/lib/python3.10/site-packages:/opt/ros/humble/lib/python3.10/site-packages:/opt/ros/humble/local/lib/python3.10/dist-packages', 'LC_NUMERIC': 'ko_KR.UTF-8', 'LC_PAPER': 'ko_KR.UTF-8', 'COLCON': '1', 'VTE_VERSION': '6800', 'CMAKE_PREFIX_PATH': '/home/amrl_sunny/ros2_autonomous_vehicle_simulation/install/interfaces_pkg'}, 'shell': False}
[0.800960] (-) TimerEvent: {}
[0.901143] (-) TimerEvent: {}
[0.919535] (camera_perception_pkg) StdoutLine: {'line': b'running develop\n'}
[0.923214] (lidar_perception_pkg) StdoutLine: {'line': b'running develop\n'}
[0.929977] (debug_pkg) StdoutLine: {'line': b'running develop\n'}
[0.939142] (decision_making_pkg) StdoutLine: {'line': b'running develop\n'}
[1.001265] (-) TimerEvent: {}
[1.012560] (camera_perception_pkg) StdoutLine: {'line': b'running egg_info\n'}
[1.012681] (camera_perception_pkg) StdoutLine: {'line': b'writing camera_perception_pkg.egg-info/PKG-INFO\n'}
[1.012803] (camera_perception_pkg) StdoutLine: {'line': b'writing dependency_links to camera_perception_pkg.egg-info/dependency_links.txt\n'}
[1.012878] (camera_perception_pkg) StdoutLine: {'line': b'writing entry points to camera_perception_pkg.egg-info/entry_points.txt\n'}
[1.012906] (camera_perception_pkg) StdoutLine: {'line': b'writing requirements to camera_perception_pkg.egg-info/requires.txt\n'}
[1.012930] (camera_perception_pkg) StdoutLine: {'line': b'writing top-level names to camera_perception_pkg.egg-info/top_level.txt\n'}
[1.013869] (camera_perception_pkg) StdoutLine: {'line': b"reading manifest file 'camera_perception_pkg.egg-info/SOURCES.txt'\n"}
[1.014226] (camera_perception_pkg) StdoutLine: {'line': b"writing manifest file 'camera_perception_pkg.egg-info/SOURCES.txt'\n"}
[1.014987] (camera_perception_pkg) StdoutLine: {'line': b'running build_ext\n'}
[1.015156] (camera_perception_pkg) StdoutLine: {'line': b'Creating /home/amrl_sunny/ros2_autonomous_vehicle_simulation/install/camera_perception_pkg/lib/python3.10/site-packages/camera-perception-pkg.egg-link (link to .)\n'}
[1.015436] (camera_perception_pkg) StdoutLine: {'line': b'Installing crosswalk_detector_node script to /home/amrl_sunny/ros2_autonomous_vehicle_simulation/install/camera_perception_pkg/lib/camera_perception_pkg\n'}
[1.015512] (camera_perception_pkg) StdoutLine: {'line': b'Installing image_publisher_node script to /home/amrl_sunny/ros2_autonomous_vehicle_simulation/install/camera_perception_pkg/lib/camera_perception_pkg\n'}
[1.015567] (camera_perception_pkg) StdoutLine: {'line': b'Installing lane_info_extractor_node script to /home/amrl_sunny/ros2_autonomous_vehicle_simulation/install/camera_perception_pkg/lib/camera_perception_pkg\n'}
[1.015598] (camera_perception_pkg) StdoutLine: {'line': b'Installing traffic_light_detector_node script to /home/amrl_sunny/ros2_autonomous_vehicle_simulation/install/camera_perception_pkg/lib/camera_perception_pkg\n'}
[1.015623] (camera_perception_pkg) StdoutLine: {'line': b'Installing yolov8_node script to /home/amrl_sunny/ros2_autonomous_vehicle_simulation/install/camera_perception_pkg/lib/camera_perception_pkg\n'}
[1.015671] (camera_perception_pkg) StdoutLine: {'line': b'\n'}
[1.015696] (camera_perception_pkg) StdoutLine: {'line': b'Installed /home/amrl_sunny/ros2_autonomous_vehicle_simulation/build/camera_perception_pkg\n'}
[1.015719] (camera_perception_pkg) StdoutLine: {'line': b'running symlink_data\n'}
[1.017439] (lidar_perception_pkg) StdoutLine: {'line': b'running egg_info\n'}
[1.017519] (lidar_perception_pkg) StdoutLine: {'line': b'writing lidar_perception_pkg.egg-info/PKG-INFO\n'}
[1.017632] (lidar_perception_pkg) StdoutLine: {'line': b'writing dependency_links to lidar_perception_pkg.egg-info/dependency_links.txt\n'}
[1.017714] (lidar_perception_pkg) StdoutLine: {'line': b'writing entry points to lidar_perception_pkg.egg-info/entry_points.txt\n'}
[1.017845] (lidar_perception_pkg) StdoutLine: {'line': b'writing requirements to lidar_perception_pkg.egg-info/requires.txt\n'}
[1.017900] (lidar_perception_pkg) StdoutLine: {'line': b'writing top-level names to lidar_perception_pkg.egg-info/top_level.txt\n'}
[1.018859] (lidar_perception_pkg) StdoutLine: {'line': b"reading manifest file 'lidar_perception_pkg.egg-info/SOURCES.txt'\n"}
[1.019191] (lidar_perception_pkg) StdoutLine: {'line': b"writing manifest file 'lidar_perception_pkg.egg-info/SOURCES.txt'\n"}
[1.019970] (lidar_perception_pkg) StdoutLine: {'line': b'running build_ext\n'}
[1.020120] (lidar_perception_pkg) StdoutLine: {'line': b'Creating /home/amrl_sunny/ros2_autonomous_vehicle_simulation/install/lidar_perception_pkg/lib/python3.10/site-packages/lidar-perception-pkg.egg-link (link to .)\n'}
[1.020438] (lidar_perception_pkg) StdoutLine: {'line': b'Installing lidar_obstacle_detector_node script to /home/amrl_sunny/ros2_autonomous_vehicle_simulation/install/lidar_perception_pkg/lib/lidar_perception_pkg\n'}
[1.020520] (lidar_perception_pkg) StdoutLine: {'line': b'Installing lidar_processor_node script to /home/amrl_sunny/ros2_autonomous_vehicle_simulation/install/lidar_perception_pkg/lib/lidar_perception_pkg\n'}
[1.020556] (lidar_perception_pkg) StdoutLine: {'line': b'Installing lidar_publisher_node script to /home/amrl_sunny/ros2_autonomous_vehicle_simulation/install/lidar_perception_pkg/lib/lidar_perception_pkg\n'}
[1.020597] (lidar_perception_pkg) StdoutLine: {'line': b'\n'}
[1.020625] (lidar_perception_pkg) StdoutLine: {'line': b'Installed /home/amrl_sunny/ros2_autonomous_vehicle_simulation/build/lidar_perception_pkg\n'}
[1.020662] (lidar_perception_pkg) StdoutLine: {'line': b'running symlink_data\n'}
[1.022334] (debug_pkg) StdoutLine: {'line': b'running egg_info\n'}
[1.022465] (debug_pkg) StdoutLine: {'line': b'writing debug_pkg.egg-info/PKG-INFO\n'}
[1.022649] (debug_pkg) StdoutLine: {'line': b'writing dependency_links to debug_pkg.egg-info/dependency_links.txt\n'}
[1.022745] (debug_pkg) StdoutLine: {'line': b'writing entry points to debug_pkg.egg-info/entry_points.txt\n'}
[1.022827] (debug_pkg) StdoutLine: {'line': b'writing requirements to debug_pkg.egg-info/requires.txt\n'}
[1.022913] (debug_pkg) StdoutLine: {'line': b'writing top-level names to debug_pkg.egg-info/top_level.txt\n'}
[1.024082] (debug_pkg) StdoutLine: {'line': b"reading manifest file 'debug_pkg.egg-info/SOURCES.txt'\n"}
[1.024425] (debug_pkg) StdoutLine: {'line': b"writing manifest file 'debug_pkg.egg-info/SOURCES.txt'\n"}
[1.025331] (debug_pkg) StdoutLine: {'line': b'running build_ext\n'}
[1.025441] (debug_pkg) StdoutLine: {'line': b'Creating /home/amrl_sunny/ros2_autonomous_vehicle_simulation/install/debug_pkg/lib/python3.10/site-packages/debug-pkg.egg-link (link to .)\n'}
[1.025837] (debug_pkg) StdoutLine: {'line': b'Installing image_saver_node script to /home/amrl_sunny/ros2_autonomous_vehicle_simulation/install/debug_pkg/lib/debug_pkg\n'}
[1.025925] (debug_pkg) StdoutLine: {'line': b'Installing path_visualizer_node script to /home/amrl_sunny/ros2_autonomous_vehicle_simulation/install/debug_pkg/lib/debug_pkg\n'}
[1.026003] (debug_pkg) StdoutLine: {'line': b'Installing yolov8_visualizer_node script to /home/amrl_sunny/ros2_autonomous_vehicle_simulation/install/debug_pkg/lib/debug_pkg\n'}
[1.026087] (debug_pkg) StdoutLine: {'line': b'\n'}
[1.026143] (debug_pkg) StdoutLine: {'line': b'Installed /home/amrl_sunny/ros2_autonomous_vehicle_simulation/build/debug_pkg\n'}
[1.026196] (debug_pkg) StdoutLine: {'line': b'running symlink_data\n'}
[1.033008] (decision_making_pkg) StdoutLine: {'line': b'running egg_info\n'}
[1.033172] (decision_making_pkg) StdoutLine: {'line': b'writing decision_making_pkg.egg-info/PKG-INFO\n'}
[1.033374] (decision_making_pkg) StdoutLine: {'line': b'writing dependency_links to decision_making_pkg.egg-info/dependency_links.txt\n'}
[1.033445] (decision_making_pkg) StdoutLine: {'line': b'writing entry points to decision_making_pkg.egg-info/entry_points.txt\n'}
[1.033535] (decision_making_pkg) StdoutLine: {'line': b'writing requirements to decision_making_pkg.egg-info/requires.txt\n'}
[1.033596] (decision_making_pkg) StdoutLine: {'line': b'writing top-level names to decision_making_pkg.egg-info/top_level.txt\n'}
[1.034829] (camera_perception_pkg) CommandEnded: {'returncode': 0}
[1.035443] (decision_making_pkg) StdoutLine: {'line': b"reading manifest file 'decision_making_pkg.egg-info/SOURCES.txt'\n"}
[1.035704] (decision_making_pkg) StdoutLine: {'line': b"writing manifest file 'decision_making_pkg.egg-info/SOURCES.txt'\n"}
[1.035954] (decision_making_pkg) StdoutLine: {'line': b'running build_ext\n'}
[1.036172] (decision_making_pkg) StdoutLine: {'line': b'Creating /home/amrl_sunny/ros2_autonomous_vehicle_simulation/install/decision_making_pkg/lib/python3.10/site-packages/decision-making-pkg.egg-link (link to .)\n'}
[1.036534] (decision_making_pkg) StdoutLine: {'line': b'Installing motion_planner_node script to /home/amrl_sunny/ros2_autonomous_vehicle_simulation/install/decision_making_pkg/lib/decision_making_pkg\n'}
[1.036668] (decision_making_pkg) StdoutLine: {'line': b'Installing path_planner_node script to /home/amrl_sunny/ros2_autonomous_vehicle_simulation/install/decision_making_pkg/lib/decision_making_pkg\n'}
[1.036732] (decision_making_pkg) StdoutLine: {'line': b'\n'}
[1.036786] (decision_making_pkg) StdoutLine: {'line': b'Installed /home/amrl_sunny/ros2_autonomous_vehicle_simulation/build/decision_making_pkg\n'}
[1.036838] (decision_making_pkg) StdoutLine: {'line': b'running symlink_data\n'}
[1.042150] (camera_perception_pkg) JobEnded: {'identifier': 'camera_perception_pkg', 'rc': 0}
[1.045006] (lidar_perception_pkg) CommandEnded: {'returncode': 0}
[1.048849] (lidar_perception_pkg) JobEnded: {'identifier': 'lidar_perception_pkg', 'rc': 0}
[1.049483] (debug_pkg) CommandEnded: {'returncode': 0}
[1.052555] (debug_pkg) JobEnded: {'identifier': 'debug_pkg', 'rc': 0}
[1.055394] (decision_making_pkg) CommandEnded: {'returncode': 0}
[1.058665] (decision_making_pkg) JobEnded: {'identifier': 'decision_making_pkg', 'rc': 0}
[1.059153] (simulation_pkg) JobStarted: {'identifier': 'simulation_pkg'}
[1.101340] (-) TimerEvent: {}
[1.201510] (-) TimerEvent: {}
[1.301741] (-) TimerEvent: {}
[1.401942] (-) TimerEvent: {}
[1.404173] (simulation_pkg) Command: {'cmd': ['/usr/bin/python3', '-W', 'ignore:setup.py install is deprecated', '-W', 'ignore:easy_install command is deprecated', 'setup.py', 'develop', '--editable', '--build-directory', '/home/amrl_sunny/ros2_autonomous_vehicle_simulation/build/simulation_pkg/build', '--no-deps', 'symlink_data'], 'cwd': '/home/amrl_sunny/ros2_autonomous_vehicle_simulation/build/simulation_pkg', 'env': {'LESSOPEN': '| /usr/bin/lesspipe %s', 'LANGUAGE': 'ko:en', 'USER': 'amrl_sunny', 'LC_TIME': 'ko_KR.UTF-8', 'XDG_SESSION_TYPE': 'x11', 'SHLVL': '1', 'LD_LIBRARY_PATH': '/home/amrl_sunny/ros2_autonomous_vehicle_simulation/install/interfaces_pkg/lib:/opt/ros/humble/opt/rviz_ogre_vendor/lib:/usr/lib/x86_64-linux-gnu/gazebo-11/plugins:/opt/ros/humble/lib/x86_64-linux-gnu:/opt/ros/humble/lib', 'HOME': '/home/amrl_sunny', 'OLDPWD': '/home/amrl_sunny/ros2_autonomous_vehicle_simulation', 'DESKTOP_SESSION': 'ubuntu', 'ROS_PYTHON_VERSION': '3', 'GNOME_SHELL_SESSION_MODE': 'ubuntu', 'GTK_MODULES': 'gail:atk-bridge', 'XDG_SEAT_PATH': '/org/freedesktop/DisplayManager/Seat0', 'LC_MONETARY': 'ko_KR.UTF-8', 'SYSTEMD_EXEC_PID': '1883', 'DBUS_SESSION_BUS_ADDRESS': 'unix:path=/run/user/1000/bus', 'COLORTERM': 'truecolor', 'COLCON_PREFIX_PATH': '/home/amrl_sunny/ros2_autonomous_vehicle_simulation/install:/home/amrl_sunny/2025_jacapdi/install', 'ROS_DISTRO': 'humble', 'GTK_IM_MODULE': 'ibus', 'LOGNAME': 'amrl_sunny', '_': '/usr/bin/colcon', 'ROS_VERSION': '2', 'XDG_SESSION_CLASS': 'user', 'TERM': 'xterm-256color', 'GNOME_DESKTOP_SESSION_ID': 'this-is-deprecated', 'ROS_LOCALHOST_ONLY': '0', 'PATH': '/opt/ros/humble/bin:/home/amrl_sunny/.local/bin:/usr/local/sbin:/usr/local/bin:/usr/sbin:/usr/bin:/sbin:/bin:/usr/games:/usr/local/games:/snap/bin', 'SESSION_MANAGER': 'local/amrl-desktop:@/tmp/.ICE-unix/1667,unix/amrl-desktop:/tmp/.ICE-unix/1667', 'GDM_LANG': 'ko', 'PAPERSIZE': 'a4', 'XDG_SESSION_PATH': '/org/freedesktop/DisplayManager/Session0', 'XDG_MENU_PREFIX': 'gnome-', 'LC_ADDRESS': 'ko_KR.UTF-8', 'GNOME_TERMINAL_SCREEN': '/org/gnome/Terminal/screen/749011a1_a9ba_417b_92ef_a087b4eec115', 'XDG_RUNTIME_DIR': '/run/user/1000', 'DISPLAY': ':0', 'LANG': 'ko_KR.UTF-8', 'XDG_CURRENT_DESKTOP': 'ubuntu:GNOME', 'LC_TELEPHONE': 'ko_KR.UTF-8', 'XMODIFIERS': '@im=ibus', 'XDG_SESSION_DESKTOP': 'ubuntu', 'XAUTHORITY': '/home/amrl_sunny/.Xauthority', 'LS_COLORS': 'rs=0:di=01;34:ln=01;36:mh=00:pi=40;33:so=01;35:do=01;35:bd=40;33;01:cd=40;33;01:or=40;31;01:mi=00:su=37;41:sg=30;43:ca=30;41:tw=30;42:ow=34;42:st=37;44:ex=01;32:*.tar=01;31:*.tgz=01;31:*.arc=01;31:*.arj=01;31:*.taz=01;31:*.lha=01;31:*.lz4=01;31:*.lzh=01;31:*.lzma=01;31:*.tlz=01;31:*.txz=01;31:*.tzo=01;31:*.t7z=01;31:*.zip=01;31:*.z=01;31:*.dz=01;31:*.gz=01;31:*.lrz=01;31:*.lz=01;31:*.lzo=01;31:*.xz=01;31:*.zst=01;31:*.tzst=01;31:*.bz2=01;31:*.bz=01;31:*.tbz=01;31:*.tbz2=01;31:*.tz=01;31:*.deb=01;31:*.rpm=01;31:*.jar=01;31:*.war=01;31:*.ear=01;31:*.sar=01;31:*.rar=01;31:*.alz=01;31:*.ace=01;31:*.zoo=01;31:*.cpio=01;31:*.7z=01;31:*.rz=01;31:*.cab=01;31:*.wim=01;31:*.swm=01;31:*.dwm=01;31:*.esd=01;31:*.jpg=01;35:*.jpeg=01;35:*.mjpg=01;35:*.mjpeg=01;35:*.gif=01;35:*.bmp=01;35:*.pbm=01;35:*.pgm=01;35:*.ppm=01;35:*.tga=01;35:*.xbm=01;35:*.xpm=01;35:*.tif=01;35:*.tiff=01;35:*.png=01;35:*.svg=01;35:*.svgz=01;35:*.mng=01;35:*.pcx=01;35:*.mov=01;35:*.mpg=01;35:*.mpeg=01;35:*.m2v=01;35:*.mkv=01;35:*.webm=01;35:*.webp=01;35:*.ogm=01;35:*.mp4=01;35:*.m4v=01;35:*.mp4v=01;35:*.vob=01;35:*.qt=01;35:*.nuv=01;35:*.wmv=01;35:*.asf=01;35:*.rm=01;35:*.rmvb=01;35:*.flc=01;35:*.avi=01;35:*.fli=01;35:*.flv=01;35:*.gl=01;35:*.dl=01;35:*.xcf=01;35:*.xwd=01;35:*.yuv=01;35:*.cgm=01;35:*.emf=01;35:*.ogv=01;35:*.ogx=01;35:*.aac=00;36:*.au=00;36:*.flac=00;36:*.m4a=00;36:*.mid=00;36:*.midi=00;36:*.mka=00;36:*.mp3=00;36:*.mpc=00;36:*.ogg=00;36:*.ra=00;36:*.wav=00;36:*.oga=00;36:*.opus=00;36:*.spx=00;36:*.xspf=00;36:', 'GNOME_TERMINAL_SERVICE': ':1.30987', 'SSH_AGENT_LAUNCHER': 'gnome-keyring', 'SSH_AUTH_SOCK': '/run/user/1000/keyring/ssh', 'ROS_DOMAIN_ID': '0', 'XDG_GREETER_DATA_DIR': '/var/lib/lightdm-data/amrl_sunny', 'AMENT_PREFIX_PATH': '/home/amrl_sunny/ros2_autonomous_vehicle_simulation/install/decision_making_pkg:/home/amrl_sunny/ros2_autonomous_vehicle_simulation/install/debug_pkg:/home/amrl_sunny/ros2_autonomous_vehicle_simulation/install/camera_perception_pkg:/home/amrl_sunny/ros2_autonomous_vehicle_simulation/install/simulation_pkg:/home/amrl_sunny/ros2_autonomous_vehicle_simulation/install/interfaces_pkg:/home/amrl_sunny/2025_jacapdi/install/simulation_pkg:/home/amrl_sunny/2025_jacapdi/install/debug_pkg:/home/amrl_sunny/2025_jacapdi/install/decision_making_pkg:/home/amrl_sunny/2025_jacapdi/install/camera_perception_pkg:/opt/ros/humble', 'SHELL': '/bin/bash', 'LC_NAME': 'ko_KR.UTF-8', 'QT_ACCESSIBILITY': '1', 'GDMSESSION': 'ubuntu', 'LESSCLOSE': '/usr/bin/lesspipe %s %s', 'LC_MEASUREMENT': 'ko_KR.UTF-8', 'GPG_AGENT_INFO': '/run/user/1000/gnupg/S.gpg-agent:0:1', 'LC_IDENTIFICATION': 'ko_KR.UTF-8', 'QT_IM_MODULE': 'ibus', 'PWD': '/home/amrl_sunny/ros2_autonomous_vehicle_simulation/build/simulation_pkg', 'XDG_CONFIG_DIRS': '/etc/xdg/xdg-ubuntu:/etc/xdg', 'XDG_DATA_DIRS': '/usr/share/ubuntu:/usr/share/gnome:/usr/local/share:/usr/share:/var/lib/snapd/desktop', 'PYTHONPATH': '/home/amrl_sunny/ros2_autonomous_vehicle_simulation/build/simulation_pkg/prefix_override:/usr/lib/python3/dist-packages/colcon_core/task/python/colcon_distutils_commands:/home/amrl_sunny/ros2_autonomous_vehicle_simulation/install/simulation_pkg/lib/python3.10/site-packages:/home/amrl_sunny/ros2_autonomous_vehicle_simulation/build/decision_making_pkg:/home/amrl_sunny/ros2_autonomous_vehicle_simulation/install/decision_making_pkg/lib/python3.10/site-packages:/home/amrl_sunny/ros2_autonomous_vehicle_simulation/build/debug_pkg:/home/amrl_sunny/ros2_autonomous_vehicle_simulation/install/debug_pkg/lib/python3.10/site-packages:/home/amrl_sunny/ros2_autonomous_vehicle_simulation/build/camera_perception_pkg:/home/amrl_sunny/ros2_autonomous_vehicle_simulation/install/camera_perception_pkg/lib/python3.10/site-packages:/home/amrl_sunny/ros2_autonomous_vehicle_simulation/build/simulation_pkg:/home/amrl_sunny/ros2_autonomous_vehicle_simulation/install/simulation_pkg/lib/python3.10/site-packages:/home/amrl_sunny/ros2_autonomous_vehicle_simulation/install/interfaces_pkg/local/lib/python3.10/dist-packages:/home/amrl_sunny/2025_jacapdi/build/simulation_pkg:/home/amrl_sunny/2025_jacapdi/install/simulation_pkg/lib/python3.10/site-packages:/home/amrl_sunny/2025_jacapdi/build/debug_pkg:/home/amrl_sunny/2025_jacapdi/install/debug_pkg/lib/python3.10/site-packages:/home/amrl_sunny/2025_jacapdi/build/decision_making_pkg:/home/amrl_sunny/2025_jacapdi/install/decision_making_pkg/lib/python3.10/site-packages:/home/amrl_sunny/2025_jacapdi/build/camera_perception_pkg:/home/amrl_sunny/2025_jacapdi/install/camera_perception_pkg/lib/python3.10/site-packages:/opt/ros/humble/lib/python3.10/site-packages:/opt/ros/humble/local/lib/python3.10/dist-packages', 'LC_NUMERIC': 'ko_KR.UTF-8', 'LC_PAPER': 'ko_KR.UTF-8', 'COLCON': '1', 'VTE_VERSION': '6800', 'CMAKE_PREFIX_PATH': '/home/amrl_sunny/ros2_autonomous_vehicle_simulation/install/interfaces_pkg'}, 'shell': False}
[1.502059] (-) TimerEvent: {}
[1.542725] (simulation_pkg) StdoutLine: {'line': b'running develop\n'}
[1.602172] (-) TimerEvent: {}
[1.633565] (simulation_pkg) StdoutLine: {'line': b'running egg_info\n'}
[1.633767] (simulation_pkg) StdoutLine: {'line': b'writing simulation_pkg.egg-info/PKG-INFO\n'}
[1.633902] (simulation_pkg) StdoutLine: {'line': b'writing dependency_links to simulation_pkg.egg-info/dependency_links.txt\n'}
[1.633959] (simulation_pkg) StdoutLine: {'line': b'writing entry points to simulation_pkg.egg-info/entry_points.txt\n'}
[1.633986] (simulation_pkg) StdoutLine: {'line': b'writing requirements to simulation_pkg.egg-info/requires.txt\n'}
[1.634009] (simulation_pkg) StdoutLine: {'line': b'writing top-level names to simulation_pkg.egg-info/top_level.txt\n'}
[1.634824] (simulation_pkg) StdoutLine: {'line': b"reading manifest file 'simulation_pkg.egg-info/SOURCES.txt'\n"}
[1.635212] (simulation_pkg) StdoutLine: {'line': b"writing manifest file 'simulation_pkg.egg-info/SOURCES.txt'\n"}
[1.635901] (simulation_pkg) StdoutLine: {'line': b'running build_ext\n'}
[1.636066] (simulation_pkg) StdoutLine: {'line': b'Creating /home/amrl_sunny/ros2_autonomous_vehicle_simulation/install/simulation_pkg/lib/python3.10/site-packages/simulation-pkg.egg-link (link to .)\n'}
[1.636311] (simulation_pkg) StdoutLine: {'line': b'Installing data_collection_node script to /home/amrl_sunny/ros2_autonomous_vehicle_simulation/install/simulation_pkg/lib/simulation_pkg\n'}
[1.636390] (simulation_pkg) StdoutLine: {'line': b'Installing draw_trajectory_node script to /home/amrl_sunny/ros2_autonomous_vehicle_simulation/install/simulation_pkg/lib/simulation_pkg\n'}
[1.636502] (simulation_pkg) StdoutLine: {'line': b'Installing load_ego_car_node script to /home/amrl_sunny/ros2_autonomous_vehicle_simulation/install/simulation_pkg/lib/simulation_pkg\n'}
[1.636569] (simulation_pkg) StdoutLine: {'line': b'Installing load_obstable_car_node script to /home/amrl_sunny/ros2_autonomous_vehicle_simulation/install/simulation_pkg/lib/simulation_pkg\n'}
[1.636606] (simulation_pkg) StdoutLine: {'line': b'Installing load_parking_car_node script to /home/amrl_sunny/ros2_autonomous_vehicle_simulation/install/simulation_pkg/lib/simulation_pkg\n'}
[1.636659] (simulation_pkg) StdoutLine: {'line': b'Installing load_traffic_light_node script to /home/amrl_sunny/ros2_autonomous_vehicle_simulation/install/simulation_pkg/lib/simulation_pkg\n'}
[1.636692] (simulation_pkg) StdoutLine: {'line': b'Installing sim_debug_node script to /home/amrl_sunny/ros2_autonomous_vehicle_simulation/install/simulation_pkg/lib/simulation_pkg\n'}
[1.636724] (simulation_pkg) StdoutLine: {'line': b'Installing sim_lane_info_extractor_node script to /home/amrl_sunny/ros2_autonomous_vehicle_simulation/install/simulation_pkg/lib/simulation_pkg\n'}
[1.636749] (simulation_pkg) StdoutLine: {'line': b'Installing sim_lidar_obstacle_detector_node script to /home/amrl_sunny/ros2_autonomous_vehicle_simulation/install/simulation_pkg/lib/simulation_pkg\n'}
[1.636772] (simulation_pkg) StdoutLine: {'line': b'Installing sim_lidar_processor_node script to /home/amrl_sunny/ros2_autonomous_vehicle_simulation/install/simulation_pkg/lib/simulation_pkg\n'}
[1.636795] (simulation_pkg) StdoutLine: {'line': b'Installing sim_motion_planner_node script to /home/amrl_sunny/ros2_autonomous_vehicle_simulation/install/simulation_pkg/lib/simulation_pkg\n'}
[1.636816] (simulation_pkg) StdoutLine: {'line': b'Installing sim_simulation_sender_node script to /home/amrl_sunny/ros2_autonomous_vehicle_simulation/install/simulation_pkg/lib/simulation_pkg\n'}
[1.636837] (simulation_pkg) StdoutLine: {'line': b'Installing sim_traffic_light_detector_node script to /home/amrl_sunny/ros2_autonomous_vehicle_simulation/install/simulation_pkg/lib/simulation_pkg\n'}
[1.636859] (simulation_pkg) StdoutLine: {'line': b'Installing sim_yolov8_node script to /home/amrl_sunny/ros2_autonomous_vehicle_simulation/install/simulation_pkg/lib/simulation_pkg\n'}
[1.636880] (simulation_pkg) StdoutLine: {'line': b'Installing sonar_processor_node script to /home/amrl_sunny/ros2_autonomous_vehicle_simulation/install/simulation_pkg/lib/simulation_pkg\n'}
[1.636931] (simulation_pkg) StdoutLine: {'line': b'Installing timer_based_obstacle_mover script to /home/amrl_sunny/ros2_autonomous_vehicle_simulation/install/simulation_pkg/lib/simulation_pkg\n'}
[1.636953] (simulation_pkg) StdoutLine: {'line': b'Installing video_recording_node script to /home/amrl_sunny/ros2_autonomous_vehicle_simulation/install/simulation_pkg/lib/simulation_pkg\n'}
[1.636974] (simulation_pkg) StdoutLine: {'line': b'\n'}
[1.636994] (simulation_pkg) StdoutLine: {'line': b'Installed /home/amrl_sunny/ros2_autonomous_vehicle_simulation/build/simulation_pkg\n'}
[1.637015] (simulation_pkg) StdoutLine: {'line': b'running symlink_data\n'}
[1.651052] (simulation_pkg) CommandEnded: {'returncode': 0}
[1.654637] (simulation_pkg) JobEnded: {'identifier': 'simulation_pkg', 'rc': 0}
[1.654954] (-) EventReactorShutdown: {}
