[0.431s] Invoking command in '/home/amrl_sunny/ros2_autonomous_vehicle_simulation/build/interfaces_pkg': CMAKE_PREFIX_PATH=${CMAKE_PREFIX_PATH}:/home/amrl_sunny/ros2_autonomous_vehicle_simulation/install/simulation_pkg:/home/amrl_sunny/ros2_autonomous_vehicle_simulation/install/debug_pkg:/home/amrl_sunny/ros2_autonomous_vehicle_simulation/install/decision_making_pkg:/home/amrl_sunny/ros2_autonomous_vehicle_simulation/install/camera_perception_pkg:/home/amrl_sunny/2025_jacapdi/install/simulation_pkg:/home/amrl_sunny/2025_jacapdi/install/debug_pkg:/home/amrl_sunny/2025_jacapdi/install/decision_making_pkg:/home/amrl_sunny/2025_jacapdi/install/camera_perception_pkg:/opt/ros/humble /usr/bin/cmake --build /home/amrl_sunny/ros2_autonomous_vehicle_simulation/build/interfaces_pkg -- -j20 -l20
[0.447s] -- Found ament_cmake: 1.3.11 (/opt/ros/humble/share/ament_cmake/cmake)
[0.520s] -- Override CMake install command with custom implementation using symlinks instead of copying resources
[0.523s] -- Found rosidl_default_generators: 1.2.0 (/opt/ros/humble/share/rosidl_default_generators/cmake)
[0.524s] -- Using all available rosidl_typesupport_c: rosidl_typesupport_fastrtps_c;rosidl_typesupport_introspection_c
[0.526s] -- Found rosidl_adapter: 3.1.6 (/opt/ros/humble/share/rosidl_adapter/cmake)
[0.540s] -- Using all available rosidl_typesupport_cpp: rosidl_typesupport_fastrtps_cpp;rosidl_typesupport_introspection_cpp
[0.551s] -- Found std_msgs: 4.8.0 (/opt/ros/humble/share/std_msgs/cmake)
[0.562s] -- Found geometry_msgs: 4.8.0 (/opt/ros/humble/share/geometry_msgs/cmake)
[0.778s] -- Found ament_cmake_ros: 0.10.0 (/opt/ros/humble/share/ament_cmake_ros/cmake)
[0.928s] -- Using all available rosidl_typesupport_c: rosidl_typesupport_fastrtps_c;rosidl_typesupport_introspection_c
[1.127s] -- Using all available rosidl_typesupport_cpp: rosidl_typesupport_fastrtps_cpp;rosidl_typesupport_introspection_cpp
[1.145s] -- Found python_cmake_module: 0.10.0 (/opt/ros/humble/share/python_cmake_module/cmake)
[1.164s] -- Using PYTHON_EXECUTABLE: /usr/bin/python3
[1.164s] -- Using PYTHON_INCLUDE_DIRS: /usr/include/python3.10
[1.164s] -- Using PYTHON_LIBRARIES: /usr/lib/x86_64-linux-gnu/libpython3.10.so
[1.194s] -- Configuring done
[1.221s] -- Generating done
[1.227s] -- Build files have been written to: /home/amrl_sunny/ros2_autonomous_vehicle_simulation/build/interfaces_pkg
[1.244s] [  0%] [34m[1mGenerating C code for ROS interfaces[0m
[1.252s] [  0%] [34m[1mGenerating C++ code for ROS interfaces[0m
[1.256s] [  0%] Built target ament_cmake_python_symlink_interfaces_pkg
[1.389s] running egg_info
[1.390s] writing interfaces_pkg.egg-info/PKG-INFO
[1.390s] writing dependency_links to interfaces_pkg.egg-info/dependency_links.txt
[1.390s] writing top-level names to interfaces_pkg.egg-info/top_level.txt
[1.391s] reading manifest file 'interfaces_pkg.egg-info/SOURCES.txt'
[1.391s] writing manifest file 'interfaces_pkg.egg-info/SOURCES.txt'
[1.404s] [  0%] Built target ament_cmake_python_build_interfaces_pkg_egg
[1.802s] [  0%] Built target interfaces_pkg__cpp
[1.811s] [  1%] [34m[1mGenerating C++ type support dispatch for ROS interfaces[0m
[1.811s] [  1%] [34m[1mGenerating C++ introspection for ROS interfaces[0m
[1.812s] [  2%] [34m[1mGenerating C++ type support for eProsima Fast-RTPS[0m
[1.841s] [35m[1mConsolidate compiler generated dependencies of target interfaces_pkg__rosidl_generator_c[0m
[1.855s] [  5%] [32mBuilding C object CMakeFiles/interfaces_pkg__rosidl_generator_c.dir/rosidl_generator_c/interfaces_pkg/msg/detail/point2_d__functions.c.o[0m
[1.855s] [  5%] [32mBuilding C object CMakeFiles/interfaces_pkg__rosidl_generator_c.dir/rosidl_generator_c/interfaces_pkg/msg/detail/mask__functions.c.o[0m
[1.855s] [  5%] [32mBuilding C object CMakeFiles/interfaces_pkg__rosidl_generator_c.dir/rosidl_generator_c/interfaces_pkg/msg/detail/key_point2_d_array__functions.c.o[0m
[1.855s] [  5%] [32mBuilding C object CMakeFiles/interfaces_pkg__rosidl_generator_c.dir/rosidl_generator_c/interfaces_pkg/msg/detail/pose2_d__functions.c.o[0m
[1.855s] [  5%] [32mBuilding C object CMakeFiles/interfaces_pkg__rosidl_generator_c.dir/rosidl_generator_c/interfaces_pkg/msg/detail/vector2__functions.c.o[0m
[1.855s] [  7%] [32mBuilding C object CMakeFiles/interfaces_pkg__rosidl_generator_c.dir/rosidl_generator_c/interfaces_pkg/msg/detail/bounding_box3_d__functions.c.o[0m
[1.855s] [  7%] [32mBuilding C object CMakeFiles/interfaces_pkg__rosidl_generator_c.dir/rosidl_generator_c/interfaces_pkg/msg/detail/bounding_box2_d__functions.c.o[0m
[1.855s] [  8%] [32mBuilding C object CMakeFiles/interfaces_pkg__rosidl_generator_c.dir/rosidl_generator_c/interfaces_pkg/msg/detail/detection__functions.c.o[0m
[1.855s] [  9%] [32mBuilding C object CMakeFiles/interfaces_pkg__rosidl_generator_c.dir/rosidl_generator_c/interfaces_pkg/msg/detail/key_point3_d_array__functions.c.o[0m
[1.855s] [  9%] [32mBuilding C object CMakeFiles/interfaces_pkg__rosidl_generator_c.dir/rosidl_generator_c/interfaces_pkg/msg/detail/detection_array__functions.c.o[0m
[1.855s] [ 10%] [32mBuilding C object CMakeFiles/interfaces_pkg__rosidl_generator_c.dir/rosidl_generator_c/interfaces_pkg/msg/detail/key_point2_d__functions.c.o[0m
[1.855s] [ 11%] [32mBuilding C object CMakeFiles/interfaces_pkg__rosidl_generator_c.dir/rosidl_generator_c/interfaces_pkg/msg/detail/motion_command__functions.c.o[0m
[1.855s] [ 12%] [32mBuilding C object CMakeFiles/interfaces_pkg__rosidl_generator_c.dir/rosidl_generator_c/interfaces_pkg/msg/detail/lane_info__functions.c.o[0m
[1.855s] [ 12%] [32mBuilding C object CMakeFiles/interfaces_pkg__rosidl_generator_c.dir/rosidl_generator_c/interfaces_pkg/msg/detail/key_point3_d__functions.c.o[0m
[1.856s] [ 13%] [32mBuilding C object CMakeFiles/interfaces_pkg__rosidl_generator_c.dir/rosidl_generator_c/interfaces_pkg/msg/detail/path_planning_result__functions.c.o[0m
[1.856s] [ 13%] [32mBuilding C object CMakeFiles/interfaces_pkg__rosidl_generator_c.dir/rosidl_generator_c/interfaces_pkg/msg/detail/target_point__functions.c.o[0m
[1.900s] [ 14%] [32m[1mLinking C shared library libinterfaces_pkg__rosidl_generator_c.so[0m
[1.927s] [ 14%] Built target interfaces_pkg__rosidl_generator_c
[1.934s] [ 15%] [34m[1mGenerating C type support for eProsima Fast-RTPS[0m
[1.935s] [ 17%] [34m[1mGenerating C type support dispatch for ROS interfaces[0m
[1.935s] [ 17%] [34m[1mGenerating C introspection for ROS interfaces[0m
[2.229s] [35m[1mConsolidate compiler generated dependencies of target interfaces_pkg__rosidl_typesupport_cpp[0m
[2.248s] [ 19%] [32mBuilding CXX object CMakeFiles/interfaces_pkg__rosidl_typesupport_cpp.dir/rosidl_typesupport_cpp/interfaces_pkg/msg/mask__type_support.cpp.o[0m
[2.248s] [ 19%] [32mBuilding CXX object CMakeFiles/interfaces_pkg__rosidl_typesupport_cpp.dir/rosidl_typesupport_cpp/interfaces_pkg/msg/point2_d__type_support.cpp.o[0m
[2.248s] [ 19%] [32mBuilding CXX object CMakeFiles/interfaces_pkg__rosidl_typesupport_cpp.dir/rosidl_typesupport_cpp/interfaces_pkg/msg/bounding_box3_d__type_support.cpp.o[0m
[2.248s] [ 19%] [32mBuilding CXX object CMakeFiles/interfaces_pkg__rosidl_typesupport_cpp.dir/rosidl_typesupport_cpp/interfaces_pkg/msg/vector2__type_support.cpp.o[0m
[2.248s] [ 20%] [32mBuilding CXX object CMakeFiles/interfaces_pkg__rosidl_typesupport_cpp.dir/rosidl_typesupport_cpp/interfaces_pkg/msg/key_point2_d__type_support.cpp.o[0m
[2.248s] [ 20%] [32mBuilding CXX object CMakeFiles/interfaces_pkg__rosidl_typesupport_cpp.dir/rosidl_typesupport_cpp/interfaces_pkg/msg/detection__type_support.cpp.o[0m
[2.248s] [ 21%] [32mBuilding CXX object CMakeFiles/interfaces_pkg__rosidl_typesupport_cpp.dir/rosidl_typesupport_cpp/interfaces_pkg/msg/key_point3_d_array__type_support.cpp.o[0m
[2.248s] [ 21%] [32mBuilding CXX object CMakeFiles/interfaces_pkg__rosidl_typesupport_cpp.dir/rosidl_typesupport_cpp/interfaces_pkg/msg/key_point2_d_array__type_support.cpp.o[0m
[2.248s] [ 22%] [32mBuilding CXX object CMakeFiles/interfaces_pkg__rosidl_typesupport_cpp.dir/rosidl_typesupport_cpp/interfaces_pkg/msg/pose2_d__type_support.cpp.o[0m
[2.248s] [ 23%] [32mBuilding CXX object CMakeFiles/interfaces_pkg__rosidl_typesupport_cpp.dir/rosidl_typesupport_cpp/interfaces_pkg/msg/key_point3_d__type_support.cpp.o[0m
[2.248s] [ 24%] [32mBuilding CXX object CMakeFiles/interfaces_pkg__rosidl_typesupport_cpp.dir/rosidl_typesupport_cpp/interfaces_pkg/msg/bounding_box2_d__type_support.cpp.o[0m
[2.248s] [ 25%] [32mBuilding CXX object CMakeFiles/interfaces_pkg__rosidl_typesupport_cpp.dir/rosidl_typesupport_cpp/interfaces_pkg/msg/detection_array__type_support.cpp.o[0m
[2.253s] [ 26%] [32mBuilding CXX object CMakeFiles/interfaces_pkg__rosidl_typesupport_cpp.dir/rosidl_typesupport_cpp/interfaces_pkg/msg/lane_info__type_support.cpp.o[0m
[2.264s] [ 26%] [32mBuilding CXX object CMakeFiles/interfaces_pkg__rosidl_typesupport_cpp.dir/rosidl_typesupport_cpp/interfaces_pkg/msg/motion_command__type_support.cpp.o[0m
[2.290s] [ 27%] [32mBuilding CXX object CMakeFiles/interfaces_pkg__rosidl_typesupport_cpp.dir/rosidl_typesupport_cpp/interfaces_pkg/msg/target_point__type_support.cpp.o[0m
[2.484s] [ 28%] [32mBuilding CXX object CMakeFiles/interfaces_pkg__rosidl_typesupport_cpp.dir/rosidl_typesupport_cpp/interfaces_pkg/msg/path_planning_result__type_support.cpp.o[0m
[2.542s] [35m[1mConsolidate compiler generated dependencies of target interfaces_pkg__rosidl_typesupport_c[0m
[2.558s] [ 29%] [32mBuilding CXX object CMakeFiles/interfaces_pkg__rosidl_typesupport_c.dir/rosidl_typesupport_c/interfaces_pkg/msg/key_point2_d__type_support.cpp.o[0m
[2.559s] [ 29%] [32mBuilding CXX object CMakeFiles/interfaces_pkg__rosidl_typesupport_c.dir/rosidl_typesupport_c/interfaces_pkg/msg/pose2_d__type_support.cpp.o[0m
[2.559s] [ 29%] [32mBuilding CXX object CMakeFiles/interfaces_pkg__rosidl_typesupport_c.dir/rosidl_typesupport_c/interfaces_pkg/msg/bounding_box2_d__type_support.cpp.o[0m
[2.559s] [ 29%] [32mBuilding CXX object CMakeFiles/interfaces_pkg__rosidl_typesupport_c.dir/rosidl_typesupport_c/interfaces_pkg/msg/point2_d__type_support.cpp.o[0m
[2.563s] [35m[1mConsolidate compiler generated dependencies of target interfaces_pkg__rosidl_typesupport_introspection_cpp[0m
[2.563s] [ 30%] [32mBuilding CXX object CMakeFiles/interfaces_pkg__rosidl_typesupport_c.dir/rosidl_typesupport_c/interfaces_pkg/msg/key_point2_d_array__type_support.cpp.o[0m
[2.565s] [ 32%] [32mBuilding CXX object CMakeFiles/interfaces_pkg__rosidl_typesupport_c.dir/rosidl_typesupport_c/interfaces_pkg/msg/mask__type_support.cpp.o[0m
[2.565s] [ 32%] [32mBuilding CXX object CMakeFiles/interfaces_pkg__rosidl_typesupport_c.dir/rosidl_typesupport_c/interfaces_pkg/msg/vector2__type_support.cpp.o[0m
[2.571s] [ 33%] [32mBuilding CXX object CMakeFiles/interfaces_pkg__rosidl_typesupport_c.dir/rosidl_typesupport_c/interfaces_pkg/msg/bounding_box3_d__type_support.cpp.o[0m
[2.590s] [ 35%] [32mBuilding CXX object CMakeFiles/interfaces_pkg__rosidl_typesupport_introspection_cpp.dir/rosidl_typesupport_introspection_cpp/interfaces_pkg/msg/detail/point2_d__type_support.cpp.o[0m
[2.590s] [ 35%] [32mBuilding CXX object CMakeFiles/interfaces_pkg__rosidl_typesupport_c.dir/rosidl_typesupport_c/interfaces_pkg/msg/key_point3_d__type_support.cpp.o[0m
[2.597s] [ 35%] [32mBuilding CXX object CMakeFiles/interfaces_pkg__rosidl_typesupport_c.dir/rosidl_typesupport_c/interfaces_pkg/msg/key_point3_d_array__type_support.cpp.o[0m
[2.597s] [ 36%] [32mBuilding CXX object CMakeFiles/interfaces_pkg__rosidl_typesupport_introspection_cpp.dir/rosidl_typesupport_introspection_cpp/interfaces_pkg/msg/detail/vector2__type_support.cpp.o[0m
[2.599s] [ 37%] [32mBuilding CXX object CMakeFiles/interfaces_pkg__rosidl_typesupport_c.dir/rosidl_typesupport_c/interfaces_pkg/msg/detection__type_support.cpp.o[0m
[2.603s] [ 39%] [32mBuilding CXX object CMakeFiles/interfaces_pkg__rosidl_typesupport_c.dir/rosidl_typesupport_c/interfaces_pkg/msg/detection_array__type_support.cpp.o[0m
[2.604s] [ 39%] [32mBuilding CXX object CMakeFiles/interfaces_pkg__rosidl_typesupport_introspection_cpp.dir/rosidl_typesupport_introspection_cpp/interfaces_pkg/msg/detail/bounding_box2_d__type_support.cpp.o[0m
[2.607s] [ 39%] [32mBuilding CXX object CMakeFiles/interfaces_pkg__rosidl_typesupport_introspection_cpp.dir/rosidl_typesupport_introspection_cpp/interfaces_pkg/msg/detail/pose2_d__type_support.cpp.o[0m
[2.607s] [ 39%] [32mBuilding CXX object CMakeFiles/interfaces_pkg__rosidl_typesupport_introspection_cpp.dir/rosidl_typesupport_introspection_cpp/interfaces_pkg/msg/detail/mask__type_support.cpp.o[0m
[2.617s] [ 40%] [32mBuilding CXX object CMakeFiles/interfaces_pkg__rosidl_typesupport_introspection_cpp.dir/rosidl_typesupport_introspection_cpp/interfaces_pkg/msg/detail/bounding_box3_d__type_support.cpp.o[0m
[2.628s] [ 40%] [32mBuilding CXX object CMakeFiles/interfaces_pkg__rosidl_typesupport_c.dir/rosidl_typesupport_c/interfaces_pkg/msg/lane_info__type_support.cpp.o[0m
[2.630s] [ 41%] [32mBuilding CXX object CMakeFiles/interfaces_pkg__rosidl_typesupport_introspection_cpp.dir/rosidl_typesupport_introspection_cpp/interfaces_pkg/msg/detail/key_point2_d__type_support.cpp.o[0m
[2.631s] [ 42%] [32mBuilding CXX object CMakeFiles/interfaces_pkg__rosidl_typesupport_c.dir/rosidl_typesupport_c/interfaces_pkg/msg/motion_command__type_support.cpp.o[0m
[2.635s] [ 43%] [32mBuilding CXX object CMakeFiles/interfaces_pkg__rosidl_typesupport_introspection_cpp.dir/rosidl_typesupport_introspection_cpp/interfaces_pkg/msg/detail/key_point2_d_array__type_support.cpp.o[0m
[2.637s] [ 43%] [32mBuilding CXX object CMakeFiles/interfaces_pkg__rosidl_typesupport_c.dir/rosidl_typesupport_c/interfaces_pkg/msg/path_planning_result__type_support.cpp.o[0m
[2.641s] [ 44%] [32mBuilding CXX object CMakeFiles/interfaces_pkg__rosidl_typesupport_c.dir/rosidl_typesupport_c/interfaces_pkg/msg/target_point__type_support.cpp.o[0m
[2.665s] [ 44%] [32mBuilding CXX object CMakeFiles/interfaces_pkg__rosidl_typesupport_introspection_cpp.dir/rosidl_typesupport_introspection_cpp/interfaces_pkg/msg/detail/key_point3_d__type_support.cpp.o[0m
[2.668s] [ 45%] [32mBuilding CXX object CMakeFiles/interfaces_pkg__rosidl_typesupport_introspection_cpp.dir/rosidl_typesupport_introspection_cpp/interfaces_pkg/msg/detail/key_point3_d_array__type_support.cpp.o[0m
[2.678s] [ 47%] [32m[1mLinking CXX shared library libinterfaces_pkg__rosidl_typesupport_c.so[0m
[2.678s] [ 47%] [32mBuilding CXX object CMakeFiles/interfaces_pkg__rosidl_typesupport_introspection_cpp.dir/rosidl_typesupport_introspection_cpp/interfaces_pkg/msg/detail/detection__type_support.cpp.o[0m
[2.681s] [ 47%] [32mBuilding CXX object CMakeFiles/interfaces_pkg__rosidl_typesupport_introspection_cpp.dir/rosidl_typesupport_introspection_cpp/interfaces_pkg/msg/detail/detection_array__type_support.cpp.o[0m
[2.695s] [ 48%] [32mBuilding CXX object CMakeFiles/interfaces_pkg__rosidl_typesupport_introspection_cpp.dir/rosidl_typesupport_introspection_cpp/interfaces_pkg/msg/detail/lane_info__type_support.cpp.o[0m
[2.703s] [ 49%] [32mBuilding CXX object CMakeFiles/interfaces_pkg__rosidl_typesupport_introspection_cpp.dir/rosidl_typesupport_introspection_cpp/interfaces_pkg/msg/detail/motion_command__type_support.cpp.o[0m
[2.716s] [ 49%] [32mBuilding CXX object CMakeFiles/interfaces_pkg__rosidl_typesupport_introspection_cpp.dir/rosidl_typesupport_introspection_cpp/interfaces_pkg/msg/detail/target_point__type_support.cpp.o[0m
[2.735s] [ 49%] Built target interfaces_pkg__rosidl_typesupport_c
[2.739s] [ 49%] [32m[1mLinking CXX shared library libinterfaces_pkg__rosidl_typesupport_cpp.so[0m
[2.806s] [ 49%] Built target interfaces_pkg__rosidl_typesupport_cpp
[2.825s] [ 50%] [32mBuilding CXX object CMakeFiles/interfaces_pkg__rosidl_typesupport_introspection_cpp.dir/rosidl_typesupport_introspection_cpp/interfaces_pkg/msg/detail/path_planning_result__type_support.cpp.o[0m
[2.856s] [35m[1mConsolidate compiler generated dependencies of target interfaces_pkg__rosidl_typesupport_fastrtps_cpp[0m
[2.918s] [ 51%] [32mBuilding CXX object CMakeFiles/interfaces_pkg__rosidl_typesupport_fastrtps_cpp.dir/rosidl_typesupport_fastrtps_cpp/interfaces_pkg/msg/detail/dds_fastrtps/point2_d__type_support.cpp.o[0m
[2.964s] [ 51%] [32mBuilding CXX object CMakeFiles/interfaces_pkg__rosidl_typesupport_fastrtps_cpp.dir/rosidl_typesupport_fastrtps_cpp/interfaces_pkg/msg/detail/dds_fastrtps/vector2__type_support.cpp.o[0m
[3.009s] [ 52%] [32mBuilding CXX object CMakeFiles/interfaces_pkg__rosidl_typesupport_fastrtps_cpp.dir/rosidl_typesupport_fastrtps_cpp/interfaces_pkg/msg/detail/dds_fastrtps/pose2_d__type_support.cpp.o[0m
[3.040s] [35m[1mConsolidate compiler generated dependencies of target interfaces_pkg__rosidl_typesupport_introspection_c[0m
[3.040s] [ 53%] [32mBuilding CXX object CMakeFiles/interfaces_pkg__rosidl_typesupport_fastrtps_cpp.dir/rosidl_typesupport_fastrtps_cpp/interfaces_pkg/msg/detail/dds_fastrtps/bounding_box2_d__type_support.cpp.o[0m
[3.055s] [ 53%] [32mBuilding CXX object CMakeFiles/interfaces_pkg__rosidl_typesupport_fastrtps_cpp.dir/rosidl_typesupport_fastrtps_cpp/interfaces_pkg/msg/detail/dds_fastrtps/bounding_box3_d__type_support.cpp.o[0m
[3.055s] [ 54%] [32mBuilding C object CMakeFiles/interfaces_pkg__rosidl_typesupport_introspection_c.dir/rosidl_typesupport_introspection_c/interfaces_pkg/msg/detail/point2_d__type_support.c.o[0m
[3.066s] [ 55%] [32mBuilding CXX object CMakeFiles/interfaces_pkg__rosidl_typesupport_fastrtps_cpp.dir/rosidl_typesupport_fastrtps_cpp/interfaces_pkg/msg/detail/dds_fastrtps/mask__type_support.cpp.o[0m
[3.076s] [ 56%] [32mBuilding CXX object CMakeFiles/interfaces_pkg__rosidl_typesupport_fastrtps_cpp.dir/rosidl_typesupport_fastrtps_cpp/interfaces_pkg/msg/detail/dds_fastrtps/key_point2_d__type_support.cpp.o[0m
[3.078s] [ 56%] [32mBuilding CXX object CMakeFiles/interfaces_pkg__rosidl_typesupport_fastrtps_cpp.dir/rosidl_typesupport_fastrtps_cpp/interfaces_pkg/msg/detail/dds_fastrtps/key_point2_d_array__type_support.cpp.o[0m
[3.083s] [35m[1mConsolidate compiler generated dependencies of target interfaces_pkg__rosidl_typesupport_fastrtps_c[0m
[3.098s] [ 57%] [32mBuilding CXX object CMakeFiles/interfaces_pkg__rosidl_typesupport_fastrtps_cpp.dir/rosidl_typesupport_fastrtps_cpp/interfaces_pkg/msg/detail/dds_fastrtps/key_point3_d__type_support.cpp.o[0m
[3.100s] [ 57%] [32mBuilding C object CMakeFiles/interfaces_pkg__rosidl_typesupport_introspection_c.dir/rosidl_typesupport_introspection_c/interfaces_pkg/msg/detail/vector2__type_support.c.o[0m
[3.106s] [ 58%] [32mBuilding C object CMakeFiles/interfaces_pkg__rosidl_typesupport_introspection_c.dir/rosidl_typesupport_introspection_c/interfaces_pkg/msg/detail/pose2_d__type_support.c.o[0m
[3.120s] [ 59%] [32mBuilding CXX object CMakeFiles/interfaces_pkg__rosidl_typesupport_fastrtps_cpp.dir/rosidl_typesupport_fastrtps_cpp/interfaces_pkg/msg/detail/dds_fastrtps/key_point3_d_array__type_support.cpp.o[0m
[3.127s] [ 59%] [32mBuilding CXX object CMakeFiles/interfaces_pkg__rosidl_typesupport_fastrtps_c.dir/rosidl_typesupport_fastrtps_c/interfaces_pkg/msg/detail/point2_d__type_support_c.cpp.o[0m
[3.128s] [ 60%] [32mBuilding C object CMakeFiles/interfaces_pkg__rosidl_typesupport_introspection_c.dir/rosidl_typesupport_introspection_c/interfaces_pkg/msg/detail/bounding_box2_d__type_support.c.o[0m
[3.136s] [ 61%] [32mBuilding CXX object CMakeFiles/interfaces_pkg__rosidl_typesupport_fastrtps_c.dir/rosidl_typesupport_fastrtps_c/interfaces_pkg/msg/detail/vector2__type_support_c.cpp.o[0m
[3.163s] [ 61%] [32mBuilding C object CMakeFiles/interfaces_pkg__rosidl_typesupport_introspection_c.dir/rosidl_typesupport_introspection_c/interfaces_pkg/msg/detail/bounding_box3_d__type_support.c.o[0m
[3.182s] [ 62%] [32mBuilding C object CMakeFiles/interfaces_pkg__rosidl_typesupport_introspection_c.dir/rosidl_typesupport_introspection_c/interfaces_pkg/msg/detail/mask__type_support.c.o[0m
[3.182s] [ 62%] [32mBuilding CXX object CMakeFiles/interfaces_pkg__rosidl_typesupport_fastrtps_cpp.dir/rosidl_typesupport_fastrtps_cpp/interfaces_pkg/msg/detail/dds_fastrtps/detection__type_support.cpp.o[0m
[3.197s] [ 63%] [32mBuilding CXX object CMakeFiles/interfaces_pkg__rosidl_typesupport_fastrtps_cpp.dir/rosidl_typesupport_fastrtps_cpp/interfaces_pkg/msg/detail/dds_fastrtps/detection_array__type_support.cpp.o[0m
[3.208s] [ 64%] [32mBuilding C object CMakeFiles/interfaces_pkg__rosidl_typesupport_introspection_c.dir/rosidl_typesupport_introspection_c/interfaces_pkg/msg/detail/key_point2_d__type_support.c.o[0m
[3.223s] [ 64%] [32mBuilding C object CMakeFiles/interfaces_pkg__rosidl_typesupport_introspection_c.dir/rosidl_typesupport_introspection_c/interfaces_pkg/msg/detail/key_point2_d_array__type_support.c.o[0m
[3.237s] [ 65%] [32mBuilding C object CMakeFiles/interfaces_pkg__rosidl_typesupport_introspection_c.dir/rosidl_typesupport_introspection_c/interfaces_pkg/msg/detail/key_point3_d__type_support.c.o[0m
[3.247s] [ 66%] [32mBuilding CXX object CMakeFiles/interfaces_pkg__rosidl_typesupport_fastrtps_cpp.dir/rosidl_typesupport_fastrtps_cpp/interfaces_pkg/msg/detail/dds_fastrtps/lane_info__type_support.cpp.o[0m
[3.273s] [ 66%] [32mBuilding CXX object CMakeFiles/interfaces_pkg__rosidl_typesupport_fastrtps_cpp.dir/rosidl_typesupport_fastrtps_cpp/interfaces_pkg/msg/detail/dds_fastrtps/motion_command__type_support.cpp.o[0m
[3.306s] [ 67%] [32mBuilding C object CMakeFiles/interfaces_pkg__rosidl_typesupport_introspection_c.dir/rosidl_typesupport_introspection_c/interfaces_pkg/msg/detail/key_point3_d_array__type_support.c.o[0m
[3.322s] [ 68%] [32mBuilding CXX object CMakeFiles/interfaces_pkg__rosidl_typesupport_fastrtps_cpp.dir/rosidl_typesupport_fastrtps_cpp/interfaces_pkg/msg/detail/dds_fastrtps/target_point__type_support.cpp.o[0m
[3.341s] [ 69%] [32mBuilding CXX object CMakeFiles/interfaces_pkg__rosidl_typesupport_fastrtps_c.dir/rosidl_typesupport_fastrtps_c/interfaces_pkg/msg/detail/pose2_d__type_support_c.cpp.o[0m
[3.363s] [ 70%] [32mBuilding C object CMakeFiles/interfaces_pkg__rosidl_typesupport_introspection_c.dir/rosidl_typesupport_introspection_c/interfaces_pkg/msg/detail/detection__type_support.c.o[0m
[3.364s] [ 70%] [32m[1mLinking CXX shared library libinterfaces_pkg__rosidl_typesupport_introspection_cpp.so[0m
[3.383s] [ 71%] [32mBuilding CXX object CMakeFiles/interfaces_pkg__rosidl_typesupport_fastrtps_cpp.dir/rosidl_typesupport_fastrtps_cpp/interfaces_pkg/msg/detail/dds_fastrtps/path_planning_result__type_support.cpp.o[0m
[3.391s] [ 71%] [32mBuilding CXX object CMakeFiles/interfaces_pkg__rosidl_typesupport_fastrtps_c.dir/rosidl_typesupport_fastrtps_c/interfaces_pkg/msg/detail/bounding_box2_d__type_support_c.cpp.o[0m
[3.409s] [ 72%] [32mBuilding CXX object CMakeFiles/interfaces_pkg__rosidl_typesupport_fastrtps_c.dir/rosidl_typesupport_fastrtps_c/interfaces_pkg/msg/detail/bounding_box3_d__type_support_c.cpp.o[0m
[3.429s] [ 73%] [32mBuilding C object CMakeFiles/interfaces_pkg__rosidl_typesupport_introspection_c.dir/rosidl_typesupport_introspection_c/interfaces_pkg/msg/detail/detection_array__type_support.c.o[0m
[3.492s] [ 74%] [32mBuilding C object CMakeFiles/interfaces_pkg__rosidl_typesupport_introspection_c.dir/rosidl_typesupport_introspection_c/interfaces_pkg/msg/detail/lane_info__type_support.c.o[0m
[3.500s] [ 75%] [32mBuilding CXX object CMakeFiles/interfaces_pkg__rosidl_typesupport_fastrtps_c.dir/rosidl_typesupport_fastrtps_c/interfaces_pkg/msg/detail/mask__type_support_c.cpp.o[0m
[3.549s] [ 75%] [32mBuilding C object CMakeFiles/interfaces_pkg__rosidl_typesupport_introspection_c.dir/rosidl_typesupport_introspection_c/interfaces_pkg/msg/detail/motion_command__type_support.c.o[0m
[3.557s] [ 75%] [32mBuilding CXX object CMakeFiles/interfaces_pkg__rosidl_typesupport_fastrtps_c.dir/rosidl_typesupport_fastrtps_c/interfaces_pkg/msg/detail/key_point2_d__type_support_c.cpp.o[0m
[3.562s] [ 76%] [32mBuilding CXX object CMakeFiles/interfaces_pkg__rosidl_typesupport_fastrtps_c.dir/rosidl_typesupport_fastrtps_c/interfaces_pkg/msg/detail/key_point2_d_array__type_support_c.cpp.o[0m
[3.588s] [ 77%] [32mBuilding CXX object CMakeFiles/interfaces_pkg__rosidl_typesupport_fastrtps_c.dir/rosidl_typesupport_fastrtps_c/interfaces_pkg/msg/detail/key_point3_d_array__type_support_c.cpp.o[0m
[3.589s] [ 77%] [32mBuilding CXX object CMakeFiles/interfaces_pkg__rosidl_typesupport_fastrtps_c.dir/rosidl_typesupport_fastrtps_c/interfaces_pkg/msg/detail/key_point3_d__type_support_c.cpp.o[0m
[3.590s] [ 77%] Built target interfaces_pkg__rosidl_typesupport_introspection_cpp
[3.597s] [ 78%] [32mBuilding C object CMakeFiles/interfaces_pkg__rosidl_typesupport_introspection_c.dir/rosidl_typesupport_introspection_c/interfaces_pkg/msg/detail/target_point__type_support.c.o[0m
[3.599s] [ 79%] [32mBuilding C object CMakeFiles/interfaces_pkg__rosidl_typesupport_introspection_c.dir/rosidl_typesupport_introspection_c/interfaces_pkg/msg/detail/path_planning_result__type_support.c.o[0m
[3.611s] [ 80%] [32mBuilding CXX object CMakeFiles/interfaces_pkg__rosidl_typesupport_fastrtps_c.dir/rosidl_typesupport_fastrtps_c/interfaces_pkg/msg/detail/detection__type_support_c.cpp.o[0m
[3.612s] [ 81%] [32mBuilding CXX object CMakeFiles/interfaces_pkg__rosidl_typesupport_fastrtps_c.dir/rosidl_typesupport_fastrtps_c/interfaces_pkg/msg/detail/detection_array__type_support_c.cpp.o[0m
[3.621s] [ 82%] [32mBuilding CXX object CMakeFiles/interfaces_pkg__rosidl_typesupport_fastrtps_c.dir/rosidl_typesupport_fastrtps_c/interfaces_pkg/msg/detail/motion_command__type_support_c.cpp.o[0m
[3.623s] [ 82%] [32mBuilding CXX object CMakeFiles/interfaces_pkg__rosidl_typesupport_fastrtps_c.dir/rosidl_typesupport_fastrtps_c/interfaces_pkg/msg/detail/lane_info__type_support_c.cpp.o[0m
[3.643s] [ 83%] [32mBuilding CXX object CMakeFiles/interfaces_pkg__rosidl_typesupport_fastrtps_c.dir/rosidl_typesupport_fastrtps_c/interfaces_pkg/msg/detail/target_point__type_support_c.cpp.o[0m
[3.644s] [ 83%] [32m[1mLinking C shared library libinterfaces_pkg__rosidl_typesupport_introspection_c.so[0m
[3.683s] [ 83%] [32mBuilding CXX object CMakeFiles/interfaces_pkg__rosidl_typesupport_fastrtps_c.dir/rosidl_typesupport_fastrtps_c/interfaces_pkg/msg/detail/path_planning_result__type_support_c.cpp.o[0m
[3.689s] [ 83%] Built target interfaces_pkg__rosidl_typesupport_introspection_c
[3.868s] [ 83%] [32m[1mLinking CXX shared library libinterfaces_pkg__rosidl_typesupport_fastrtps_cpp.so[0m
[3.924s] [ 83%] Built target interfaces_pkg__rosidl_typesupport_fastrtps_cpp
[3.940s] [ 84%] [32m[1mLinking CXX shared library libinterfaces_pkg__rosidl_typesupport_fastrtps_c.so[0m
[3.987s] [ 84%] Built target interfaces_pkg__rosidl_typesupport_fastrtps_c
[4.000s] [ 84%] Built target interfaces_pkg
[4.016s] [ 85%] [34m[1mGenerating Python code for ROS interfaces[0m
[4.920s] [ 85%] Built target interfaces_pkg__py
[4.927s] [35m[1mConsolidate compiler generated dependencies of target interfaces_pkg__rosidl_generator_py[0m
[4.946s] [ 86%] [32mBuilding C object CMakeFiles/interfaces_pkg__rosidl_generator_py.dir/rosidl_generator_py/interfaces_pkg/msg/_bounding_box3_d_s.c.o[0m
[4.946s] [ 86%] [32mBuilding C object CMakeFiles/interfaces_pkg__rosidl_generator_py.dir/rosidl_generator_py/interfaces_pkg/msg/_point2_d_s.c.o[0m
[4.947s] [ 87%] [32mBuilding C object CMakeFiles/interfaces_pkg__rosidl_generator_py.dir/rosidl_generator_py/interfaces_pkg/msg/_mask_s.c.o[0m
[4.947s] [ 88%] [32mBuilding C object CMakeFiles/interfaces_pkg__rosidl_generator_py.dir/rosidl_generator_py/interfaces_pkg/msg/_key_point2_d_s.c.o[0m
[4.947s] [ 89%] [32mBuilding C object CMakeFiles/interfaces_pkg__rosidl_generator_py.dir/rosidl_generator_py/interfaces_pkg/msg/_vector2_s.c.o[0m
[4.947s] [ 90%] [32mBuilding C object CMakeFiles/interfaces_pkg__rosidl_generator_py.dir/rosidl_generator_py/interfaces_pkg/msg/_pose2_d_s.c.o[0m
[4.948s] [ 90%] [32mBuilding C object CMakeFiles/interfaces_pkg__rosidl_generator_py.dir/rosidl_generator_py/interfaces_pkg/msg/_key_point3_d_s.c.o[0m
[4.948s] [ 90%] [32mBuilding C object CMakeFiles/interfaces_pkg__rosidl_generator_py.dir/rosidl_generator_py/interfaces_pkg/msg/_bounding_box2_d_s.c.o[0m
[4.950s] [ 91%] [32mBuilding C object CMakeFiles/interfaces_pkg__rosidl_generator_py.dir/rosidl_generator_py/interfaces_pkg/msg/_key_point2_d_array_s.c.o[0m
[4.950s] [ 92%] [32mBuilding C object CMakeFiles/interfaces_pkg__rosidl_generator_py.dir/rosidl_generator_py/interfaces_pkg/msg/_detection_s.c.o[0m
[4.950s] [ 92%] [32mBuilding C object CMakeFiles/interfaces_pkg__rosidl_generator_py.dir/rosidl_generator_py/interfaces_pkg/msg/_key_point3_d_array_s.c.o[0m
[4.951s] [ 93%] [32mBuilding C object CMakeFiles/interfaces_pkg__rosidl_generator_py.dir/rosidl_generator_py/interfaces_pkg/msg/_detection_array_s.c.o[0m
[4.952s] [ 93%] [32mBuilding C object CMakeFiles/interfaces_pkg__rosidl_generator_py.dir/rosidl_generator_py/interfaces_pkg/msg/_path_planning_result_s.c.o[0m
[4.953s] [ 93%] [32mBuilding C object CMakeFiles/interfaces_pkg__rosidl_generator_py.dir/rosidl_generator_py/interfaces_pkg/msg/_lane_info_s.c.o[0m
[4.953s] [ 94%] [32mBuilding C object CMakeFiles/interfaces_pkg__rosidl_generator_py.dir/rosidl_generator_py/interfaces_pkg/msg/_motion_command_s.c.o[0m
[4.954s] [ 95%] [32mBuilding C object CMakeFiles/interfaces_pkg__rosidl_generator_py.dir/rosidl_generator_py/interfaces_pkg/msg/_target_point_s.c.o[0m
[5.053s] [ 96%] [32m[1mLinking C shared library rosidl_generator_py/interfaces_pkg/libinterfaces_pkg__rosidl_generator_py.so[0m
[5.077s] [ 96%] Built target interfaces_pkg__rosidl_generator_py
[5.084s] [35m[1mConsolidate compiler generated dependencies of target interfaces_pkg__rosidl_typesupport_c__pyext[0m
[5.084s] [35m[1mConsolidate compiler generated dependencies of target interfaces_pkg__rosidl_typesupport_fastrtps_c__pyext[0m
[5.084s] [35m[1mConsolidate compiler generated dependencies of target interfaces_pkg__rosidl_typesupport_introspection_c__pyext[0m
[5.092s] [ 97%] [32mBuilding C object CMakeFiles/interfaces_pkg__rosidl_typesupport_c__pyext.dir/rosidl_generator_py/interfaces_pkg/_interfaces_pkg_s.ep.rosidl_typesupport_c.c.o[0m
[5.093s] [ 98%] [32mBuilding C object CMakeFiles/interfaces_pkg__rosidl_typesupport_fastrtps_c__pyext.dir/rosidl_generator_py/interfaces_pkg/_interfaces_pkg_s.ep.rosidl_typesupport_fastrtps_c.c.o[0m
[5.093s] [ 99%] [32mBuilding C object CMakeFiles/interfaces_pkg__rosidl_typesupport_introspection_c__pyext.dir/rosidl_generator_py/interfaces_pkg/_interfaces_pkg_s.ep.rosidl_typesupport_introspection_c.c.o[0m
[5.161s] [100%] [32m[1mLinking C shared library rosidl_generator_py/interfaces_pkg/interfaces_pkg_s__rosidl_typesupport_fastrtps_c.cpython-310-x86_64-linux-gnu.so[0m
[5.162s] [100%] [32m[1mLinking C shared library rosidl_generator_py/interfaces_pkg/interfaces_pkg_s__rosidl_typesupport_introspection_c.cpython-310-x86_64-linux-gnu.so[0m
[5.162s] [100%] [32m[1mLinking C shared library rosidl_generator_py/interfaces_pkg/interfaces_pkg_s__rosidl_typesupport_c.cpython-310-x86_64-linux-gnu.so[0m
[5.185s] [100%] Built target interfaces_pkg__rosidl_typesupport_fastrtps_c__pyext
[5.187s] [100%] Built target interfaces_pkg__rosidl_typesupport_c__pyext
[5.187s] [100%] Built target interfaces_pkg__rosidl_typesupport_introspection_c__pyext
[5.193s] Invoked command in '/home/amrl_sunny/ros2_autonomous_vehicle_simulation/build/interfaces_pkg' returned '0': CMAKE_PREFIX_PATH=${CMAKE_PREFIX_PATH}:/home/amrl_sunny/ros2_autonomous_vehicle_simulation/install/simulation_pkg:/home/amrl_sunny/ros2_autonomous_vehicle_simulation/install/debug_pkg:/home/amrl_sunny/ros2_autonomous_vehicle_simulation/install/decision_making_pkg:/home/amrl_sunny/ros2_autonomous_vehicle_simulation/install/camera_perception_pkg:/home/amrl_sunny/2025_jacapdi/install/simulation_pkg:/home/amrl_sunny/2025_jacapdi/install/debug_pkg:/home/amrl_sunny/2025_jacapdi/install/decision_making_pkg:/home/amrl_sunny/2025_jacapdi/install/camera_perception_pkg:/opt/ros/humble /usr/bin/cmake --build /home/amrl_sunny/ros2_autonomous_vehicle_simulation/build/interfaces_pkg -- -j20 -l20
[5.198s] Invoking command in '/home/amrl_sunny/ros2_autonomous_vehicle_simulation/build/interfaces_pkg': CMAKE_PREFIX_PATH=${CMAKE_PREFIX_PATH}:/home/amrl_sunny/ros2_autonomous_vehicle_simulation/install/simulation_pkg:/home/amrl_sunny/ros2_autonomous_vehicle_simulation/install/debug_pkg:/home/amrl_sunny/ros2_autonomous_vehicle_simulation/install/decision_making_pkg:/home/amrl_sunny/ros2_autonomous_vehicle_simulation/install/camera_perception_pkg:/home/amrl_sunny/2025_jacapdi/install/simulation_pkg:/home/amrl_sunny/2025_jacapdi/install/debug_pkg:/home/amrl_sunny/2025_jacapdi/install/decision_making_pkg:/home/amrl_sunny/2025_jacapdi/install/camera_perception_pkg:/opt/ros/humble /usr/bin/cmake --install /home/amrl_sunny/ros2_autonomous_vehicle_simulation/build/interfaces_pkg
[5.201s] -- Install configuration: ""
[5.202s] -- Execute custom install script
[5.202s] -- Up-to-date symlink: /home/amrl_sunny/ros2_autonomous_vehicle_simulation/install/interfaces_pkg/share/ament_index/resource_index/rosidl_interfaces/interfaces_pkg
[5.202s] -- Up-to-date symlink: /home/amrl_sunny/ros2_autonomous_vehicle_simulation/install/interfaces_pkg/include/interfaces_pkg/interfaces_pkg/msg/bounding_box2_d.h
[5.202s] -- Up-to-date symlink: /home/amrl_sunny/ros2_autonomous_vehicle_simulation/install/interfaces_pkg/include/interfaces_pkg/interfaces_pkg/msg/bounding_box3_d.h
[5.202s] -- Up-to-date symlink: /home/amrl_sunny/ros2_autonomous_vehicle_simulation/install/interfaces_pkg/include/interfaces_pkg/interfaces_pkg/msg/detail/bounding_box2_d__functions.h
[5.202s] -- Up-to-date symlink: /home/amrl_sunny/ros2_autonomous_vehicle_simulation/install/interfaces_pkg/include/interfaces_pkg/interfaces_pkg/msg/detail/bounding_box2_d__struct.h
[5.202s] -- Up-to-date symlink: /home/amrl_sunny/ros2_autonomous_vehicle_simulation/install/interfaces_pkg/include/interfaces_pkg/interfaces_pkg/msg/detail/bounding_box2_d__type_support.h
[5.202s] -- Up-to-date symlink: /home/amrl_sunny/ros2_autonomous_vehicle_simulation/install/interfaces_pkg/include/interfaces_pkg/interfaces_pkg/msg/detail/bounding_box3_d__functions.h
[5.202s] -- Up-to-date symlink: /home/amrl_sunny/ros2_autonomous_vehicle_simulation/install/interfaces_pkg/include/interfaces_pkg/interfaces_pkg/msg/detail/bounding_box3_d__struct.h
[5.203s] -- Up-to-date symlink: /home/amrl_sunny/ros2_autonomous_vehicle_simulation/install/interfaces_pkg/include/interfaces_pkg/interfaces_pkg/msg/detail/bounding_box3_d__type_support.h
[5.203s] -- Up-to-date symlink: /home/amrl_sunny/ros2_autonomous_vehicle_simulation/install/interfaces_pkg/include/interfaces_pkg/interfaces_pkg/msg/detail/detection__functions.h
[5.203s] -- Up-to-date symlink: /home/amrl_sunny/ros2_autonomous_vehicle_simulation/install/interfaces_pkg/include/interfaces_pkg/interfaces_pkg/msg/detail/detection__struct.h
[5.203s] -- Up-to-date symlink: /home/amrl_sunny/ros2_autonomous_vehicle_simulation/install/interfaces_pkg/include/interfaces_pkg/interfaces_pkg/msg/detail/detection__type_support.h
[5.203s] -- Up-to-date symlink: /home/amrl_sunny/ros2_autonomous_vehicle_simulation/install/interfaces_pkg/include/interfaces_pkg/interfaces_pkg/msg/detail/detection_array__functions.h
[5.203s] -- Up-to-date symlink: /home/amrl_sunny/ros2_autonomous_vehicle_simulation/install/interfaces_pkg/include/interfaces_pkg/interfaces_pkg/msg/detail/detection_array__struct.h
[5.203s] -- Up-to-date symlink: /home/amrl_sunny/ros2_autonomous_vehicle_simulation/install/interfaces_pkg/include/interfaces_pkg/interfaces_pkg/msg/detail/detection_array__type_support.h
[5.203s] -- Up-to-date symlink: /home/amrl_sunny/ros2_autonomous_vehicle_simulation/install/interfaces_pkg/include/interfaces_pkg/interfaces_pkg/msg/detail/key_point2_d__functions.h
[5.203s] -- Up-to-date symlink: /home/amrl_sunny/ros2_autonomous_vehicle_simulation/install/interfaces_pkg/include/interfaces_pkg/interfaces_pkg/msg/detail/key_point2_d__struct.h
[5.203s] -- Up-to-date symlink: /home/amrl_sunny/ros2_autonomous_vehicle_simulation/install/interfaces_pkg/include/interfaces_pkg/interfaces_pkg/msg/detail/key_point2_d__type_support.h
[5.203s] -- Up-to-date symlink: /home/amrl_sunny/ros2_autonomous_vehicle_simulation/install/interfaces_pkg/include/interfaces_pkg/interfaces_pkg/msg/detail/key_point2_d_array__functions.h
[5.203s] -- Up-to-date symlink: /home/amrl_sunny/ros2_autonomous_vehicle_simulation/install/interfaces_pkg/include/interfaces_pkg/interfaces_pkg/msg/detail/key_point2_d_array__struct.h
[5.203s] -- Up-to-date symlink: /home/amrl_sunny/ros2_autonomous_vehicle_simulation/install/interfaces_pkg/include/interfaces_pkg/interfaces_pkg/msg/detail/key_point2_d_array__type_support.h
[5.203s] -- Up-to-date symlink: /home/amrl_sunny/ros2_autonomous_vehicle_simulation/install/interfaces_pkg/include/interfaces_pkg/interfaces_pkg/msg/detail/key_point3_d__functions.h
[5.203s] -- Up-to-date symlink: /home/amrl_sunny/ros2_autonomous_vehicle_simulation/install/interfaces_pkg/include/interfaces_pkg/interfaces_pkg/msg/detail/key_point3_d__struct.h
[5.203s] -- Up-to-date symlink: /home/amrl_sunny/ros2_autonomous_vehicle_simulation/install/interfaces_pkg/include/interfaces_pkg/interfaces_pkg/msg/detail/key_point3_d__type_support.h
[5.203s] -- Up-to-date symlink: /home/amrl_sunny/ros2_autonomous_vehicle_simulation/install/interfaces_pkg/include/interfaces_pkg/interfaces_pkg/msg/detail/key_point3_d_array__functions.h
[5.203s] -- Up-to-date symlink: /home/amrl_sunny/ros2_autonomous_vehicle_simulation/install/interfaces_pkg/include/interfaces_pkg/interfaces_pkg/msg/detail/key_point3_d_array__struct.h
[5.203s] -- Up-to-date symlink: /home/amrl_sunny/ros2_autonomous_vehicle_simulation/install/interfaces_pkg/include/interfaces_pkg/interfaces_pkg/msg/detail/key_point3_d_array__type_support.h
[5.203s] -- Up-to-date symlink: /home/amrl_sunny/ros2_autonomous_vehicle_simulation/install/interfaces_pkg/include/interfaces_pkg/interfaces_pkg/msg/detail/lane_info__functions.h
[5.203s] -- Up-to-date symlink: /home/amrl_sunny/ros2_autonomous_vehicle_simulation/install/interfaces_pkg/include/interfaces_pkg/interfaces_pkg/msg/detail/lane_info__struct.h
[5.203s] -- Up-to-date symlink: /home/amrl_sunny/ros2_autonomous_vehicle_simulation/install/interfaces_pkg/include/interfaces_pkg/interfaces_pkg/msg/detail/lane_info__type_support.h
[5.203s] -- Up-to-date symlink: /home/amrl_sunny/ros2_autonomous_vehicle_simulation/install/interfaces_pkg/include/interfaces_pkg/interfaces_pkg/msg/detail/mask__functions.h
[5.203s] -- Up-to-date symlink: /home/amrl_sunny/ros2_autonomous_vehicle_simulation/install/interfaces_pkg/include/interfaces_pkg/interfaces_pkg/msg/detail/mask__struct.h
[5.203s] -- Up-to-date symlink: /home/amrl_sunny/ros2_autonomous_vehicle_simulation/install/interfaces_pkg/include/interfaces_pkg/interfaces_pkg/msg/detail/mask__type_support.h
[5.203s] -- Up-to-date symlink: /home/amrl_sunny/ros2_autonomous_vehicle_simulation/install/interfaces_pkg/include/interfaces_pkg/interfaces_pkg/msg/detail/motion_command__functions.h
[5.203s] -- Up-to-date symlink: /home/amrl_sunny/ros2_autonomous_vehicle_simulation/install/interfaces_pkg/include/interfaces_pkg/interfaces_pkg/msg/detail/motion_command__struct.h
[5.203s] -- Up-to-date symlink: /home/amrl_sunny/ros2_autonomous_vehicle_simulation/install/interfaces_pkg/include/interfaces_pkg/interfaces_pkg/msg/detail/motion_command__type_support.h
[5.203s] -- Up-to-date symlink: /home/amrl_sunny/ros2_autonomous_vehicle_simulation/install/interfaces_pkg/include/interfaces_pkg/interfaces_pkg/msg/detail/path_planning_result__functions.h
[5.204s] -- Up-to-date symlink: /home/amrl_sunny/ros2_autonomous_vehicle_simulation/install/interfaces_pkg/include/interfaces_pkg/interfaces_pkg/msg/detail/path_planning_result__struct.h
[5.204s] -- Up-to-date symlink: /home/amrl_sunny/ros2_autonomous_vehicle_simulation/install/interfaces_pkg/include/interfaces_pkg/interfaces_pkg/msg/detail/path_planning_result__type_support.h
[5.204s] -- Up-to-date symlink: /home/amrl_sunny/ros2_autonomous_vehicle_simulation/install/interfaces_pkg/include/interfaces_pkg/interfaces_pkg/msg/detail/point2_d__functions.h
[5.204s] -- Up-to-date symlink: /home/amrl_sunny/ros2_autonomous_vehicle_simulation/install/interfaces_pkg/include/interfaces_pkg/interfaces_pkg/msg/detail/point2_d__struct.h
[5.204s] -- Up-to-date symlink: /home/amrl_sunny/ros2_autonomous_vehicle_simulation/install/interfaces_pkg/include/interfaces_pkg/interfaces_pkg/msg/detail/point2_d__type_support.h
[5.204s] -- Up-to-date symlink: /home/amrl_sunny/ros2_autonomous_vehicle_simulation/install/interfaces_pkg/include/interfaces_pkg/interfaces_pkg/msg/detail/pose2_d__functions.h
[5.204s] -- Up-to-date symlink: /home/amrl_sunny/ros2_autonomous_vehicle_simulation/install/interfaces_pkg/include/interfaces_pkg/interfaces_pkg/msg/detail/pose2_d__struct.h
[5.204s] -- Up-to-date symlink: /home/amrl_sunny/ros2_autonomous_vehicle_simulation/install/interfaces_pkg/include/interfaces_pkg/interfaces_pkg/msg/detail/pose2_d__type_support.h
[5.204s] -- Up-to-date symlink: /home/amrl_sunny/ros2_autonomous_vehicle_simulation/install/interfaces_pkg/include/interfaces_pkg/interfaces_pkg/msg/detail/target_point__functions.h
[5.204s] -- Up-to-date symlink: /home/amrl_sunny/ros2_autonomous_vehicle_simulation/install/interfaces_pkg/include/interfaces_pkg/interfaces_pkg/msg/detail/target_point__struct.h
[5.204s] -- Up-to-date symlink: /home/amrl_sunny/ros2_autonomous_vehicle_simulation/install/interfaces_pkg/include/interfaces_pkg/interfaces_pkg/msg/detail/target_point__type_support.h
[5.204s] -- Up-to-date symlink: /home/amrl_sunny/ros2_autonomous_vehicle_simulation/install/interfaces_pkg/include/interfaces_pkg/interfaces_pkg/msg/detail/vector2__functions.h
[5.204s] -- Up-to-date symlink: /home/amrl_sunny/ros2_autonomous_vehicle_simulation/install/interfaces_pkg/include/interfaces_pkg/interfaces_pkg/msg/detail/vector2__struct.h
[5.204s] -- Up-to-date symlink: /home/amrl_sunny/ros2_autonomous_vehicle_simulation/install/interfaces_pkg/include/interfaces_pkg/interfaces_pkg/msg/detail/vector2__type_support.h
[5.204s] -- Up-to-date symlink: /home/amrl_sunny/ros2_autonomous_vehicle_simulation/install/interfaces_pkg/include/interfaces_pkg/interfaces_pkg/msg/detection.h
[5.204s] -- Up-to-date symlink: /home/amrl_sunny/ros2_autonomous_vehicle_simulation/install/interfaces_pkg/include/interfaces_pkg/interfaces_pkg/msg/detection_array.h
[5.204s] -- Up-to-date symlink: /home/amrl_sunny/ros2_autonomous_vehicle_simulation/install/interfaces_pkg/include/interfaces_pkg/interfaces_pkg/msg/key_point2_d.h
[5.204s] -- Up-to-date symlink: /home/amrl_sunny/ros2_autonomous_vehicle_simulation/install/interfaces_pkg/include/interfaces_pkg/interfaces_pkg/msg/key_point2_d_array.h
[5.204s] -- Up-to-date symlink: /home/amrl_sunny/ros2_autonomous_vehicle_simulation/install/interfaces_pkg/include/interfaces_pkg/interfaces_pkg/msg/key_point3_d.h
[5.204s] -- Up-to-date symlink: /home/amrl_sunny/ros2_autonomous_vehicle_simulation/install/interfaces_pkg/include/interfaces_pkg/interfaces_pkg/msg/key_point3_d_array.h
[5.204s] -- Up-to-date symlink: /home/amrl_sunny/ros2_autonomous_vehicle_simulation/install/interfaces_pkg/include/interfaces_pkg/interfaces_pkg/msg/lane_info.h
[5.204s] -- Up-to-date symlink: /home/amrl_sunny/ros2_autonomous_vehicle_simulation/install/interfaces_pkg/include/interfaces_pkg/interfaces_pkg/msg/mask.h
[5.204s] -- Up-to-date symlink: /home/amrl_sunny/ros2_autonomous_vehicle_simulation/install/interfaces_pkg/include/interfaces_pkg/interfaces_pkg/msg/motion_command.h
[5.204s] -- Up-to-date symlink: /home/amrl_sunny/ros2_autonomous_vehicle_simulation/install/interfaces_pkg/include/interfaces_pkg/interfaces_pkg/msg/path_planning_result.h
[5.204s] -- Up-to-date symlink: /home/amrl_sunny/ros2_autonomous_vehicle_simulation/install/interfaces_pkg/include/interfaces_pkg/interfaces_pkg/msg/point2_d.h
[5.204s] -- Up-to-date symlink: /home/amrl_sunny/ros2_autonomous_vehicle_simulation/install/interfaces_pkg/include/interfaces_pkg/interfaces_pkg/msg/pose2_d.h
[5.204s] -- Up-to-date symlink: /home/amrl_sunny/ros2_autonomous_vehicle_simulation/install/interfaces_pkg/include/interfaces_pkg/interfaces_pkg/msg/rosidl_generator_c__visibility_control.h
[5.205s] -- Up-to-date symlink: /home/amrl_sunny/ros2_autonomous_vehicle_simulation/install/interfaces_pkg/include/interfaces_pkg/interfaces_pkg/msg/target_point.h
[5.205s] -- Up-to-date symlink: /home/amrl_sunny/ros2_autonomous_vehicle_simulation/install/interfaces_pkg/include/interfaces_pkg/interfaces_pkg/msg/vector2.h
[5.205s] -- Up-to-date symlink: /home/amrl_sunny/ros2_autonomous_vehicle_simulation/install/interfaces_pkg/share/interfaces_pkg/environment/library_path.sh
[5.205s] -- Up-to-date symlink: /home/amrl_sunny/ros2_autonomous_vehicle_simulation/install/interfaces_pkg/share/interfaces_pkg/environment/library_path.dsv
[5.205s] -- Up-to-date symlink: /home/amrl_sunny/ros2_autonomous_vehicle_simulation/install/interfaces_pkg/include/interfaces_pkg/interfaces_pkg/msg/detail/bounding_box2_d__rosidl_typesupport_fastrtps_c.h
[5.205s] -- Up-to-date symlink: /home/amrl_sunny/ros2_autonomous_vehicle_simulation/install/interfaces_pkg/include/interfaces_pkg/interfaces_pkg/msg/detail/bounding_box3_d__rosidl_typesupport_fastrtps_c.h
[5.205s] -- Up-to-date symlink: /home/amrl_sunny/ros2_autonomous_vehicle_simulation/install/interfaces_pkg/include/interfaces_pkg/interfaces_pkg/msg/detail/detection__rosidl_typesupport_fastrtps_c.h
[5.205s] -- Up-to-date symlink: /home/amrl_sunny/ros2_autonomous_vehicle_simulation/install/interfaces_pkg/include/interfaces_pkg/interfaces_pkg/msg/detail/detection_array__rosidl_typesupport_fastrtps_c.h
[5.205s] -- Up-to-date symlink: /home/amrl_sunny/ros2_autonomous_vehicle_simulation/install/interfaces_pkg/include/interfaces_pkg/interfaces_pkg/msg/detail/key_point2_d__rosidl_typesupport_fastrtps_c.h
[5.205s] -- Up-to-date symlink: /home/amrl_sunny/ros2_autonomous_vehicle_simulation/install/interfaces_pkg/include/interfaces_pkg/interfaces_pkg/msg/detail/key_point2_d_array__rosidl_typesupport_fastrtps_c.h
[5.205s] -- Up-to-date symlink: /home/amrl_sunny/ros2_autonomous_vehicle_simulation/install/interfaces_pkg/include/interfaces_pkg/interfaces_pkg/msg/detail/key_point3_d__rosidl_typesupport_fastrtps_c.h
[5.205s] -- Up-to-date symlink: /home/amrl_sunny/ros2_autonomous_vehicle_simulation/install/interfaces_pkg/include/interfaces_pkg/interfaces_pkg/msg/detail/key_point3_d_array__rosidl_typesupport_fastrtps_c.h
[5.205s] -- Up-to-date symlink: /home/amrl_sunny/ros2_autonomous_vehicle_simulation/install/interfaces_pkg/include/interfaces_pkg/interfaces_pkg/msg/detail/lane_info__rosidl_typesupport_fastrtps_c.h
[5.205s] -- Up-to-date symlink: /home/amrl_sunny/ros2_autonomous_vehicle_simulation/install/interfaces_pkg/include/interfaces_pkg/interfaces_pkg/msg/detail/mask__rosidl_typesupport_fastrtps_c.h
[5.205s] -- Up-to-date symlink: /home/amrl_sunny/ros2_autonomous_vehicle_simulation/install/interfaces_pkg/include/interfaces_pkg/interfaces_pkg/msg/detail/motion_command__rosidl_typesupport_fastrtps_c.h
[5.205s] -- Up-to-date symlink: /home/amrl_sunny/ros2_autonomous_vehicle_simulation/install/interfaces_pkg/include/interfaces_pkg/interfaces_pkg/msg/detail/path_planning_result__rosidl_typesupport_fastrtps_c.h
[5.205s] -- Up-to-date symlink: /home/amrl_sunny/ros2_autonomous_vehicle_simulation/install/interfaces_pkg/include/interfaces_pkg/interfaces_pkg/msg/detail/point2_d__rosidl_typesupport_fastrtps_c.h
[5.205s] -- Up-to-date symlink: /home/amrl_sunny/ros2_autonomous_vehicle_simulation/install/interfaces_pkg/include/interfaces_pkg/interfaces_pkg/msg/detail/pose2_d__rosidl_typesupport_fastrtps_c.h
[5.206s] -- Up-to-date symlink: /home/amrl_sunny/ros2_autonomous_vehicle_simulation/install/interfaces_pkg/include/interfaces_pkg/interfaces_pkg/msg/detail/target_point__rosidl_typesupport_fastrtps_c.h
[5.206s] -- Up-to-date symlink: /home/amrl_sunny/ros2_autonomous_vehicle_simulation/install/interfaces_pkg/include/interfaces_pkg/interfaces_pkg/msg/detail/vector2__rosidl_typesupport_fastrtps_c.h
[5.206s] -- Up-to-date symlink: /home/amrl_sunny/ros2_autonomous_vehicle_simulation/install/interfaces_pkg/include/interfaces_pkg/interfaces_pkg/msg/rosidl_typesupport_fastrtps_c__visibility_control.h
[5.206s] -- Up-to-date symlink: /home/amrl_sunny/ros2_autonomous_vehicle_simulation/install/interfaces_pkg/include/interfaces_pkg/interfaces_pkg/msg/detail/bounding_box2_d__rosidl_typesupport_introspection_c.h
[5.206s] -- Up-to-date symlink: /home/amrl_sunny/ros2_autonomous_vehicle_simulation/install/interfaces_pkg/include/interfaces_pkg/interfaces_pkg/msg/detail/bounding_box3_d__rosidl_typesupport_introspection_c.h
[5.206s] -- Up-to-date symlink: /home/amrl_sunny/ros2_autonomous_vehicle_simulation/install/interfaces_pkg/include/interfaces_pkg/interfaces_pkg/msg/detail/detection__rosidl_typesupport_introspection_c.h
[5.206s] -- Up-to-date symlink: /home/amrl_sunny/ros2_autonomous_vehicle_simulation/install/interfaces_pkg/include/interfaces_pkg/interfaces_pkg/msg/detail/detection_array__rosidl_typesupport_introspection_c.h
[5.206s] -- Up-to-date symlink: /home/amrl_sunny/ros2_autonomous_vehicle_simulation/install/interfaces_pkg/include/interfaces_pkg/interfaces_pkg/msg/detail/key_point2_d__rosidl_typesupport_introspection_c.h
[5.206s] -- Up-to-date symlink: /home/amrl_sunny/ros2_autonomous_vehicle_simulation/install/interfaces_pkg/include/interfaces_pkg/interfaces_pkg/msg/detail/key_point2_d_array__rosidl_typesupport_introspection_c.h
[5.206s] -- Up-to-date symlink: /home/amrl_sunny/ros2_autonomous_vehicle_simulation/install/interfaces_pkg/include/interfaces_pkg/interfaces_pkg/msg/detail/key_point3_d__rosidl_typesupport_introspection_c.h
[5.206s] -- Up-to-date symlink: /home/amrl_sunny/ros2_autonomous_vehicle_simulation/install/interfaces_pkg/include/interfaces_pkg/interfaces_pkg/msg/detail/key_point3_d_array__rosidl_typesupport_introspection_c.h
[5.206s] -- Up-to-date symlink: /home/amrl_sunny/ros2_autonomous_vehicle_simulation/install/interfaces_pkg/include/interfaces_pkg/interfaces_pkg/msg/detail/lane_info__rosidl_typesupport_introspection_c.h
[5.206s] -- Up-to-date symlink: /home/amrl_sunny/ros2_autonomous_vehicle_simulation/install/interfaces_pkg/include/interfaces_pkg/interfaces_pkg/msg/detail/mask__rosidl_typesupport_introspection_c.h
[5.206s] -- Up-to-date symlink: /home/amrl_sunny/ros2_autonomous_vehicle_simulation/install/interfaces_pkg/include/interfaces_pkg/interfaces_pkg/msg/detail/motion_command__rosidl_typesupport_introspection_c.h
[5.206s] -- Up-to-date symlink: /home/amrl_sunny/ros2_autonomous_vehicle_simulation/install/interfaces_pkg/include/interfaces_pkg/interfaces_pkg/msg/detail/path_planning_result__rosidl_typesupport_introspection_c.h
[5.206s] -- Up-to-date symlink: /home/amrl_sunny/ros2_autonomous_vehicle_simulation/install/interfaces_pkg/include/interfaces_pkg/interfaces_pkg/msg/detail/point2_d__rosidl_typesupport_introspection_c.h
[5.206s] -- Up-to-date symlink: /home/amrl_sunny/ros2_autonomous_vehicle_simulation/install/interfaces_pkg/include/interfaces_pkg/interfaces_pkg/msg/detail/pose2_d__rosidl_typesupport_introspection_c.h
[5.206s] -- Up-to-date symlink: /home/amrl_sunny/ros2_autonomous_vehicle_simulation/install/interfaces_pkg/include/interfaces_pkg/interfaces_pkg/msg/detail/target_point__rosidl_typesupport_introspection_c.h
[5.206s] -- Up-to-date symlink: /home/amrl_sunny/ros2_autonomous_vehicle_simulation/install/interfaces_pkg/include/interfaces_pkg/interfaces_pkg/msg/detail/vector2__rosidl_typesupport_introspection_c.h
[5.206s] -- Up-to-date symlink: /home/amrl_sunny/ros2_autonomous_vehicle_simulation/install/interfaces_pkg/include/interfaces_pkg/interfaces_pkg/msg/rosidl_typesupport_introspection_c__visibility_control.h
[5.207s] -- Up-to-date symlink: /home/amrl_sunny/ros2_autonomous_vehicle_simulation/install/interfaces_pkg/include/interfaces_pkg/interfaces_pkg/msg/bounding_box2_d.hpp
[5.207s] -- Up-to-date symlink: /home/amrl_sunny/ros2_autonomous_vehicle_simulation/install/interfaces_pkg/include/interfaces_pkg/interfaces_pkg/msg/bounding_box3_d.hpp
[5.207s] -- Up-to-date symlink: /home/amrl_sunny/ros2_autonomous_vehicle_simulation/install/interfaces_pkg/include/interfaces_pkg/interfaces_pkg/msg/detail/bounding_box2_d__builder.hpp
[5.207s] -- Up-to-date symlink: /home/amrl_sunny/ros2_autonomous_vehicle_simulation/install/interfaces_pkg/include/interfaces_pkg/interfaces_pkg/msg/detail/bounding_box2_d__struct.hpp
[5.207s] -- Up-to-date symlink: /home/amrl_sunny/ros2_autonomous_vehicle_simulation/install/interfaces_pkg/include/interfaces_pkg/interfaces_pkg/msg/detail/bounding_box2_d__traits.hpp
[5.207s] -- Up-to-date symlink: /home/amrl_sunny/ros2_autonomous_vehicle_simulation/install/interfaces_pkg/include/interfaces_pkg/interfaces_pkg/msg/detail/bounding_box2_d__type_support.hpp
[5.207s] -- Up-to-date symlink: /home/amrl_sunny/ros2_autonomous_vehicle_simulation/install/interfaces_pkg/include/interfaces_pkg/interfaces_pkg/msg/detail/bounding_box3_d__builder.hpp
[5.207s] -- Up-to-date symlink: /home/amrl_sunny/ros2_autonomous_vehicle_simulation/install/interfaces_pkg/include/interfaces_pkg/interfaces_pkg/msg/detail/bounding_box3_d__struct.hpp
[5.207s] -- Up-to-date symlink: /home/amrl_sunny/ros2_autonomous_vehicle_simulation/install/interfaces_pkg/include/interfaces_pkg/interfaces_pkg/msg/detail/bounding_box3_d__traits.hpp
[5.207s] -- Up-to-date symlink: /home/amrl_sunny/ros2_autonomous_vehicle_simulation/install/interfaces_pkg/include/interfaces_pkg/interfaces_pkg/msg/detail/bounding_box3_d__type_support.hpp
[5.207s] -- Up-to-date symlink: /home/amrl_sunny/ros2_autonomous_vehicle_simulation/install/interfaces_pkg/include/interfaces_pkg/interfaces_pkg/msg/detail/detection__builder.hpp
[5.207s] -- Up-to-date symlink: /home/amrl_sunny/ros2_autonomous_vehicle_simulation/install/interfaces_pkg/include/interfaces_pkg/interfaces_pkg/msg/detail/detection__struct.hpp
[5.207s] -- Up-to-date symlink: /home/amrl_sunny/ros2_autonomous_vehicle_simulation/install/interfaces_pkg/include/interfaces_pkg/interfaces_pkg/msg/detail/detection__traits.hpp
[5.207s] -- Up-to-date symlink: /home/amrl_sunny/ros2_autonomous_vehicle_simulation/install/interfaces_pkg/include/interfaces_pkg/interfaces_pkg/msg/detail/detection__type_support.hpp
[5.207s] -- Up-to-date symlink: /home/amrl_sunny/ros2_autonomous_vehicle_simulation/install/interfaces_pkg/include/interfaces_pkg/interfaces_pkg/msg/detail/detection_array__builder.hpp
[5.207s] -- Up-to-date symlink: /home/amrl_sunny/ros2_autonomous_vehicle_simulation/install/interfaces_pkg/include/interfaces_pkg/interfaces_pkg/msg/detail/detection_array__struct.hpp
[5.207s] -- Up-to-date symlink: /home/amrl_sunny/ros2_autonomous_vehicle_simulation/install/interfaces_pkg/include/interfaces_pkg/interfaces_pkg/msg/detail/detection_array__traits.hpp
[5.207s] -- Up-to-date symlink: /home/amrl_sunny/ros2_autonomous_vehicle_simulation/install/interfaces_pkg/include/interfaces_pkg/interfaces_pkg/msg/detail/detection_array__type_support.hpp
[5.207s] -- Up-to-date symlink: /home/amrl_sunny/ros2_autonomous_vehicle_simulation/install/interfaces_pkg/include/interfaces_pkg/interfaces_pkg/msg/detail/key_point2_d__builder.hpp
[5.208s] -- Up-to-date symlink: /home/amrl_sunny/ros2_autonomous_vehicle_simulation/install/interfaces_pkg/include/interfaces_pkg/interfaces_pkg/msg/detail/key_point2_d__struct.hpp
[5.208s] -- Up-to-date symlink: /home/amrl_sunny/ros2_autonomous_vehicle_simulation/install/interfaces_pkg/include/interfaces_pkg/interfaces_pkg/msg/detail/key_point2_d__traits.hpp
[5.208s] -- Up-to-date symlink: /home/amrl_sunny/ros2_autonomous_vehicle_simulation/install/interfaces_pkg/include/interfaces_pkg/interfaces_pkg/msg/detail/key_point2_d__type_support.hpp
[5.208s] -- Up-to-date symlink: /home/amrl_sunny/ros2_autonomous_vehicle_simulation/install/interfaces_pkg/include/interfaces_pkg/interfaces_pkg/msg/detail/key_point2_d_array__builder.hpp
[5.208s] -- Up-to-date symlink: /home/amrl_sunny/ros2_autonomous_vehicle_simulation/install/interfaces_pkg/include/interfaces_pkg/interfaces_pkg/msg/detail/key_point2_d_array__struct.hpp
[5.208s] -- Up-to-date symlink: /home/amrl_sunny/ros2_autonomous_vehicle_simulation/install/interfaces_pkg/include/interfaces_pkg/interfaces_pkg/msg/detail/key_point2_d_array__traits.hpp
[5.208s] -- Up-to-date symlink: /home/amrl_sunny/ros2_autonomous_vehicle_simulation/install/interfaces_pkg/include/interfaces_pkg/interfaces_pkg/msg/detail/key_point2_d_array__type_support.hpp
[5.208s] -- Up-to-date symlink: /home/amrl_sunny/ros2_autonomous_vehicle_simulation/install/interfaces_pkg/include/interfaces_pkg/interfaces_pkg/msg/detail/key_point3_d__builder.hpp
[5.208s] -- Up-to-date symlink: /home/amrl_sunny/ros2_autonomous_vehicle_simulation/install/interfaces_pkg/include/interfaces_pkg/interfaces_pkg/msg/detail/key_point3_d__struct.hpp
[5.208s] -- Up-to-date symlink: /home/amrl_sunny/ros2_autonomous_vehicle_simulation/install/interfaces_pkg/include/interfaces_pkg/interfaces_pkg/msg/detail/key_point3_d__traits.hpp
[5.208s] -- Up-to-date symlink: /home/amrl_sunny/ros2_autonomous_vehicle_simulation/install/interfaces_pkg/include/interfaces_pkg/interfaces_pkg/msg/detail/key_point3_d__type_support.hpp
[5.208s] -- Up-to-date symlink: /home/amrl_sunny/ros2_autonomous_vehicle_simulation/install/interfaces_pkg/include/interfaces_pkg/interfaces_pkg/msg/detail/key_point3_d_array__builder.hpp
[5.208s] -- Up-to-date symlink: /home/amrl_sunny/ros2_autonomous_vehicle_simulation/install/interfaces_pkg/include/interfaces_pkg/interfaces_pkg/msg/detail/key_point3_d_array__struct.hpp
[5.208s] -- Up-to-date symlink: /home/amrl_sunny/ros2_autonomous_vehicle_simulation/install/interfaces_pkg/include/interfaces_pkg/interfaces_pkg/msg/detail/key_point3_d_array__traits.hpp
[5.208s] -- Up-to-date symlink: /home/amrl_sunny/ros2_autonomous_vehicle_simulation/install/interfaces_pkg/include/interfaces_pkg/interfaces_pkg/msg/detail/key_point3_d_array__type_support.hpp
[5.208s] -- Up-to-date symlink: /home/amrl_sunny/ros2_autonomous_vehicle_simulation/install/interfaces_pkg/include/interfaces_pkg/interfaces_pkg/msg/detail/lane_info__builder.hpp
[5.208s] -- Up-to-date symlink: /home/amrl_sunny/ros2_autonomous_vehicle_simulation/install/interfaces_pkg/include/interfaces_pkg/interfaces_pkg/msg/detail/lane_info__struct.hpp
[5.208s] -- Up-to-date symlink: /home/amrl_sunny/ros2_autonomous_vehicle_simulation/install/interfaces_pkg/include/interfaces_pkg/interfaces_pkg/msg/detail/lane_info__traits.hpp
[5.208s] -- Up-to-date symlink: /home/amrl_sunny/ros2_autonomous_vehicle_simulation/install/interfaces_pkg/include/interfaces_pkg/interfaces_pkg/msg/detail/lane_info__type_support.hpp
[5.208s] -- Up-to-date symlink: /home/amrl_sunny/ros2_autonomous_vehicle_simulation/install/interfaces_pkg/include/interfaces_pkg/interfaces_pkg/msg/detail/mask__builder.hpp
[5.208s] -- Up-to-date symlink: /home/amrl_sunny/ros2_autonomous_vehicle_simulation/install/interfaces_pkg/include/interfaces_pkg/interfaces_pkg/msg/detail/mask__struct.hpp
[5.208s] -- Up-to-date symlink: /home/amrl_sunny/ros2_autonomous_vehicle_simulation/install/interfaces_pkg/include/interfaces_pkg/interfaces_pkg/msg/detail/mask__traits.hpp
[5.208s] -- Up-to-date symlink: /home/amrl_sunny/ros2_autonomous_vehicle_simulation/install/interfaces_pkg/include/interfaces_pkg/interfaces_pkg/msg/detail/mask__type_support.hpp
[5.208s] -- Up-to-date symlink: /home/amrl_sunny/ros2_autonomous_vehicle_simulation/install/interfaces_pkg/include/interfaces_pkg/interfaces_pkg/msg/detail/motion_command__builder.hpp
[5.208s] -- Up-to-date symlink: /home/amrl_sunny/ros2_autonomous_vehicle_simulation/install/interfaces_pkg/include/interfaces_pkg/interfaces_pkg/msg/detail/motion_command__struct.hpp
[5.208s] -- Up-to-date symlink: /home/amrl_sunny/ros2_autonomous_vehicle_simulation/install/interfaces_pkg/include/interfaces_pkg/interfaces_pkg/msg/detail/motion_command__traits.hpp
[5.208s] -- Up-to-date symlink: /home/amrl_sunny/ros2_autonomous_vehicle_simulation/install/interfaces_pkg/include/interfaces_pkg/interfaces_pkg/msg/detail/motion_command__type_support.hpp
[5.209s] -- Up-to-date symlink: /home/amrl_sunny/ros2_autonomous_vehicle_simulation/install/interfaces_pkg/include/interfaces_pkg/interfaces_pkg/msg/detail/path_planning_result__builder.hpp
[5.209s] -- Up-to-date symlink: /home/amrl_sunny/ros2_autonomous_vehicle_simulation/install/interfaces_pkg/include/interfaces_pkg/interfaces_pkg/msg/detail/path_planning_result__struct.hpp
[5.209s] -- Up-to-date symlink: /home/amrl_sunny/ros2_autonomous_vehicle_simulation/install/interfaces_pkg/include/interfaces_pkg/interfaces_pkg/msg/detail/path_planning_result__traits.hpp
[5.209s] -- Up-to-date symlink: /home/amrl_sunny/ros2_autonomous_vehicle_simulation/install/interfaces_pkg/include/interfaces_pkg/interfaces_pkg/msg/detail/path_planning_result__type_support.hpp
[5.209s] -- Up-to-date symlink: /home/amrl_sunny/ros2_autonomous_vehicle_simulation/install/interfaces_pkg/include/interfaces_pkg/interfaces_pkg/msg/detail/point2_d__builder.hpp
[5.209s] -- Up-to-date symlink: /home/amrl_sunny/ros2_autonomous_vehicle_simulation/install/interfaces_pkg/include/interfaces_pkg/interfaces_pkg/msg/detail/point2_d__struct.hpp
[5.209s] -- Up-to-date symlink: /home/amrl_sunny/ros2_autonomous_vehicle_simulation/install/interfaces_pkg/include/interfaces_pkg/interfaces_pkg/msg/detail/point2_d__traits.hpp
[5.209s] -- Up-to-date symlink: /home/amrl_sunny/ros2_autonomous_vehicle_simulation/install/interfaces_pkg/include/interfaces_pkg/interfaces_pkg/msg/detail/point2_d__type_support.hpp
[5.209s] -- Up-to-date symlink: /home/amrl_sunny/ros2_autonomous_vehicle_simulation/install/interfaces_pkg/include/interfaces_pkg/interfaces_pkg/msg/detail/pose2_d__builder.hpp
[5.209s] -- Up-to-date symlink: /home/amrl_sunny/ros2_autonomous_vehicle_simulation/install/interfaces_pkg/include/interfaces_pkg/interfaces_pkg/msg/detail/pose2_d__struct.hpp
[5.209s] -- Up-to-date symlink: /home/amrl_sunny/ros2_autonomous_vehicle_simulation/install/interfaces_pkg/include/interfaces_pkg/interfaces_pkg/msg/detail/pose2_d__traits.hpp
[5.209s] -- Up-to-date symlink: /home/amrl_sunny/ros2_autonomous_vehicle_simulation/install/interfaces_pkg/include/interfaces_pkg/interfaces_pkg/msg/detail/pose2_d__type_support.hpp
[5.209s] -- Up-to-date symlink: /home/amrl_sunny/ros2_autonomous_vehicle_simulation/install/interfaces_pkg/include/interfaces_pkg/interfaces_pkg/msg/detail/target_point__builder.hpp
[5.209s] -- Up-to-date symlink: /home/amrl_sunny/ros2_autonomous_vehicle_simulation/install/interfaces_pkg/include/interfaces_pkg/interfaces_pkg/msg/detail/target_point__struct.hpp
[5.209s] -- Up-to-date symlink: /home/amrl_sunny/ros2_autonomous_vehicle_simulation/install/interfaces_pkg/include/interfaces_pkg/interfaces_pkg/msg/detail/target_point__traits.hpp
[5.209s] -- Up-to-date symlink: /home/amrl_sunny/ros2_autonomous_vehicle_simulation/install/interfaces_pkg/include/interfaces_pkg/interfaces_pkg/msg/detail/target_point__type_support.hpp
[5.209s] -- Up-to-date symlink: /home/amrl_sunny/ros2_autonomous_vehicle_simulation/install/interfaces_pkg/include/interfaces_pkg/interfaces_pkg/msg/detail/vector2__builder.hpp
[5.209s] -- Up-to-date symlink: /home/amrl_sunny/ros2_autonomous_vehicle_simulation/install/interfaces_pkg/include/interfaces_pkg/interfaces_pkg/msg/detail/vector2__struct.hpp
[5.209s] -- Up-to-date symlink: /home/amrl_sunny/ros2_autonomous_vehicle_simulation/install/interfaces_pkg/include/interfaces_pkg/interfaces_pkg/msg/detail/vector2__traits.hpp
[5.209s] -- Up-to-date symlink: /home/amrl_sunny/ros2_autonomous_vehicle_simulation/install/interfaces_pkg/include/interfaces_pkg/interfaces_pkg/msg/detail/vector2__type_support.hpp
[5.209s] -- Up-to-date symlink: /home/amrl_sunny/ros2_autonomous_vehicle_simulation/install/interfaces_pkg/include/interfaces_pkg/interfaces_pkg/msg/detection.hpp
[5.209s] -- Up-to-date symlink: /home/amrl_sunny/ros2_autonomous_vehicle_simulation/install/interfaces_pkg/include/interfaces_pkg/interfaces_pkg/msg/detection_array.hpp
[5.209s] -- Up-to-date symlink: /home/amrl_sunny/ros2_autonomous_vehicle_simulation/install/interfaces_pkg/include/interfaces_pkg/interfaces_pkg/msg/key_point2_d.hpp
[5.209s] -- Up-to-date symlink: /home/amrl_sunny/ros2_autonomous_vehicle_simulation/install/interfaces_pkg/include/interfaces_pkg/interfaces_pkg/msg/key_point2_d_array.hpp
[5.209s] -- Up-to-date symlink: /home/amrl_sunny/ros2_autonomous_vehicle_simulation/install/interfaces_pkg/include/interfaces_pkg/interfaces_pkg/msg/key_point3_d.hpp
[5.209s] -- Up-to-date symlink: /home/amrl_sunny/ros2_autonomous_vehicle_simulation/install/interfaces_pkg/include/interfaces_pkg/interfaces_pkg/msg/key_point3_d_array.hpp
[5.210s] -- Up-to-date symlink: /home/amrl_sunny/ros2_autonomous_vehicle_simulation/install/interfaces_pkg/include/interfaces_pkg/interfaces_pkg/msg/lane_info.hpp
[5.210s] -- Up-to-date symlink: /home/amrl_sunny/ros2_autonomous_vehicle_simulation/install/interfaces_pkg/include/interfaces_pkg/interfaces_pkg/msg/mask.hpp
[5.210s] -- Up-to-date symlink: /home/amrl_sunny/ros2_autonomous_vehicle_simulation/install/interfaces_pkg/include/interfaces_pkg/interfaces_pkg/msg/motion_command.hpp
[5.210s] -- Up-to-date symlink: /home/amrl_sunny/ros2_autonomous_vehicle_simulation/install/interfaces_pkg/include/interfaces_pkg/interfaces_pkg/msg/path_planning_result.hpp
[5.210s] -- Up-to-date symlink: /home/amrl_sunny/ros2_autonomous_vehicle_simulation/install/interfaces_pkg/include/interfaces_pkg/interfaces_pkg/msg/point2_d.hpp
[5.210s] -- Up-to-date symlink: /home/amrl_sunny/ros2_autonomous_vehicle_simulation/install/interfaces_pkg/include/interfaces_pkg/interfaces_pkg/msg/pose2_d.hpp
[5.210s] -- Up-to-date symlink: /home/amrl_sunny/ros2_autonomous_vehicle_simulation/install/interfaces_pkg/include/interfaces_pkg/interfaces_pkg/msg/rosidl_generator_cpp__visibility_control.hpp
[5.210s] -- Up-to-date symlink: /home/amrl_sunny/ros2_autonomous_vehicle_simulation/install/interfaces_pkg/include/interfaces_pkg/interfaces_pkg/msg/target_point.hpp
[5.210s] -- Up-to-date symlink: /home/amrl_sunny/ros2_autonomous_vehicle_simulation/install/interfaces_pkg/include/interfaces_pkg/interfaces_pkg/msg/vector2.hpp
[5.210s] -- Up-to-date symlink: /home/amrl_sunny/ros2_autonomous_vehicle_simulation/install/interfaces_pkg/include/interfaces_pkg/interfaces_pkg/msg/detail/bounding_box2_d__rosidl_typesupport_fastrtps_cpp.hpp
[5.210s] -- Up-to-date symlink: /home/amrl_sunny/ros2_autonomous_vehicle_simulation/install/interfaces_pkg/include/interfaces_pkg/interfaces_pkg/msg/detail/bounding_box3_d__rosidl_typesupport_fastrtps_cpp.hpp
[5.210s] -- Up-to-date symlink: /home/amrl_sunny/ros2_autonomous_vehicle_simulation/install/interfaces_pkg/include/interfaces_pkg/interfaces_pkg/msg/detail/detection__rosidl_typesupport_fastrtps_cpp.hpp
[5.210s] -- Up-to-date symlink: /home/amrl_sunny/ros2_autonomous_vehicle_simulation/install/interfaces_pkg/include/interfaces_pkg/interfaces_pkg/msg/detail/detection_array__rosidl_typesupport_fastrtps_cpp.hpp
[5.210s] -- Up-to-date symlink: /home/amrl_sunny/ros2_autonomous_vehicle_simulation/install/interfaces_pkg/include/interfaces_pkg/interfaces_pkg/msg/detail/key_point2_d__rosidl_typesupport_fastrtps_cpp.hpp
[5.210s] -- Up-to-date symlink: /home/amrl_sunny/ros2_autonomous_vehicle_simulation/install/interfaces_pkg/include/interfaces_pkg/interfaces_pkg/msg/detail/key_point2_d_array__rosidl_typesupport_fastrtps_cpp.hpp
[5.210s] -- Up-to-date symlink: /home/amrl_sunny/ros2_autonomous_vehicle_simulation/install/interfaces_pkg/include/interfaces_pkg/interfaces_pkg/msg/detail/key_point3_d__rosidl_typesupport_fastrtps_cpp.hpp
[5.210s] -- Up-to-date symlink: /home/amrl_sunny/ros2_autonomous_vehicle_simulation/install/interfaces_pkg/include/interfaces_pkg/interfaces_pkg/msg/detail/key_point3_d_array__rosidl_typesupport_fastrtps_cpp.hpp
[5.210s] -- Up-to-date symlink: /home/amrl_sunny/ros2_autonomous_vehicle_simulation/install/interfaces_pkg/include/interfaces_pkg/interfaces_pkg/msg/detail/lane_info__rosidl_typesupport_fastrtps_cpp.hpp
[5.210s] -- Up-to-date symlink: /home/amrl_sunny/ros2_autonomous_vehicle_simulation/install/interfaces_pkg/include/interfaces_pkg/interfaces_pkg/msg/detail/mask__rosidl_typesupport_fastrtps_cpp.hpp
[5.210s] -- Up-to-date symlink: /home/amrl_sunny/ros2_autonomous_vehicle_simulation/install/interfaces_pkg/include/interfaces_pkg/interfaces_pkg/msg/detail/motion_command__rosidl_typesupport_fastrtps_cpp.hpp
[5.211s] -- Up-to-date symlink: /home/amrl_sunny/ros2_autonomous_vehicle_simulation/install/interfaces_pkg/include/interfaces_pkg/interfaces_pkg/msg/detail/path_planning_result__rosidl_typesupport_fastrtps_cpp.hpp
[5.211s] -- Up-to-date symlink: /home/amrl_sunny/ros2_autonomous_vehicle_simulation/install/interfaces_pkg/include/interfaces_pkg/interfaces_pkg/msg/detail/point2_d__rosidl_typesupport_fastrtps_cpp.hpp
[5.211s] -- Up-to-date symlink: /home/amrl_sunny/ros2_autonomous_vehicle_simulation/install/interfaces_pkg/include/interfaces_pkg/interfaces_pkg/msg/detail/pose2_d__rosidl_typesupport_fastrtps_cpp.hpp
[5.211s] -- Up-to-date symlink: /home/amrl_sunny/ros2_autonomous_vehicle_simulation/install/interfaces_pkg/include/interfaces_pkg/interfaces_pkg/msg/detail/target_point__rosidl_typesupport_fastrtps_cpp.hpp
[5.211s] -- Up-to-date symlink: /home/amrl_sunny/ros2_autonomous_vehicle_simulation/install/interfaces_pkg/include/interfaces_pkg/interfaces_pkg/msg/detail/vector2__rosidl_typesupport_fastrtps_cpp.hpp
[5.211s] -- Up-to-date symlink: /home/amrl_sunny/ros2_autonomous_vehicle_simulation/install/interfaces_pkg/include/interfaces_pkg/interfaces_pkg/msg/rosidl_typesupport_fastrtps_cpp__visibility_control.h
[5.211s] -- Up-to-date symlink: /home/amrl_sunny/ros2_autonomous_vehicle_simulation/install/interfaces_pkg/include/interfaces_pkg/interfaces_pkg/msg/detail/bounding_box2_d__rosidl_typesupport_introspection_cpp.hpp
[5.211s] -- Up-to-date symlink: /home/amrl_sunny/ros2_autonomous_vehicle_simulation/install/interfaces_pkg/include/interfaces_pkg/interfaces_pkg/msg/detail/bounding_box3_d__rosidl_typesupport_introspection_cpp.hpp
[5.211s] -- Up-to-date symlink: /home/amrl_sunny/ros2_autonomous_vehicle_simulation/install/interfaces_pkg/include/interfaces_pkg/interfaces_pkg/msg/detail/detection__rosidl_typesupport_introspection_cpp.hpp
[5.211s] -- Up-to-date symlink: /home/amrl_sunny/ros2_autonomous_vehicle_simulation/install/interfaces_pkg/include/interfaces_pkg/interfaces_pkg/msg/detail/detection_array__rosidl_typesupport_introspection_cpp.hpp
[5.211s] -- Up-to-date symlink: /home/amrl_sunny/ros2_autonomous_vehicle_simulation/install/interfaces_pkg/include/interfaces_pkg/interfaces_pkg/msg/detail/key_point2_d__rosidl_typesupport_introspection_cpp.hpp
[5.211s] -- Up-to-date symlink: /home/amrl_sunny/ros2_autonomous_vehicle_simulation/install/interfaces_pkg/include/interfaces_pkg/interfaces_pkg/msg/detail/key_point2_d_array__rosidl_typesupport_introspection_cpp.hpp
[5.211s] -- Up-to-date symlink: /home/amrl_sunny/ros2_autonomous_vehicle_simulation/install/interfaces_pkg/include/interfaces_pkg/interfaces_pkg/msg/detail/key_point3_d__rosidl_typesupport_introspection_cpp.hpp
[5.211s] -- Up-to-date symlink: /home/amrl_sunny/ros2_autonomous_vehicle_simulation/install/interfaces_pkg/include/interfaces_pkg/interfaces_pkg/msg/detail/key_point3_d_array__rosidl_typesupport_introspection_cpp.hpp
[5.211s] -- Up-to-date symlink: /home/amrl_sunny/ros2_autonomous_vehicle_simulation/install/interfaces_pkg/include/interfaces_pkg/interfaces_pkg/msg/detail/lane_info__rosidl_typesupport_introspection_cpp.hpp
[5.211s] -- Up-to-date symlink: /home/amrl_sunny/ros2_autonomous_vehicle_simulation/install/interfaces_pkg/include/interfaces_pkg/interfaces_pkg/msg/detail/mask__rosidl_typesupport_introspection_cpp.hpp
[5.211s] -- Up-to-date symlink: /home/amrl_sunny/ros2_autonomous_vehicle_simulation/install/interfaces_pkg/include/interfaces_pkg/interfaces_pkg/msg/detail/motion_command__rosidl_typesupport_introspection_cpp.hpp
[5.211s] -- Up-to-date symlink: /home/amrl_sunny/ros2_autonomous_vehicle_simulation/install/interfaces_pkg/include/interfaces_pkg/interfaces_pkg/msg/detail/path_planning_result__rosidl_typesupport_introspection_cpp.hpp
[5.211s] -- Up-to-date symlink: /home/amrl_sunny/ros2_autonomous_vehicle_simulation/install/interfaces_pkg/include/interfaces_pkg/interfaces_pkg/msg/detail/point2_d__rosidl_typesupport_introspection_cpp.hpp
[5.211s] -- Up-to-date symlink: /home/amrl_sunny/ros2_autonomous_vehicle_simulation/install/interfaces_pkg/include/interfaces_pkg/interfaces_pkg/msg/detail/pose2_d__rosidl_typesupport_introspection_cpp.hpp
[5.211s] -- Up-to-date symlink: /home/amrl_sunny/ros2_autonomous_vehicle_simulation/install/interfaces_pkg/include/interfaces_pkg/interfaces_pkg/msg/detail/target_point__rosidl_typesupport_introspection_cpp.hpp
[5.211s] -- Up-to-date symlink: /home/amrl_sunny/ros2_autonomous_vehicle_simulation/install/interfaces_pkg/include/interfaces_pkg/interfaces_pkg/msg/detail/vector2__rosidl_typesupport_introspection_cpp.hpp
[5.212s] -- Up-to-date symlink: /home/amrl_sunny/ros2_autonomous_vehicle_simulation/install/interfaces_pkg/share/interfaces_pkg/environment/pythonpath.sh
[5.212s] -- Up-to-date symlink: /home/amrl_sunny/ros2_autonomous_vehicle_simulation/install/interfaces_pkg/share/interfaces_pkg/environment/pythonpath.dsv
[5.212s] -- Up-to-date symlink: /home/amrl_sunny/ros2_autonomous_vehicle_simulation/install/interfaces_pkg/local/lib/python3.10/dist-packages/interfaces_pkg-0.0.0-py3.10.egg-info/PKG-INFO
[5.212s] -- Up-to-date symlink: /home/amrl_sunny/ros2_autonomous_vehicle_simulation/install/interfaces_pkg/local/lib/python3.10/dist-packages/interfaces_pkg-0.0.0-py3.10.egg-info/SOURCES.txt
[5.212s] -- Up-to-date symlink: /home/amrl_sunny/ros2_autonomous_vehicle_simulation/install/interfaces_pkg/local/lib/python3.10/dist-packages/interfaces_pkg-0.0.0-py3.10.egg-info/dependency_links.txt
[5.212s] -- Up-to-date symlink: /home/amrl_sunny/ros2_autonomous_vehicle_simulation/install/interfaces_pkg/local/lib/python3.10/dist-packages/interfaces_pkg-0.0.0-py3.10.egg-info/top_level.txt
[5.212s] -- Up-to-date symlink: /home/amrl_sunny/ros2_autonomous_vehicle_simulation/install/interfaces_pkg/local/lib/python3.10/dist-packages/interfaces_pkg/__init__.py
[5.212s] -- Up-to-date symlink: /home/amrl_sunny/ros2_autonomous_vehicle_simulation/install/interfaces_pkg/local/lib/python3.10/dist-packages/interfaces_pkg/_interfaces_pkg_s.ep.rosidl_typesupport_c.c
[5.212s] -- Up-to-date symlink: /home/amrl_sunny/ros2_autonomous_vehicle_simulation/install/interfaces_pkg/local/lib/python3.10/dist-packages/interfaces_pkg/_interfaces_pkg_s.ep.rosidl_typesupport_fastrtps_c.c
[5.212s] -- Up-to-date symlink: /home/amrl_sunny/ros2_autonomous_vehicle_simulation/install/interfaces_pkg/local/lib/python3.10/dist-packages/interfaces_pkg/_interfaces_pkg_s.ep.rosidl_typesupport_introspection_c.c
[5.212s] -- Up-to-date symlink: /home/amrl_sunny/ros2_autonomous_vehicle_simulation/install/interfaces_pkg/local/lib/python3.10/dist-packages/interfaces_pkg/interfaces_pkg_s__rosidl_typesupport_c.cpython-310-x86_64-linux-gnu.so
[5.212s] -- Up-to-date symlink: /home/amrl_sunny/ros2_autonomous_vehicle_simulation/install/interfaces_pkg/local/lib/python3.10/dist-packages/interfaces_pkg/interfaces_pkg_s__rosidl_typesupport_fastrtps_c.cpython-310-x86_64-linux-gnu.so
[5.212s] -- Up-to-date symlink: /home/amrl_sunny/ros2_autonomous_vehicle_simulation/install/interfaces_pkg/local/lib/python3.10/dist-packages/interfaces_pkg/interfaces_pkg_s__rosidl_typesupport_introspection_c.cpython-310-x86_64-linux-gnu.so
[5.212s] -- Up-to-date symlink: /home/amrl_sunny/ros2_autonomous_vehicle_simulation/install/interfaces_pkg/local/lib/python3.10/dist-packages/interfaces_pkg/libinterfaces_pkg__rosidl_generator_py.so
[5.213s] -- Up-to-date symlink: /home/amrl_sunny/ros2_autonomous_vehicle_simulation/install/interfaces_pkg/local/lib/python3.10/dist-packages/interfaces_pkg/msg/__init__.py
[5.213s] -- Up-to-date symlink: /home/amrl_sunny/ros2_autonomous_vehicle_simulation/install/interfaces_pkg/local/lib/python3.10/dist-packages/interfaces_pkg/msg/_bounding_box2_d.py
[5.213s] -- Up-to-date symlink: /home/amrl_sunny/ros2_autonomous_vehicle_simulation/install/interfaces_pkg/local/lib/python3.10/dist-packages/interfaces_pkg/msg/_bounding_box2_d_s.c
[5.213s] -- Up-to-date symlink: /home/amrl_sunny/ros2_autonomous_vehicle_simulation/install/interfaces_pkg/local/lib/python3.10/dist-packages/interfaces_pkg/msg/_bounding_box3_d.py
[5.213s] -- Up-to-date symlink: /home/amrl_sunny/ros2_autonomous_vehicle_simulation/install/interfaces_pkg/local/lib/python3.10/dist-packages/interfaces_pkg/msg/_bounding_box3_d_s.c
[5.213s] -- Up-to-date symlink: /home/amrl_sunny/ros2_autonomous_vehicle_simulation/install/interfaces_pkg/local/lib/python3.10/dist-packages/interfaces_pkg/msg/_detection.py
[5.213s] -- Up-to-date symlink: /home/amrl_sunny/ros2_autonomous_vehicle_simulation/install/interfaces_pkg/local/lib/python3.10/dist-packages/interfaces_pkg/msg/_detection_array.py
[5.213s] -- Up-to-date symlink: /home/amrl_sunny/ros2_autonomous_vehicle_simulation/install/interfaces_pkg/local/lib/python3.10/dist-packages/interfaces_pkg/msg/_detection_array_s.c
[5.213s] -- Up-to-date symlink: /home/amrl_sunny/ros2_autonomous_vehicle_simulation/install/interfaces_pkg/local/lib/python3.10/dist-packages/interfaces_pkg/msg/_detection_s.c
[5.213s] -- Up-to-date symlink: /home/amrl_sunny/ros2_autonomous_vehicle_simulation/install/interfaces_pkg/local/lib/python3.10/dist-packages/interfaces_pkg/msg/_key_point2_d.py
[5.213s] -- Up-to-date symlink: /home/amrl_sunny/ros2_autonomous_vehicle_simulation/install/interfaces_pkg/local/lib/python3.10/dist-packages/interfaces_pkg/msg/_key_point2_d_array.py
[5.213s] -- Up-to-date symlink: /home/amrl_sunny/ros2_autonomous_vehicle_simulation/install/interfaces_pkg/local/lib/python3.10/dist-packages/interfaces_pkg/msg/_key_point2_d_array_s.c
[5.213s] -- Up-to-date symlink: /home/amrl_sunny/ros2_autonomous_vehicle_simulation/install/interfaces_pkg/local/lib/python3.10/dist-packages/interfaces_pkg/msg/_key_point2_d_s.c
[5.213s] -- Up-to-date symlink: /home/amrl_sunny/ros2_autonomous_vehicle_simulation/install/interfaces_pkg/local/lib/python3.10/dist-packages/interfaces_pkg/msg/_key_point3_d.py
[5.213s] -- Up-to-date symlink: /home/amrl_sunny/ros2_autonomous_vehicle_simulation/install/interfaces_pkg/local/lib/python3.10/dist-packages/interfaces_pkg/msg/_key_point3_d_array.py
[5.213s] -- Up-to-date symlink: /home/amrl_sunny/ros2_autonomous_vehicle_simulation/install/interfaces_pkg/local/lib/python3.10/dist-packages/interfaces_pkg/msg/_key_point3_d_array_s.c
[5.213s] -- Up-to-date symlink: /home/amrl_sunny/ros2_autonomous_vehicle_simulation/install/interfaces_pkg/local/lib/python3.10/dist-packages/interfaces_pkg/msg/_key_point3_d_s.c
[5.213s] -- Up-to-date symlink: /home/amrl_sunny/ros2_autonomous_vehicle_simulation/install/interfaces_pkg/local/lib/python3.10/dist-packages/interfaces_pkg/msg/_lane_info.py
[5.213s] -- Up-to-date symlink: /home/amrl_sunny/ros2_autonomous_vehicle_simulation/install/interfaces_pkg/local/lib/python3.10/dist-packages/interfaces_pkg/msg/_lane_info_s.c
[5.213s] -- Up-to-date symlink: /home/amrl_sunny/ros2_autonomous_vehicle_simulation/install/interfaces_pkg/local/lib/python3.10/dist-packages/interfaces_pkg/msg/_mask.py
[5.213s] -- Up-to-date symlink: /home/amrl_sunny/ros2_autonomous_vehicle_simulation/install/interfaces_pkg/local/lib/python3.10/dist-packages/interfaces_pkg/msg/_mask_s.c
[5.213s] -- Up-to-date symlink: /home/amrl_sunny/ros2_autonomous_vehicle_simulation/install/interfaces_pkg/local/lib/python3.10/dist-packages/interfaces_pkg/msg/_motion_command.py
[5.213s] -- Up-to-date symlink: /home/amrl_sunny/ros2_autonomous_vehicle_simulation/install/interfaces_pkg/local/lib/python3.10/dist-packages/interfaces_pkg/msg/_motion_command_s.c
[5.213s] -- Up-to-date symlink: /home/amrl_sunny/ros2_autonomous_vehicle_simulation/install/interfaces_pkg/local/lib/python3.10/dist-packages/interfaces_pkg/msg/_path_planning_result.py
[5.213s] -- Up-to-date symlink: /home/amrl_sunny/ros2_autonomous_vehicle_simulation/install/interfaces_pkg/local/lib/python3.10/dist-packages/interfaces_pkg/msg/_path_planning_result_s.c
[5.213s] -- Up-to-date symlink: /home/amrl_sunny/ros2_autonomous_vehicle_simulation/install/interfaces_pkg/local/lib/python3.10/dist-packages/interfaces_pkg/msg/_point2_d.py
[5.213s] -- Up-to-date symlink: /home/amrl_sunny/ros2_autonomous_vehicle_simulation/install/interfaces_pkg/local/lib/python3.10/dist-packages/interfaces_pkg/msg/_point2_d_s.c
[5.213s] -- Up-to-date symlink: /home/amrl_sunny/ros2_autonomous_vehicle_simulation/install/interfaces_pkg/local/lib/python3.10/dist-packages/interfaces_pkg/msg/_pose2_d.py
[5.213s] -- Up-to-date symlink: /home/amrl_sunny/ros2_autonomous_vehicle_simulation/install/interfaces_pkg/local/lib/python3.10/dist-packages/interfaces_pkg/msg/_pose2_d_s.c
[5.214s] -- Up-to-date symlink: /home/amrl_sunny/ros2_autonomous_vehicle_simulation/install/interfaces_pkg/local/lib/python3.10/dist-packages/interfaces_pkg/msg/_target_point.py
[5.214s] -- Up-to-date symlink: /home/amrl_sunny/ros2_autonomous_vehicle_simulation/install/interfaces_pkg/local/lib/python3.10/dist-packages/interfaces_pkg/msg/_target_point_s.c
[5.214s] -- Up-to-date symlink: /home/amrl_sunny/ros2_autonomous_vehicle_simulation/install/interfaces_pkg/local/lib/python3.10/dist-packages/interfaces_pkg/msg/_vector2.py
[5.214s] -- Up-to-date symlink: /home/amrl_sunny/ros2_autonomous_vehicle_simulation/install/interfaces_pkg/local/lib/python3.10/dist-packages/interfaces_pkg/msg/_vector2_s.c
[5.214s] -- Up-to-date symlink: /home/amrl_sunny/ros2_autonomous_vehicle_simulation/install/interfaces_pkg/local/lib/python3.10/dist-packages/interfaces_pkg/interfaces_pkg_s__rosidl_typesupport_fastrtps_c.cpython-310-x86_64-linux-gnu.so
[5.214s] -- Up-to-date symlink: /home/amrl_sunny/ros2_autonomous_vehicle_simulation/install/interfaces_pkg/local/lib/python3.10/dist-packages/interfaces_pkg/interfaces_pkg_s__rosidl_typesupport_introspection_c.cpython-310-x86_64-linux-gnu.so
[5.214s] -- Up-to-date symlink: /home/amrl_sunny/ros2_autonomous_vehicle_simulation/install/interfaces_pkg/local/lib/python3.10/dist-packages/interfaces_pkg/interfaces_pkg_s__rosidl_typesupport_c.cpython-310-x86_64-linux-gnu.so
[5.214s] -- Up-to-date symlink: /home/amrl_sunny/ros2_autonomous_vehicle_simulation/install/interfaces_pkg/share/interfaces_pkg/msg/Point2D.idl
[5.214s] -- Up-to-date symlink: /home/amrl_sunny/ros2_autonomous_vehicle_simulation/install/interfaces_pkg/share/interfaces_pkg/msg/Vector2.idl
[5.214s] -- Up-to-date symlink: /home/amrl_sunny/ros2_autonomous_vehicle_simulation/install/interfaces_pkg/share/interfaces_pkg/msg/Pose2D.idl
[5.214s] -- Up-to-date symlink: /home/amrl_sunny/ros2_autonomous_vehicle_simulation/install/interfaces_pkg/share/interfaces_pkg/msg/BoundingBox2D.idl
[5.214s] -- Up-to-date symlink: /home/amrl_sunny/ros2_autonomous_vehicle_simulation/install/interfaces_pkg/share/interfaces_pkg/msg/BoundingBox3D.idl
[5.214s] -- Up-to-date symlink: /home/amrl_sunny/ros2_autonomous_vehicle_simulation/install/interfaces_pkg/share/interfaces_pkg/msg/Mask.idl
[5.214s] -- Up-to-date symlink: /home/amrl_sunny/ros2_autonomous_vehicle_simulation/install/interfaces_pkg/share/interfaces_pkg/msg/KeyPoint2D.idl
[5.214s] -- Up-to-date symlink: /home/amrl_sunny/ros2_autonomous_vehicle_simulation/install/interfaces_pkg/share/interfaces_pkg/msg/KeyPoint2DArray.idl
[5.214s] -- Up-to-date symlink: /home/amrl_sunny/ros2_autonomous_vehicle_simulation/install/interfaces_pkg/share/interfaces_pkg/msg/KeyPoint3D.idl
[5.214s] -- Up-to-date symlink: /home/amrl_sunny/ros2_autonomous_vehicle_simulation/install/interfaces_pkg/share/interfaces_pkg/msg/KeyPoint3DArray.idl
[5.214s] -- Up-to-date symlink: /home/amrl_sunny/ros2_autonomous_vehicle_simulation/install/interfaces_pkg/share/interfaces_pkg/msg/Detection.idl
[5.215s] -- Up-to-date symlink: /home/amrl_sunny/ros2_autonomous_vehicle_simulation/install/interfaces_pkg/share/interfaces_pkg/msg/DetectionArray.idl
[5.215s] -- Up-to-date symlink: /home/amrl_sunny/ros2_autonomous_vehicle_simulation/install/interfaces_pkg/share/interfaces_pkg/msg/LaneInfo.idl
[5.215s] -- Up-to-date symlink: /home/amrl_sunny/ros2_autonomous_vehicle_simulation/install/interfaces_pkg/share/interfaces_pkg/msg/MotionCommand.idl
[5.215s] -- Up-to-date symlink: /home/amrl_sunny/ros2_autonomous_vehicle_simulation/install/interfaces_pkg/share/interfaces_pkg/msg/TargetPoint.idl
[5.215s] -- Up-to-date symlink: /home/amrl_sunny/ros2_autonomous_vehicle_simulation/install/interfaces_pkg/share/interfaces_pkg/msg/PathPlanningResult.idl
[5.215s] -- Up-to-date symlink: /home/amrl_sunny/ros2_autonomous_vehicle_simulation/install/interfaces_pkg/share/interfaces_pkg/msg/Point2D.msg
[5.215s] -- Up-to-date symlink: /home/amrl_sunny/ros2_autonomous_vehicle_simulation/install/interfaces_pkg/share/interfaces_pkg/msg/Vector2.msg
[5.215s] -- Up-to-date symlink: /home/amrl_sunny/ros2_autonomous_vehicle_simulation/install/interfaces_pkg/share/interfaces_pkg/msg/Pose2D.msg
[5.215s] -- Up-to-date symlink: /home/amrl_sunny/ros2_autonomous_vehicle_simulation/install/interfaces_pkg/share/interfaces_pkg/msg/BoundingBox2D.msg
[5.215s] -- Up-to-date symlink: /home/amrl_sunny/ros2_autonomous_vehicle_simulation/install/interfaces_pkg/share/interfaces_pkg/msg/BoundingBox3D.msg
[5.215s] -- Up-to-date symlink: /home/amrl_sunny/ros2_autonomous_vehicle_simulation/install/interfaces_pkg/share/interfaces_pkg/msg/Mask.msg
[5.215s] -- Up-to-date symlink: /home/amrl_sunny/ros2_autonomous_vehicle_simulation/install/interfaces_pkg/share/interfaces_pkg/msg/KeyPoint2D.msg
[5.215s] -- Up-to-date symlink: /home/amrl_sunny/ros2_autonomous_vehicle_simulation/install/interfaces_pkg/share/interfaces_pkg/msg/KeyPoint2DArray.msg
[5.215s] -- Up-to-date symlink: /home/amrl_sunny/ros2_autonomous_vehicle_simulation/install/interfaces_pkg/share/interfaces_pkg/msg/KeyPoint3D.msg
[5.215s] -- Up-to-date symlink: /home/amrl_sunny/ros2_autonomous_vehicle_simulation/install/interfaces_pkg/share/interfaces_pkg/msg/KeyPoint3DArray.msg
[5.215s] -- Up-to-date symlink: /home/amrl_sunny/ros2_autonomous_vehicle_simulation/install/interfaces_pkg/share/interfaces_pkg/msg/Detection.msg
[5.215s] -- Up-to-date symlink: /home/amrl_sunny/ros2_autonomous_vehicle_simulation/install/interfaces_pkg/share/interfaces_pkg/msg/DetectionArray.msg
[5.215s] -- Up-to-date symlink: /home/amrl_sunny/ros2_autonomous_vehicle_simulation/install/interfaces_pkg/share/interfaces_pkg/msg/LaneInfo.msg
[5.215s] -- Up-to-date symlink: /home/amrl_sunny/ros2_autonomous_vehicle_simulation/install/interfaces_pkg/share/interfaces_pkg/msg/MotionCommand.msg
[5.215s] -- Up-to-date symlink: /home/amrl_sunny/ros2_autonomous_vehicle_simulation/install/interfaces_pkg/share/interfaces_pkg/msg/TargetPoint.msg
[5.215s] -- Up-to-date symlink: /home/amrl_sunny/ros2_autonomous_vehicle_simulation/install/interfaces_pkg/share/interfaces_pkg/msg/PathPlanningResult.msg
[5.216s] -- Up-to-date symlink: /home/amrl_sunny/ros2_autonomous_vehicle_simulation/install/interfaces_pkg/share/ament_index/resource_index/package_run_dependencies/interfaces_pkg
[5.216s] -- Up-to-date symlink: /home/amrl_sunny/ros2_autonomous_vehicle_simulation/install/interfaces_pkg/share/ament_index/resource_index/parent_prefix_path/interfaces_pkg
[5.216s] -- Up-to-date symlink: /home/amrl_sunny/ros2_autonomous_vehicle_simulation/install/interfaces_pkg/share/interfaces_pkg/environment/ament_prefix_path.sh
[5.216s] -- Up-to-date symlink: /home/amrl_sunny/ros2_autonomous_vehicle_simulation/install/interfaces_pkg/share/interfaces_pkg/environment/ament_prefix_path.dsv
[5.216s] -- Up-to-date symlink: /home/amrl_sunny/ros2_autonomous_vehicle_simulation/install/interfaces_pkg/share/interfaces_pkg/environment/path.sh
[5.216s] -- Up-to-date symlink: /home/amrl_sunny/ros2_autonomous_vehicle_simulation/install/interfaces_pkg/share/interfaces_pkg/environment/path.dsv
[5.216s] -- Up-to-date symlink: /home/amrl_sunny/ros2_autonomous_vehicle_simulation/install/interfaces_pkg/share/interfaces_pkg/local_setup.bash
[5.216s] -- Up-to-date symlink: /home/amrl_sunny/ros2_autonomous_vehicle_simulation/install/interfaces_pkg/share/interfaces_pkg/local_setup.sh
[5.216s] -- Up-to-date symlink: /home/amrl_sunny/ros2_autonomous_vehicle_simulation/install/interfaces_pkg/share/interfaces_pkg/local_setup.zsh
[5.216s] -- Up-to-date symlink: /home/amrl_sunny/ros2_autonomous_vehicle_simulation/install/interfaces_pkg/share/interfaces_pkg/local_setup.dsv
[5.216s] -- Symlinking: /home/amrl_sunny/ros2_autonomous_vehicle_simulation/install/interfaces_pkg/share/interfaces_pkg/package.dsv
[5.221s] -- Up-to-date symlink: /home/amrl_sunny/ros2_autonomous_vehicle_simulation/install/interfaces_pkg/share/ament_index/resource_index/packages/interfaces_pkg
[5.221s] -- Up-to-date symlink: /home/amrl_sunny/ros2_autonomous_vehicle_simulation/install/interfaces_pkg/share/interfaces_pkg/cmake/rosidl_cmake-extras.cmake
[5.221s] -- Up-to-date symlink: /home/amrl_sunny/ros2_autonomous_vehicle_simulation/install/interfaces_pkg/share/interfaces_pkg/cmake/ament_cmake_export_dependencies-extras.cmake
[5.221s] -- Up-to-date symlink: /home/amrl_sunny/ros2_autonomous_vehicle_simulation/install/interfaces_pkg/share/interfaces_pkg/cmake/ament_cmake_export_include_directories-extras.cmake
[5.221s] -- Up-to-date symlink: /home/amrl_sunny/ros2_autonomous_vehicle_simulation/install/interfaces_pkg/share/interfaces_pkg/cmake/ament_cmake_export_libraries-extras.cmake
[5.221s] -- Up-to-date symlink: /home/amrl_sunny/ros2_autonomous_vehicle_simulation/install/interfaces_pkg/share/interfaces_pkg/cmake/ament_cmake_export_targets-extras.cmake
[5.221s] -- Up-to-date symlink: /home/amrl_sunny/ros2_autonomous_vehicle_simulation/install/interfaces_pkg/share/interfaces_pkg/cmake/rosidl_cmake_export_typesupport_targets-extras.cmake
[5.222s] -- Up-to-date symlink: /home/amrl_sunny/ros2_autonomous_vehicle_simulation/install/interfaces_pkg/share/interfaces_pkg/cmake/rosidl_cmake_export_typesupport_libraries-extras.cmake
[5.222s] -- Up-to-date symlink: /home/amrl_sunny/ros2_autonomous_vehicle_simulation/install/interfaces_pkg/share/interfaces_pkg/cmake/interfaces_pkgConfig.cmake
[5.222s] -- Up-to-date symlink: /home/amrl_sunny/ros2_autonomous_vehicle_simulation/install/interfaces_pkg/share/interfaces_pkg/cmake/interfaces_pkgConfig-version.cmake
[5.222s] -- Up-to-date symlink: /home/amrl_sunny/ros2_autonomous_vehicle_simulation/install/interfaces_pkg/share/interfaces_pkg/package.xml
[5.222s] -- Installing: /home/amrl_sunny/ros2_autonomous_vehicle_simulation/install/interfaces_pkg/lib/libinterfaces_pkg__rosidl_generator_c.so
[5.222s] -- Set runtime path of "/home/amrl_sunny/ros2_autonomous_vehicle_simulation/install/interfaces_pkg/lib/libinterfaces_pkg__rosidl_generator_c.so" to ""
[5.222s] -- Installing: /home/amrl_sunny/ros2_autonomous_vehicle_simulation/install/interfaces_pkg/lib/libinterfaces_pkg__rosidl_typesupport_fastrtps_c.so
[5.222s] -- Set runtime path of "/home/amrl_sunny/ros2_autonomous_vehicle_simulation/install/interfaces_pkg/lib/libinterfaces_pkg__rosidl_typesupport_fastrtps_c.so" to ""
[5.222s] -- Installing: /home/amrl_sunny/ros2_autonomous_vehicle_simulation/install/interfaces_pkg/lib/libinterfaces_pkg__rosidl_typesupport_introspection_c.so
[5.222s] -- Set runtime path of "/home/amrl_sunny/ros2_autonomous_vehicle_simulation/install/interfaces_pkg/lib/libinterfaces_pkg__rosidl_typesupport_introspection_c.so" to ""
[5.222s] -- Installing: /home/amrl_sunny/ros2_autonomous_vehicle_simulation/install/interfaces_pkg/lib/libinterfaces_pkg__rosidl_typesupport_c.so
[5.223s] -- Set runtime path of "/home/amrl_sunny/ros2_autonomous_vehicle_simulation/install/interfaces_pkg/lib/libinterfaces_pkg__rosidl_typesupport_c.so" to ""
[5.223s] -- Installing: /home/amrl_sunny/ros2_autonomous_vehicle_simulation/install/interfaces_pkg/lib/libinterfaces_pkg__rosidl_typesupport_fastrtps_cpp.so
[5.223s] -- Set runtime path of "/home/amrl_sunny/ros2_autonomous_vehicle_simulation/install/interfaces_pkg/lib/libinterfaces_pkg__rosidl_typesupport_fastrtps_cpp.so" to ""
[5.223s] -- Installing: /home/amrl_sunny/ros2_autonomous_vehicle_simulation/install/interfaces_pkg/lib/libinterfaces_pkg__rosidl_typesupport_introspection_cpp.so
[5.223s] -- Set runtime path of "/home/amrl_sunny/ros2_autonomous_vehicle_simulation/install/interfaces_pkg/lib/libinterfaces_pkg__rosidl_typesupport_introspection_cpp.so" to ""
[5.223s] -- Installing: /home/amrl_sunny/ros2_autonomous_vehicle_simulation/install/interfaces_pkg/lib/libinterfaces_pkg__rosidl_typesupport_cpp.so
[5.223s] -- Set runtime path of "/home/amrl_sunny/ros2_autonomous_vehicle_simulation/install/interfaces_pkg/lib/libinterfaces_pkg__rosidl_typesupport_cpp.so" to ""
[5.254s] Listing '/home/amrl_sunny/ros2_autonomous_vehicle_simulation/install/interfaces_pkg/local/lib/python3.10/dist-packages/interfaces_pkg'...
[5.254s] Compiling '/home/amrl_sunny/ros2_autonomous_vehicle_simulation/install/interfaces_pkg/local/lib/python3.10/dist-packages/interfaces_pkg/__init__.py'...
[5.254s] Listing '/home/amrl_sunny/ros2_autonomous_vehicle_simulation/install/interfaces_pkg/local/lib/python3.10/dist-packages/interfaces_pkg/msg'...
[5.254s] Compiling '/home/amrl_sunny/ros2_autonomous_vehicle_simulation/install/interfaces_pkg/local/lib/python3.10/dist-packages/interfaces_pkg/msg/__init__.py'...
[5.254s] Compiling '/home/amrl_sunny/ros2_autonomous_vehicle_simulation/install/interfaces_pkg/local/lib/python3.10/dist-packages/interfaces_pkg/msg/_bounding_box2_d.py'...
[5.254s] Compiling '/home/amrl_sunny/ros2_autonomous_vehicle_simulation/install/interfaces_pkg/local/lib/python3.10/dist-packages/interfaces_pkg/msg/_bounding_box3_d.py'...
[5.254s] Compiling '/home/amrl_sunny/ros2_autonomous_vehicle_simulation/install/interfaces_pkg/local/lib/python3.10/dist-packages/interfaces_pkg/msg/_detection.py'...
[5.254s] Compiling '/home/amrl_sunny/ros2_autonomous_vehicle_simulation/install/interfaces_pkg/local/lib/python3.10/dist-packages/interfaces_pkg/msg/_detection_array.py'...
[5.254s] Compiling '/home/amrl_sunny/ros2_autonomous_vehicle_simulation/install/interfaces_pkg/local/lib/python3.10/dist-packages/interfaces_pkg/msg/_key_point2_d.py'...
[5.254s] Compiling '/home/amrl_sunny/ros2_autonomous_vehicle_simulation/install/interfaces_pkg/local/lib/python3.10/dist-packages/interfaces_pkg/msg/_key_point2_d_array.py'...
[5.254s] Compiling '/home/amrl_sunny/ros2_autonomous_vehicle_simulation/install/interfaces_pkg/local/lib/python3.10/dist-packages/interfaces_pkg/msg/_key_point3_d.py'...
[5.254s] Compiling '/home/amrl_sunny/ros2_autonomous_vehicle_simulation/install/interfaces_pkg/local/lib/python3.10/dist-packages/interfaces_pkg/msg/_key_point3_d_array.py'...
[5.254s] Compiling '/home/amrl_sunny/ros2_autonomous_vehicle_simulation/install/interfaces_pkg/local/lib/python3.10/dist-packages/interfaces_pkg/msg/_lane_info.py'...
[5.254s] Compiling '/home/amrl_sunny/ros2_autonomous_vehicle_simulation/install/interfaces_pkg/local/lib/python3.10/dist-packages/interfaces_pkg/msg/_mask.py'...
[5.255s] Compiling '/home/amrl_sunny/ros2_autonomous_vehicle_simulation/install/interfaces_pkg/local/lib/python3.10/dist-packages/interfaces_pkg/msg/_motion_command.py'...
[5.255s] Compiling '/home/amrl_sunny/ros2_autonomous_vehicle_simulation/install/interfaces_pkg/local/lib/python3.10/dist-packages/interfaces_pkg/msg/_path_planning_result.py'...
[5.255s] Compiling '/home/amrl_sunny/ros2_autonomous_vehicle_simulation/install/interfaces_pkg/local/lib/python3.10/dist-packages/interfaces_pkg/msg/_point2_d.py'...
[5.255s] Compiling '/home/amrl_sunny/ros2_autonomous_vehicle_simulation/install/interfaces_pkg/local/lib/python3.10/dist-packages/interfaces_pkg/msg/_pose2_d.py'...
[5.255s] Compiling '/home/amrl_sunny/ros2_autonomous_vehicle_simulation/install/interfaces_pkg/local/lib/python3.10/dist-packages/interfaces_pkg/msg/_target_point.py'...
[5.255s] Compiling '/home/amrl_sunny/ros2_autonomous_vehicle_simulation/install/interfaces_pkg/local/lib/python3.10/dist-packages/interfaces_pkg/msg/_vector2.py'...
[5.256s] -- Installing: /home/amrl_sunny/ros2_autonomous_vehicle_simulation/install/interfaces_pkg/lib/libinterfaces_pkg__rosidl_generator_py.so
[5.256s] -- Set runtime path of "/home/amrl_sunny/ros2_autonomous_vehicle_simulation/install/interfaces_pkg/lib/libinterfaces_pkg__rosidl_generator_py.so" to ""
[5.256s] -- Up-to-date: /home/amrl_sunny/ros2_autonomous_vehicle_simulation/install/interfaces_pkg/share/interfaces_pkg/cmake/export_interfaces_pkg__rosidl_generator_cExport.cmake
[5.256s] -- Up-to-date: /home/amrl_sunny/ros2_autonomous_vehicle_simulation/install/interfaces_pkg/share/interfaces_pkg/cmake/export_interfaces_pkg__rosidl_generator_cExport-noconfig.cmake
[5.256s] -- Up-to-date: /home/amrl_sunny/ros2_autonomous_vehicle_simulation/install/interfaces_pkg/share/interfaces_pkg/cmake/export_interfaces_pkg__rosidl_typesupport_fastrtps_cExport.cmake
[5.257s] -- Up-to-date: /home/amrl_sunny/ros2_autonomous_vehicle_simulation/install/interfaces_pkg/share/interfaces_pkg/cmake/export_interfaces_pkg__rosidl_typesupport_fastrtps_cExport-noconfig.cmake
[5.257s] -- Up-to-date: /home/amrl_sunny/ros2_autonomous_vehicle_simulation/install/interfaces_pkg/share/interfaces_pkg/cmake/interfaces_pkg__rosidl_typesupport_introspection_cExport.cmake
[5.257s] -- Up-to-date: /home/amrl_sunny/ros2_autonomous_vehicle_simulation/install/interfaces_pkg/share/interfaces_pkg/cmake/interfaces_pkg__rosidl_typesupport_introspection_cExport-noconfig.cmake
[5.257s] -- Up-to-date: /home/amrl_sunny/ros2_autonomous_vehicle_simulation/install/interfaces_pkg/share/interfaces_pkg/cmake/interfaces_pkg__rosidl_typesupport_cExport.cmake
[5.257s] -- Up-to-date: /home/amrl_sunny/ros2_autonomous_vehicle_simulation/install/interfaces_pkg/share/interfaces_pkg/cmake/interfaces_pkg__rosidl_typesupport_cExport-noconfig.cmake
[5.257s] -- Up-to-date: /home/amrl_sunny/ros2_autonomous_vehicle_simulation/install/interfaces_pkg/share/interfaces_pkg/cmake/export_interfaces_pkg__rosidl_generator_cppExport.cmake
[5.257s] -- Up-to-date: /home/amrl_sunny/ros2_autonomous_vehicle_simulation/install/interfaces_pkg/share/interfaces_pkg/cmake/export_interfaces_pkg__rosidl_typesupport_fastrtps_cppExport.cmake
[5.257s] -- Up-to-date: /home/amrl_sunny/ros2_autonomous_vehicle_simulation/install/interfaces_pkg/share/interfaces_pkg/cmake/export_interfaces_pkg__rosidl_typesupport_fastrtps_cppExport-noconfig.cmake
[5.257s] -- Up-to-date: /home/amrl_sunny/ros2_autonomous_vehicle_simulation/install/interfaces_pkg/share/interfaces_pkg/cmake/interfaces_pkg__rosidl_typesupport_introspection_cppExport.cmake
[5.257s] -- Up-to-date: /home/amrl_sunny/ros2_autonomous_vehicle_simulation/install/interfaces_pkg/share/interfaces_pkg/cmake/interfaces_pkg__rosidl_typesupport_introspection_cppExport-noconfig.cmake
[5.257s] -- Up-to-date: /home/amrl_sunny/ros2_autonomous_vehicle_simulation/install/interfaces_pkg/share/interfaces_pkg/cmake/interfaces_pkg__rosidl_typesupport_cppExport.cmake
[5.257s] -- Up-to-date: /home/amrl_sunny/ros2_autonomous_vehicle_simulation/install/interfaces_pkg/share/interfaces_pkg/cmake/interfaces_pkg__rosidl_typesupport_cppExport-noconfig.cmake
[5.257s] -- Up-to-date: /home/amrl_sunny/ros2_autonomous_vehicle_simulation/install/interfaces_pkg/share/interfaces_pkg/cmake/export_interfaces_pkg__rosidl_generator_pyExport.cmake
[5.257s] -- Up-to-date: /home/amrl_sunny/ros2_autonomous_vehicle_simulation/install/interfaces_pkg/share/interfaces_pkg/cmake/export_interfaces_pkg__rosidl_generator_pyExport-noconfig.cmake
[5.258s] Invoked command in '/home/amrl_sunny/ros2_autonomous_vehicle_simulation/build/interfaces_pkg' returned '0': CMAKE_PREFIX_PATH=${CMAKE_PREFIX_PATH}:/home/amrl_sunny/ros2_autonomous_vehicle_simulation/install/simulation_pkg:/home/amrl_sunny/ros2_autonomous_vehicle_simulation/install/debug_pkg:/home/amrl_sunny/ros2_autonomous_vehicle_simulation/install/decision_making_pkg:/home/amrl_sunny/ros2_autonomous_vehicle_simulation/install/camera_perception_pkg:/home/amrl_sunny/2025_jacapdi/install/simulation_pkg:/home/amrl_sunny/2025_jacapdi/install/debug_pkg:/home/amrl_sunny/2025_jacapdi/install/decision_making_pkg:/home/amrl_sunny/2025_jacapdi/install/camera_perception_pkg:/opt/ros/humble /usr/bin/cmake --install /home/amrl_sunny/ros2_autonomous_vehicle_simulation/build/interfaces_pkg
