[0.000000] (-) TimerEvent: {}
[0.000193] (camera_perception_pkg) JobQueued: {'identifier': 'camera_perception_pkg', 'dependencies': OrderedDict()}
[0.000217] (debug_pkg) JobQueued: {'identifier': 'debug_pkg', 'dependencies': OrderedDict()}
[0.000227] (decision_making_pkg) JobQueued: {'identifier': 'decision_making_pkg', 'dependencies': OrderedDict()}
[0.000234] (interfaces_pkg) JobQueued: {'identifier': 'interfaces_pkg', 'dependencies': OrderedDict()}
[0.000241] (lidar_perception_pkg) JobQueued: {'identifier': 'lidar_perception_pkg', 'dependencies': OrderedDict()}
[0.000247] (simulation_pkg) JobQueued: {'identifier': 'simulation_pkg', 'dependencies': OrderedDict([('camera_perception_pkg', '/home/amrl_sunny/ros2_autonomous_vehicle_simulation/install/camera_perception_pkg'), ('debug_pkg', '/home/amrl_sunny/ros2_autonomous_vehicle_simulation/install/debug_pkg'), ('decision_making_pkg', '/home/amrl_sunny/ros2_autonomous_vehicle_simulation/install/decision_making_pkg'), ('interfaces_pkg', '/home/amrl_sunny/ros2_autonomous_vehicle_simulation/install/interfaces_pkg')])}
[0.000258] (camera_perception_pkg) JobStarted: {'identifier': 'camera_perception_pkg'}
[0.003497] (debug_pkg) JobStarted: {'identifier': 'debug_pkg'}
[0.005774] (decision_making_pkg) JobStarted: {'identifier': 'decision_making_pkg'}
[0.007811] (interfaces_pkg) JobStarted: {'identifier': 'interfaces_pkg'}
[0.009367] (lidar_perception_pkg) JobStarted: {'identifier': 'lidar_perception_pkg'}
[0.099439] (-) TimerEvent: {}
[0.199641] (-) TimerEvent: {}
[0.299827] (-) TimerEvent: {}
[0.399975] (-) TimerEvent: {}
[0.435828] (interfaces_pkg) JobProgress: {'identifier': 'interfaces_pkg', 'progress': 'cmake'}
[0.436068] (interfaces_pkg) JobProgress: {'identifier': 'interfaces_pkg', 'progress': 'build'}
[0.436390] (interfaces_pkg) Command: {'cmd': ['/usr/bin/cmake', '--build', '/home/amrl_sunny/ros2_autonomous_vehicle_simulation/build/interfaces_pkg', '--', '-j20', '-l20'], 'cwd': '/home/amrl_sunny/ros2_autonomous_vehicle_simulation/build/interfaces_pkg', 'env': OrderedDict([('LESSOPEN', '| /usr/bin/lesspipe %s'), ('LANGUAGE', 'ko:en'), ('USER', 'amrl_sunny'), ('LC_TIME', 'ko_KR.UTF-8'), ('XDG_SESSION_TYPE', 'x11'), ('SHLVL', '1'), ('LD_LIBRARY_PATH', '/home/amrl_sunny/ros2_autonomous_vehicle_simulation/install/interfaces_pkg/lib:/usr/lib/x86_64-linux-gnu/gazebo-11/plugins:/opt/ros/humble/opt/rviz_ogre_vendor/lib:/opt/ros/humble/lib/x86_64-linux-gnu:/opt/ros/humble/lib'), ('HOME', '/home/amrl_sunny'), ('DESKTOP_SESSION', 'ubuntu'), ('ROS_PYTHON_VERSION', '3'), ('GNOME_SHELL_SESSION_MODE', 'ubuntu'), ('GTK_MODULES', 'gail:atk-bridge'), ('XDG_SEAT_PATH', '/org/freedesktop/DisplayManager/Seat0'), ('LC_MONETARY', 'ko_KR.UTF-8'), ('SYSTEMD_EXEC_PID', '3690695'), ('DBUS_SESSION_BUS_ADDRESS', 'unix:path=/run/user/1000/bus'), ('COLORTERM', 'truecolor'), ('COLCON_PREFIX_PATH', '/home/amrl_sunny/ros2_autonomous_vehicle_simulation/install'), ('ROS_DISTRO', 'humble'), ('GTK_IM_MODULE', 'ibus'), ('LOGNAME', 'amrl_sunny'), ('_', '/usr/bin/colcon'), ('ROS_VERSION', '2'), ('XDG_SESSION_CLASS', 'user'), ('TERM', 'xterm-256color'), ('GNOME_DESKTOP_SESSION_ID', 'this-is-deprecated'), ('ROS_LOCALHOST_ONLY', '0'), ('PATH', '/opt/ros/humble/bin:/home/amrl_sunny/.local/bin:/usr/local/sbin:/usr/local/bin:/usr/sbin:/usr/bin:/sbin:/bin:/usr/games:/usr/local/games:/snap/bin'), ('SESSION_MANAGER', 'local/amrl-desktop:@/tmp/.ICE-unix/1667,unix/amrl-desktop:/tmp/.ICE-unix/1667'), ('GDM_LANG', 'ko'), ('PAPERSIZE', 'a4'), ('XDG_SESSION_PATH', '/org/freedesktop/DisplayManager/Session0'), ('XDG_MENU_PREFIX', 'gnome-'), ('LC_ADDRESS', 'ko_KR.UTF-8'), ('GNOME_TERMINAL_SCREEN', '/org/gnome/Terminal/screen/f81de74c_89ea_476c_8a9a_88ae1354cfee'), ('XDG_RUNTIME_DIR', '/run/user/1000'), ('DISPLAY', ':0'), ('LANG', 'ko_KR.UTF-8'), ('XDG_CURRENT_DESKTOP', 'ubuntu:GNOME'), ('LC_TELEPHONE', 'ko_KR.UTF-8'), ('XMODIFIERS', '@im=ibus'), ('XDG_SESSION_DESKTOP', 'ubuntu'), ('XAUTHORITY', '/home/amrl_sunny/.Xauthority'), ('LS_COLORS', 'rs=0:di=01;34:ln=01;36:mh=00:pi=40;33:so=01;35:do=01;35:bd=40;33;01:cd=40;33;01:or=40;31;01:mi=00:su=37;41:sg=30;43:ca=30;41:tw=30;42:ow=34;42:st=37;44:ex=01;32:*.tar=01;31:*.tgz=01;31:*.arc=01;31:*.arj=01;31:*.taz=01;31:*.lha=01;31:*.lz4=01;31:*.lzh=01;31:*.lzma=01;31:*.tlz=01;31:*.txz=01;31:*.tzo=01;31:*.t7z=01;31:*.zip=01;31:*.z=01;31:*.dz=01;31:*.gz=01;31:*.lrz=01;31:*.lz=01;31:*.lzo=01;31:*.xz=01;31:*.zst=01;31:*.tzst=01;31:*.bz2=01;31:*.bz=01;31:*.tbz=01;31:*.tbz2=01;31:*.tz=01;31:*.deb=01;31:*.rpm=01;31:*.jar=01;31:*.war=01;31:*.ear=01;31:*.sar=01;31:*.rar=01;31:*.alz=01;31:*.ace=01;31:*.zoo=01;31:*.cpio=01;31:*.7z=01;31:*.rz=01;31:*.cab=01;31:*.wim=01;31:*.swm=01;31:*.dwm=01;31:*.esd=01;31:*.jpg=01;35:*.jpeg=01;35:*.mjpg=01;35:*.mjpeg=01;35:*.gif=01;35:*.bmp=01;35:*.pbm=01;35:*.pgm=01;35:*.ppm=01;35:*.tga=01;35:*.xbm=01;35:*.xpm=01;35:*.tif=01;35:*.tiff=01;35:*.png=01;35:*.svg=01;35:*.svgz=01;35:*.mng=01;35:*.pcx=01;35:*.mov=01;35:*.mpg=01;35:*.mpeg=01;35:*.m2v=01;35:*.mkv=01;35:*.webm=01;35:*.webp=01;35:*.ogm=01;35:*.mp4=01;35:*.m4v=01;35:*.mp4v=01;35:*.vob=01;35:*.qt=01;35:*.nuv=01;35:*.wmv=01;35:*.asf=01;35:*.rm=01;35:*.rmvb=01;35:*.flc=01;35:*.avi=01;35:*.fli=01;35:*.flv=01;35:*.gl=01;35:*.dl=01;35:*.xcf=01;35:*.xwd=01;35:*.yuv=01;35:*.cgm=01;35:*.emf=01;35:*.ogv=01;35:*.ogx=01;35:*.aac=00;36:*.au=00;36:*.flac=00;36:*.m4a=00;36:*.mid=00;36:*.midi=00;36:*.mka=00;36:*.mp3=00;36:*.mpc=00;36:*.ogg=00;36:*.ra=00;36:*.wav=00;36:*.oga=00;36:*.opus=00;36:*.spx=00;36:*.xspf=00;36:'), ('GNOME_TERMINAL_SERVICE', ':1.30987'), ('SSH_AGENT_LAUNCHER', 'gnome-keyring'), ('SSH_AUTH_SOCK', '/run/user/1000/keyring/ssh'), ('ROS_DOMAIN_ID', '0'), ('XDG_GREETER_DATA_DIR', '/var/lib/lightdm-data/amrl_sunny'), ('AMENT_PREFIX_PATH', '/home/amrl_sunny/ros2_autonomous_vehicle_simulation/install/simulation_pkg:/home/amrl_sunny/ros2_autonomous_vehicle_simulation/install/lidar_perception_pkg:/home/amrl_sunny/ros2_autonomous_vehicle_simulation/install/interfaces_pkg:/home/amrl_sunny/ros2_autonomous_vehicle_simulation/install/decision_making_pkg:/home/amrl_sunny/ros2_autonomous_vehicle_simulation/install/debug_pkg:/home/amrl_sunny/ros2_autonomous_vehicle_simulation/install/camera_perception_pkg:/opt/ros/humble'), ('SHELL', '/bin/bash'), ('LC_NAME', 'ko_KR.UTF-8'), ('QT_ACCESSIBILITY', '1'), ('GDMSESSION', 'ubuntu'), ('LESSCLOSE', '/usr/bin/lesspipe %s %s'), ('LC_MEASUREMENT', 'ko_KR.UTF-8'), ('GPG_AGENT_INFO', '/run/user/1000/gnupg/S.gpg-agent:0:1'), ('LC_IDENTIFICATION', 'ko_KR.UTF-8'), ('QT_IM_MODULE', 'ibus'), ('PWD', '/home/amrl_sunny/ros2_autonomous_vehicle_simulation/build/interfaces_pkg'), ('XDG_CONFIG_DIRS', '/etc/xdg/xdg-ubuntu:/etc/xdg'), ('XDG_DATA_DIRS', '/usr/share/ubuntu:/usr/share/gnome:/usr/local/share:/usr/share:/var/lib/snapd/desktop'), ('PYTHONPATH', '/home/amrl_sunny/ros2_autonomous_vehicle_simulation/build/camera_perception_pkg:/home/amrl_sunny/ros2_autonomous_vehicle_simulation/build/simulation_pkg:/home/amrl_sunny/ros2_autonomous_vehicle_simulation/install/simulation_pkg/lib/python3.10/site-packages:/home/amrl_sunny/ros2_autonomous_vehicle_simulation/build/lidar_perception_pkg:/home/amrl_sunny/ros2_autonomous_vehicle_simulation/install/lidar_perception_pkg/lib/python3.10/site-packages:/home/amrl_sunny/ros2_autonomous_vehicle_simulation/install/interfaces_pkg/local/lib/python3.10/dist-packages:/home/amrl_sunny/ros2_autonomous_vehicle_simulation/build/decision_making_pkg:/home/amrl_sunny/ros2_autonomous_vehicle_simulation/install/decision_making_pkg/lib/python3.10/site-packages:/home/amrl_sunny/ros2_autonomous_vehicle_simulation/build/debug_pkg:/home/amrl_sunny/ros2_autonomous_vehicle_simulation/install/debug_pkg/lib/python3.10/site-packages:/home/amrl_sunny/ros2_autonomous_vehicle_simulation/install/camera_perception_pkg/lib/python3.10/site-packages:/opt/ros/humble/lib/python3.10/site-packages:/opt/ros/humble/local/lib/python3.10/dist-packages'), ('LC_NUMERIC', 'ko_KR.UTF-8'), ('LC_PAPER', 'ko_KR.UTF-8'), ('COLCON', '1'), ('VTE_VERSION', '6800'), ('CMAKE_PREFIX_PATH', '/home/amrl_sunny/ros2_autonomous_vehicle_simulation/install/interfaces_pkg:/home/amrl_sunny/ros2_autonomous_vehicle_simulation/install/simulation_pkg:/home/amrl_sunny/ros2_autonomous_vehicle_simulation/install/lidar_perception_pkg:/home/amrl_sunny/ros2_autonomous_vehicle_simulation/install/decision_making_pkg:/home/amrl_sunny/ros2_autonomous_vehicle_simulation/install/debug_pkg:/home/amrl_sunny/ros2_autonomous_vehicle_simulation/install/camera_perception_pkg:/opt/ros/humble')]), 'shell': False}
[0.475714] (interfaces_pkg) StdoutLine: {'line': b'[  0%] Built target interfaces_pkg__cpp\n'}
[0.478647] (interfaces_pkg) StdoutLine: {'line': b'[  1%] Built target ament_cmake_python_symlink_interfaces_pkg\n'}
[0.478823] (interfaces_pkg) StdoutLine: {'line': b'[ 12%] Built target interfaces_pkg__rosidl_generator_c\n'}
[0.492531] (interfaces_pkg) StdoutLine: {'line': b'[ 44%] Built target interfaces_pkg__rosidl_typesupport_introspection_cpp\n'}
[0.492760] (interfaces_pkg) StdoutLine: {'line': b'[ 44%] Built target interfaces_pkg__rosidl_typesupport_cpp\n'}
[0.492853] (interfaces_pkg) StdoutLine: {'line': b'[ 50%] Built target interfaces_pkg__rosidl_typesupport_introspection_c\n'}
[0.492926] (interfaces_pkg) StdoutLine: {'line': b'[ 69%] Built target interfaces_pkg__rosidl_typesupport_fastrtps_cpp\n'}
[0.493000] (interfaces_pkg) StdoutLine: {'line': b'[ 72%] Built target interfaces_pkg__rosidl_typesupport_c\n'}
[0.494811] (interfaces_pkg) StdoutLine: {'line': b'[ 84%] Built target interfaces_pkg__rosidl_typesupport_fastrtps_c\n'}
[0.500047] (-) TimerEvent: {}
[0.505564] (interfaces_pkg) StdoutLine: {'line': b'[ 84%] Built target interfaces_pkg\n'}
[0.518477] (interfaces_pkg) StdoutLine: {'line': b'[ 85%] Built target interfaces_pkg__py\n'}
[0.535611] (interfaces_pkg) StdoutLine: {'line': b'[ 96%] Built target interfaces_pkg__rosidl_generator_py\n'}
[0.550853] (interfaces_pkg) StdoutLine: {'line': b'[ 97%] Built target interfaces_pkg__rosidl_typesupport_c__pyext\n'}
[0.551044] (interfaces_pkg) StdoutLine: {'line': b'[ 99%] Built target interfaces_pkg__rosidl_typesupport_introspection_c__pyext\n'}
[0.552283] (interfaces_pkg) StdoutLine: {'line': b'[100%] Built target interfaces_pkg__rosidl_typesupport_fastrtps_c__pyext\n'}
[0.600140] (-) TimerEvent: {}
[0.620915] (interfaces_pkg) StdoutLine: {'line': b'running egg_info\n'}
[0.621257] (interfaces_pkg) StdoutLine: {'line': b'writing interfaces_pkg.egg-info/PKG-INFO\n'}
[0.621371] (interfaces_pkg) StdoutLine: {'line': b'writing dependency_links to interfaces_pkg.egg-info/dependency_links.txt\n'}
[0.621452] (interfaces_pkg) StdoutLine: {'line': b'writing top-level names to interfaces_pkg.egg-info/top_level.txt\n'}
[0.622562] (interfaces_pkg) StdoutLine: {'line': b"reading manifest file 'interfaces_pkg.egg-info/SOURCES.txt'\n"}
[0.622907] (interfaces_pkg) StdoutLine: {'line': b"writing manifest file 'interfaces_pkg.egg-info/SOURCES.txt'\n"}
[0.639693] (interfaces_pkg) StdoutLine: {'line': b'[100%] Built target ament_cmake_python_build_interfaces_pkg_egg\n'}
[0.648760] (interfaces_pkg) CommandEnded: {'returncode': 0}
[0.649299] (interfaces_pkg) JobProgress: {'identifier': 'interfaces_pkg', 'progress': 'install'}
[0.653609] (interfaces_pkg) Command: {'cmd': ['/usr/bin/cmake', '--install', '/home/amrl_sunny/ros2_autonomous_vehicle_simulation/build/interfaces_pkg'], 'cwd': '/home/amrl_sunny/ros2_autonomous_vehicle_simulation/build/interfaces_pkg', 'env': OrderedDict([('LESSOPEN', '| /usr/bin/lesspipe %s'), ('LANGUAGE', 'ko:en'), ('USER', 'amrl_sunny'), ('LC_TIME', 'ko_KR.UTF-8'), ('XDG_SESSION_TYPE', 'x11'), ('SHLVL', '1'), ('LD_LIBRARY_PATH', '/home/amrl_sunny/ros2_autonomous_vehicle_simulation/install/interfaces_pkg/lib:/usr/lib/x86_64-linux-gnu/gazebo-11/plugins:/opt/ros/humble/opt/rviz_ogre_vendor/lib:/opt/ros/humble/lib/x86_64-linux-gnu:/opt/ros/humble/lib'), ('HOME', '/home/amrl_sunny'), ('DESKTOP_SESSION', 'ubuntu'), ('ROS_PYTHON_VERSION', '3'), ('GNOME_SHELL_SESSION_MODE', 'ubuntu'), ('GTK_MODULES', 'gail:atk-bridge'), ('XDG_SEAT_PATH', '/org/freedesktop/DisplayManager/Seat0'), ('LC_MONETARY', 'ko_KR.UTF-8'), ('SYSTEMD_EXEC_PID', '3690695'), ('DBUS_SESSION_BUS_ADDRESS', 'unix:path=/run/user/1000/bus'), ('COLORTERM', 'truecolor'), ('COLCON_PREFIX_PATH', '/home/amrl_sunny/ros2_autonomous_vehicle_simulation/install'), ('ROS_DISTRO', 'humble'), ('GTK_IM_MODULE', 'ibus'), ('LOGNAME', 'amrl_sunny'), ('_', '/usr/bin/colcon'), ('ROS_VERSION', '2'), ('XDG_SESSION_CLASS', 'user'), ('TERM', 'xterm-256color'), ('GNOME_DESKTOP_SESSION_ID', 'this-is-deprecated'), ('ROS_LOCALHOST_ONLY', '0'), ('PATH', '/opt/ros/humble/bin:/home/amrl_sunny/.local/bin:/usr/local/sbin:/usr/local/bin:/usr/sbin:/usr/bin:/sbin:/bin:/usr/games:/usr/local/games:/snap/bin'), ('SESSION_MANAGER', 'local/amrl-desktop:@/tmp/.ICE-unix/1667,unix/amrl-desktop:/tmp/.ICE-unix/1667'), ('GDM_LANG', 'ko'), ('PAPERSIZE', 'a4'), ('XDG_SESSION_PATH', '/org/freedesktop/DisplayManager/Session0'), ('XDG_MENU_PREFIX', 'gnome-'), ('LC_ADDRESS', 'ko_KR.UTF-8'), ('GNOME_TERMINAL_SCREEN', '/org/gnome/Terminal/screen/f81de74c_89ea_476c_8a9a_88ae1354cfee'), ('XDG_RUNTIME_DIR', '/run/user/1000'), ('DISPLAY', ':0'), ('LANG', 'ko_KR.UTF-8'), ('XDG_CURRENT_DESKTOP', 'ubuntu:GNOME'), ('LC_TELEPHONE', 'ko_KR.UTF-8'), ('XMODIFIERS', '@im=ibus'), ('XDG_SESSION_DESKTOP', 'ubuntu'), ('XAUTHORITY', '/home/amrl_sunny/.Xauthority'), ('LS_COLORS', 'rs=0:di=01;34:ln=01;36:mh=00:pi=40;33:so=01;35:do=01;35:bd=40;33;01:cd=40;33;01:or=40;31;01:mi=00:su=37;41:sg=30;43:ca=30;41:tw=30;42:ow=34;42:st=37;44:ex=01;32:*.tar=01;31:*.tgz=01;31:*.arc=01;31:*.arj=01;31:*.taz=01;31:*.lha=01;31:*.lz4=01;31:*.lzh=01;31:*.lzma=01;31:*.tlz=01;31:*.txz=01;31:*.tzo=01;31:*.t7z=01;31:*.zip=01;31:*.z=01;31:*.dz=01;31:*.gz=01;31:*.lrz=01;31:*.lz=01;31:*.lzo=01;31:*.xz=01;31:*.zst=01;31:*.tzst=01;31:*.bz2=01;31:*.bz=01;31:*.tbz=01;31:*.tbz2=01;31:*.tz=01;31:*.deb=01;31:*.rpm=01;31:*.jar=01;31:*.war=01;31:*.ear=01;31:*.sar=01;31:*.rar=01;31:*.alz=01;31:*.ace=01;31:*.zoo=01;31:*.cpio=01;31:*.7z=01;31:*.rz=01;31:*.cab=01;31:*.wim=01;31:*.swm=01;31:*.dwm=01;31:*.esd=01;31:*.jpg=01;35:*.jpeg=01;35:*.mjpg=01;35:*.mjpeg=01;35:*.gif=01;35:*.bmp=01;35:*.pbm=01;35:*.pgm=01;35:*.ppm=01;35:*.tga=01;35:*.xbm=01;35:*.xpm=01;35:*.tif=01;35:*.tiff=01;35:*.png=01;35:*.svg=01;35:*.svgz=01;35:*.mng=01;35:*.pcx=01;35:*.mov=01;35:*.mpg=01;35:*.mpeg=01;35:*.m2v=01;35:*.mkv=01;35:*.webm=01;35:*.webp=01;35:*.ogm=01;35:*.mp4=01;35:*.m4v=01;35:*.mp4v=01;35:*.vob=01;35:*.qt=01;35:*.nuv=01;35:*.wmv=01;35:*.asf=01;35:*.rm=01;35:*.rmvb=01;35:*.flc=01;35:*.avi=01;35:*.fli=01;35:*.flv=01;35:*.gl=01;35:*.dl=01;35:*.xcf=01;35:*.xwd=01;35:*.yuv=01;35:*.cgm=01;35:*.emf=01;35:*.ogv=01;35:*.ogx=01;35:*.aac=00;36:*.au=00;36:*.flac=00;36:*.m4a=00;36:*.mid=00;36:*.midi=00;36:*.mka=00;36:*.mp3=00;36:*.mpc=00;36:*.ogg=00;36:*.ra=00;36:*.wav=00;36:*.oga=00;36:*.opus=00;36:*.spx=00;36:*.xspf=00;36:'), ('GNOME_TERMINAL_SERVICE', ':1.30987'), ('SSH_AGENT_LAUNCHER', 'gnome-keyring'), ('SSH_AUTH_SOCK', '/run/user/1000/keyring/ssh'), ('ROS_DOMAIN_ID', '0'), ('XDG_GREETER_DATA_DIR', '/var/lib/lightdm-data/amrl_sunny'), ('AMENT_PREFIX_PATH', '/home/amrl_sunny/ros2_autonomous_vehicle_simulation/install/simulation_pkg:/home/amrl_sunny/ros2_autonomous_vehicle_simulation/install/lidar_perception_pkg:/home/amrl_sunny/ros2_autonomous_vehicle_simulation/install/interfaces_pkg:/home/amrl_sunny/ros2_autonomous_vehicle_simulation/install/decision_making_pkg:/home/amrl_sunny/ros2_autonomous_vehicle_simulation/install/debug_pkg:/home/amrl_sunny/ros2_autonomous_vehicle_simulation/install/camera_perception_pkg:/opt/ros/humble'), ('SHELL', '/bin/bash'), ('LC_NAME', 'ko_KR.UTF-8'), ('QT_ACCESSIBILITY', '1'), ('GDMSESSION', 'ubuntu'), ('LESSCLOSE', '/usr/bin/lesspipe %s %s'), ('LC_MEASUREMENT', 'ko_KR.UTF-8'), ('GPG_AGENT_INFO', '/run/user/1000/gnupg/S.gpg-agent:0:1'), ('LC_IDENTIFICATION', 'ko_KR.UTF-8'), ('QT_IM_MODULE', 'ibus'), ('PWD', '/home/amrl_sunny/ros2_autonomous_vehicle_simulation/build/interfaces_pkg'), ('XDG_CONFIG_DIRS', '/etc/xdg/xdg-ubuntu:/etc/xdg'), ('XDG_DATA_DIRS', '/usr/share/ubuntu:/usr/share/gnome:/usr/local/share:/usr/share:/var/lib/snapd/desktop'), ('PYTHONPATH', '/home/amrl_sunny/ros2_autonomous_vehicle_simulation/build/camera_perception_pkg:/home/amrl_sunny/ros2_autonomous_vehicle_simulation/build/simulation_pkg:/home/amrl_sunny/ros2_autonomous_vehicle_simulation/install/simulation_pkg/lib/python3.10/site-packages:/home/amrl_sunny/ros2_autonomous_vehicle_simulation/build/lidar_perception_pkg:/home/amrl_sunny/ros2_autonomous_vehicle_simulation/install/lidar_perception_pkg/lib/python3.10/site-packages:/home/amrl_sunny/ros2_autonomous_vehicle_simulation/install/interfaces_pkg/local/lib/python3.10/dist-packages:/home/amrl_sunny/ros2_autonomous_vehicle_simulation/build/decision_making_pkg:/home/amrl_sunny/ros2_autonomous_vehicle_simulation/install/decision_making_pkg/lib/python3.10/site-packages:/home/amrl_sunny/ros2_autonomous_vehicle_simulation/build/debug_pkg:/home/amrl_sunny/ros2_autonomous_vehicle_simulation/install/debug_pkg/lib/python3.10/site-packages:/home/amrl_sunny/ros2_autonomous_vehicle_simulation/install/camera_perception_pkg/lib/python3.10/site-packages:/opt/ros/humble/lib/python3.10/site-packages:/opt/ros/humble/local/lib/python3.10/dist-packages'), ('LC_NUMERIC', 'ko_KR.UTF-8'), ('LC_PAPER', 'ko_KR.UTF-8'), ('COLCON', '1'), ('VTE_VERSION', '6800'), ('CMAKE_PREFIX_PATH', '/home/amrl_sunny/ros2_autonomous_vehicle_simulation/install/interfaces_pkg:/home/amrl_sunny/ros2_autonomous_vehicle_simulation/install/simulation_pkg:/home/amrl_sunny/ros2_autonomous_vehicle_simulation/install/lidar_perception_pkg:/home/amrl_sunny/ros2_autonomous_vehicle_simulation/install/decision_making_pkg:/home/amrl_sunny/ros2_autonomous_vehicle_simulation/install/debug_pkg:/home/amrl_sunny/ros2_autonomous_vehicle_simulation/install/camera_perception_pkg:/opt/ros/humble')]), 'shell': False}
[0.659038] (interfaces_pkg) StdoutLine: {'line': b'-- Install configuration: ""\n'}
[0.659636] (interfaces_pkg) StdoutLine: {'line': b'-- Execute custom install script\n'}
[0.659809] (interfaces_pkg) StdoutLine: {'line': b'-- Up-to-date symlink: /home/amrl_sunny/ros2_autonomous_vehicle_simulation/install/interfaces_pkg/share/ament_index/resource_index/rosidl_interfaces/interfaces_pkg\n'}
[0.660484] (interfaces_pkg) StdoutLine: {'line': b'-- Up-to-date symlink: /home/amrl_sunny/ros2_autonomous_vehicle_simulation/install/interfaces_pkg/include/interfaces_pkg/interfaces_pkg/msg/bounding_box2_d.h\n'}
[0.660569] (interfaces_pkg) StdoutLine: {'line': b'-- Up-to-date symlink: /home/amrl_sunny/ros2_autonomous_vehicle_simulation/install/interfaces_pkg/include/interfaces_pkg/interfaces_pkg/msg/bounding_box3_d.h\n'}
[0.660652] (interfaces_pkg) StdoutLine: {'line': b'-- Up-to-date symlink: /home/amrl_sunny/ros2_autonomous_vehicle_simulation/install/interfaces_pkg/include/interfaces_pkg/interfaces_pkg/msg/detail/bounding_box2_d__functions.h\n'}
[0.660733] (interfaces_pkg) StdoutLine: {'line': b'-- Up-to-date symlink: /home/amrl_sunny/ros2_autonomous_vehicle_simulation/install/interfaces_pkg/include/interfaces_pkg/interfaces_pkg/msg/detail/bounding_box2_d__struct.h\n'}
[0.660813] (interfaces_pkg) StdoutLine: {'line': b'-- Up-to-date symlink: /home/amrl_sunny/ros2_autonomous_vehicle_simulation/install/interfaces_pkg/include/interfaces_pkg/interfaces_pkg/msg/detail/bounding_box2_d__type_support.h\n'}
[0.660892] (interfaces_pkg) StdoutLine: {'line': b'-- Up-to-date symlink: /home/amrl_sunny/ros2_autonomous_vehicle_simulation/install/interfaces_pkg/include/interfaces_pkg/interfaces_pkg/msg/detail/bounding_box3_d__functions.h\n'}
[0.660971] (interfaces_pkg) StdoutLine: {'line': b'-- Up-to-date symlink: /home/amrl_sunny/ros2_autonomous_vehicle_simulation/install/interfaces_pkg/include/interfaces_pkg/interfaces_pkg/msg/detail/bounding_box3_d__struct.h\n'}
[0.661049] (interfaces_pkg) StdoutLine: {'line': b'-- Up-to-date symlink: /home/amrl_sunny/ros2_autonomous_vehicle_simulation/install/interfaces_pkg/include/interfaces_pkg/interfaces_pkg/msg/detail/bounding_box3_d__type_support.h\n'}
[0.661161] (interfaces_pkg) StdoutLine: {'line': b'-- Up-to-date symlink: /home/amrl_sunny/ros2_autonomous_vehicle_simulation/install/interfaces_pkg/include/interfaces_pkg/interfaces_pkg/msg/detail/detection__functions.h\n'}
[0.661232] (interfaces_pkg) StdoutLine: {'line': b'-- Up-to-date symlink: /home/amrl_sunny/ros2_autonomous_vehicle_simulation/install/interfaces_pkg/include/interfaces_pkg/interfaces_pkg/msg/detail/detection__struct.h\n'}
[0.661340] (interfaces_pkg) StdoutLine: {'line': b'-- Up-to-date symlink: /home/amrl_sunny/ros2_autonomous_vehicle_simulation/install/interfaces_pkg/include/interfaces_pkg/interfaces_pkg/msg/detail/detection__type_support.h\n'}
[0.661423] (interfaces_pkg) StdoutLine: {'line': b'-- Up-to-date symlink: /home/amrl_sunny/ros2_autonomous_vehicle_simulation/install/interfaces_pkg/include/interfaces_pkg/interfaces_pkg/msg/detail/detection_array__functions.h\n'}
[0.661490] (interfaces_pkg) StdoutLine: {'line': b'-- Up-to-date symlink: /home/amrl_sunny/ros2_autonomous_vehicle_simulation/install/interfaces_pkg/include/interfaces_pkg/interfaces_pkg/msg/detail/detection_array__struct.h\n'}
[0.661555] (interfaces_pkg) StdoutLine: {'line': b'-- Up-to-date symlink: /home/amrl_sunny/ros2_autonomous_vehicle_simulation/install/interfaces_pkg/include/interfaces_pkg/interfaces_pkg/msg/detail/detection_array__type_support.h\n'}
[0.661618] (interfaces_pkg) StdoutLine: {'line': b'-- Up-to-date symlink: /home/amrl_sunny/ros2_autonomous_vehicle_simulation/install/interfaces_pkg/include/interfaces_pkg/interfaces_pkg/msg/detail/key_point2_d__functions.h\n'}
[0.661680] (interfaces_pkg) StdoutLine: {'line': b'-- Up-to-date symlink: /home/amrl_sunny/ros2_autonomous_vehicle_simulation/install/interfaces_pkg/include/interfaces_pkg/interfaces_pkg/msg/detail/key_point2_d__struct.h\n'}
[0.661754] (interfaces_pkg) StdoutLine: {'line': b'-- Up-to-date symlink: /home/amrl_sunny/ros2_autonomous_vehicle_simulation/install/interfaces_pkg/include/interfaces_pkg/interfaces_pkg/msg/detail/key_point2_d__type_support.h\n'}
[0.661822] (interfaces_pkg) StdoutLine: {'line': b'-- Up-to-date symlink: /home/amrl_sunny/ros2_autonomous_vehicle_simulation/install/interfaces_pkg/include/interfaces_pkg/interfaces_pkg/msg/detail/key_point2_d_array__functions.h\n'}
[0.661890] (interfaces_pkg) StdoutLine: {'line': b'-- Up-to-date symlink: /home/amrl_sunny/ros2_autonomous_vehicle_simulation/install/interfaces_pkg/include/interfaces_pkg/interfaces_pkg/msg/detail/key_point2_d_array__struct.h\n'}
[0.661970] (interfaces_pkg) StdoutLine: {'line': b'-- Up-to-date symlink: /home/amrl_sunny/ros2_autonomous_vehicle_simulation/install/interfaces_pkg/include/interfaces_pkg/interfaces_pkg/msg/detail/key_point2_d_array__type_support.h\n'}
[0.662047] (interfaces_pkg) StdoutLine: {'line': b'-- Up-to-date symlink: /home/amrl_sunny/ros2_autonomous_vehicle_simulation/install/interfaces_pkg/include/interfaces_pkg/interfaces_pkg/msg/detail/key_point3_d__functions.h\n'}
[0.662122] (interfaces_pkg) StdoutLine: {'line': b'-- Up-to-date symlink: /home/amrl_sunny/ros2_autonomous_vehicle_simulation/install/interfaces_pkg/include/interfaces_pkg/interfaces_pkg/msg/detail/key_point3_d__struct.h\n'}
[0.662196] (interfaces_pkg) StdoutLine: {'line': b'-- Up-to-date symlink: /home/amrl_sunny/ros2_autonomous_vehicle_simulation/install/interfaces_pkg/include/interfaces_pkg/interfaces_pkg/msg/detail/key_point3_d__type_support.h\n'}
[0.662271] (interfaces_pkg) StdoutLine: {'line': b'-- Up-to-date symlink: /home/amrl_sunny/ros2_autonomous_vehicle_simulation/install/interfaces_pkg/include/interfaces_pkg/interfaces_pkg/msg/detail/key_point3_d_array__functions.h\n'}
[0.662344] (interfaces_pkg) StdoutLine: {'line': b'-- Up-to-date symlink: /home/amrl_sunny/ros2_autonomous_vehicle_simulation/install/interfaces_pkg/include/interfaces_pkg/interfaces_pkg/msg/detail/key_point3_d_array__struct.h\n'}
[0.662420] (interfaces_pkg) StdoutLine: {'line': b'-- Up-to-date symlink: /home/amrl_sunny/ros2_autonomous_vehicle_simulation/install/interfaces_pkg/include/interfaces_pkg/interfaces_pkg/msg/detail/key_point3_d_array__type_support.h\n'}
[0.662501] (interfaces_pkg) StdoutLine: {'line': b'-- Up-to-date symlink: /home/amrl_sunny/ros2_autonomous_vehicle_simulation/install/interfaces_pkg/include/interfaces_pkg/interfaces_pkg/msg/detail/lane_info__functions.h\n'}
[0.662577] (interfaces_pkg) StdoutLine: {'line': b'-- Up-to-date symlink: /home/amrl_sunny/ros2_autonomous_vehicle_simulation/install/interfaces_pkg/include/interfaces_pkg/interfaces_pkg/msg/detail/lane_info__struct.h\n'}
[0.662653] (interfaces_pkg) StdoutLine: {'line': b'-- Up-to-date symlink: /home/amrl_sunny/ros2_autonomous_vehicle_simulation/install/interfaces_pkg/include/interfaces_pkg/interfaces_pkg/msg/detail/lane_info__type_support.h\n'}
[0.662728] (interfaces_pkg) StdoutLine: {'line': b'-- Up-to-date symlink: /home/amrl_sunny/ros2_autonomous_vehicle_simulation/install/interfaces_pkg/include/interfaces_pkg/interfaces_pkg/msg/detail/mask__functions.h\n'}
[0.662803] (interfaces_pkg) StdoutLine: {'line': b'-- Up-to-date symlink: /home/amrl_sunny/ros2_autonomous_vehicle_simulation/install/interfaces_pkg/include/interfaces_pkg/interfaces_pkg/msg/detail/mask__struct.h\n'}
[0.662878] (interfaces_pkg) StdoutLine: {'line': b'-- Up-to-date symlink: /home/amrl_sunny/ros2_autonomous_vehicle_simulation/install/interfaces_pkg/include/interfaces_pkg/interfaces_pkg/msg/detail/mask__type_support.h\n'}
[0.662957] (interfaces_pkg) StdoutLine: {'line': b'-- Up-to-date symlink: /home/amrl_sunny/ros2_autonomous_vehicle_simulation/install/interfaces_pkg/include/interfaces_pkg/interfaces_pkg/msg/detail/motion_command__functions.h\n'}
[0.663036] (interfaces_pkg) StdoutLine: {'line': b'-- Up-to-date symlink: /home/amrl_sunny/ros2_autonomous_vehicle_simulation/install/interfaces_pkg/include/interfaces_pkg/interfaces_pkg/msg/detail/motion_command__struct.h\n'}
[0.663112] (interfaces_pkg) StdoutLine: {'line': b'-- Up-to-date symlink: /home/amrl_sunny/ros2_autonomous_vehicle_simulation/install/interfaces_pkg/include/interfaces_pkg/interfaces_pkg/msg/detail/motion_command__type_support.h\n'}
[0.663186] (interfaces_pkg) StdoutLine: {'line': b'-- Up-to-date symlink: /home/amrl_sunny/ros2_autonomous_vehicle_simulation/install/interfaces_pkg/include/interfaces_pkg/interfaces_pkg/msg/detail/path_planning_result__functions.h\n'}
[0.663260] (interfaces_pkg) StdoutLine: {'line': b'-- Up-to-date symlink: /home/amrl_sunny/ros2_autonomous_vehicle_simulation/install/interfaces_pkg/include/interfaces_pkg/interfaces_pkg/msg/detail/path_planning_result__struct.h\n'}
[0.663335] (interfaces_pkg) StdoutLine: {'line': b'-- Up-to-date symlink: /home/amrl_sunny/ros2_autonomous_vehicle_simulation/install/interfaces_pkg/include/interfaces_pkg/interfaces_pkg/msg/detail/path_planning_result__type_support.h\n'}
[0.663411] (interfaces_pkg) StdoutLine: {'line': b'-- Up-to-date symlink: /home/amrl_sunny/ros2_autonomous_vehicle_simulation/install/interfaces_pkg/include/interfaces_pkg/interfaces_pkg/msg/detail/point2_d__functions.h\n'}
[0.663492] (interfaces_pkg) StdoutLine: {'line': b'-- Up-to-date symlink: /home/amrl_sunny/ros2_autonomous_vehicle_simulation/install/interfaces_pkg/include/interfaces_pkg/interfaces_pkg/msg/detail/point2_d__struct.h\n'}
[0.663564] (interfaces_pkg) StdoutLine: {'line': b'-- Up-to-date symlink: /home/amrl_sunny/ros2_autonomous_vehicle_simulation/install/interfaces_pkg/include/interfaces_pkg/interfaces_pkg/msg/detail/point2_d__type_support.h\n'}
[0.663638] (interfaces_pkg) StdoutLine: {'line': b'-- Up-to-date symlink: /home/amrl_sunny/ros2_autonomous_vehicle_simulation/install/interfaces_pkg/include/interfaces_pkg/interfaces_pkg/msg/detail/pose2_d__functions.h\n'}
[0.663713] (interfaces_pkg) StdoutLine: {'line': b'-- Up-to-date symlink: /home/amrl_sunny/ros2_autonomous_vehicle_simulation/install/interfaces_pkg/include/interfaces_pkg/interfaces_pkg/msg/detail/pose2_d__struct.h\n'}
[0.663788] (interfaces_pkg) StdoutLine: {'line': b'-- Up-to-date symlink: /home/amrl_sunny/ros2_autonomous_vehicle_simulation/install/interfaces_pkg/include/interfaces_pkg/interfaces_pkg/msg/detail/pose2_d__type_support.h\n'}
[0.663862] (interfaces_pkg) StdoutLine: {'line': b'-- Up-to-date symlink: /home/amrl_sunny/ros2_autonomous_vehicle_simulation/install/interfaces_pkg/include/interfaces_pkg/interfaces_pkg/msg/detail/target_point__functions.h\n'}
[0.663936] (interfaces_pkg) StdoutLine: {'line': b'-- Up-to-date symlink: /home/amrl_sunny/ros2_autonomous_vehicle_simulation/install/interfaces_pkg/include/interfaces_pkg/interfaces_pkg/msg/detail/target_point__struct.h\n'}
[0.664025] (interfaces_pkg) StdoutLine: {'line': b'-- Up-to-date symlink: /home/amrl_sunny/ros2_autonomous_vehicle_simulation/install/interfaces_pkg/include/interfaces_pkg/interfaces_pkg/msg/detail/target_point__type_support.h\n'}
[0.664123] (interfaces_pkg) StdoutLine: {'line': b'-- Up-to-date symlink: /home/amrl_sunny/ros2_autonomous_vehicle_simulation/install/interfaces_pkg/include/interfaces_pkg/interfaces_pkg/msg/detail/vector2__functions.h\n'}
[0.664245] (interfaces_pkg) StdoutLine: {'line': b'-- Up-to-date symlink: /home/amrl_sunny/ros2_autonomous_vehicle_simulation/install/interfaces_pkg/include/interfaces_pkg/interfaces_pkg/msg/detail/vector2__struct.h\n'}
[0.664315] (interfaces_pkg) StdoutLine: {'line': b'-- Up-to-date symlink: /home/amrl_sunny/ros2_autonomous_vehicle_simulation/install/interfaces_pkg/include/interfaces_pkg/interfaces_pkg/msg/detail/vector2__type_support.h\n'}
[0.664385] (interfaces_pkg) StdoutLine: {'line': b'-- Up-to-date symlink: /home/amrl_sunny/ros2_autonomous_vehicle_simulation/install/interfaces_pkg/include/interfaces_pkg/interfaces_pkg/msg/detection.h\n'}
[0.664455] (interfaces_pkg) StdoutLine: {'line': b'-- Up-to-date symlink: /home/amrl_sunny/ros2_autonomous_vehicle_simulation/install/interfaces_pkg/include/interfaces_pkg/interfaces_pkg/msg/detection_array.h\n'}
[0.664508] (interfaces_pkg) StdoutLine: {'line': b'-- Up-to-date symlink: /home/amrl_sunny/ros2_autonomous_vehicle_simulation/install/interfaces_pkg/include/interfaces_pkg/interfaces_pkg/msg/key_point2_d.h\n'}
[0.664589] (interfaces_pkg) StdoutLine: {'line': b'-- Up-to-date symlink: /home/amrl_sunny/ros2_autonomous_vehicle_simulation/install/interfaces_pkg/include/interfaces_pkg/interfaces_pkg/msg/key_point2_d_array.h\n'}
[0.664648] (interfaces_pkg) StdoutLine: {'line': b'-- Up-to-date symlink: /home/amrl_sunny/ros2_autonomous_vehicle_simulation/install/interfaces_pkg/include/interfaces_pkg/interfaces_pkg/msg/key_point3_d.h\n'}
[0.664700] (interfaces_pkg) StdoutLine: {'line': b'-- Up-to-date symlink: /home/amrl_sunny/ros2_autonomous_vehicle_simulation/install/interfaces_pkg/include/interfaces_pkg/interfaces_pkg/msg/key_point3_d_array.h\n'}
[0.664752] (interfaces_pkg) StdoutLine: {'line': b'-- Up-to-date symlink: /home/amrl_sunny/ros2_autonomous_vehicle_simulation/install/interfaces_pkg/include/interfaces_pkg/interfaces_pkg/msg/lane_info.h\n'}
[0.664828] (interfaces_pkg) StdoutLine: {'line': b'-- Up-to-date symlink: /home/amrl_sunny/ros2_autonomous_vehicle_simulation/install/interfaces_pkg/include/interfaces_pkg/interfaces_pkg/msg/mask.h\n'}
[0.664882] (interfaces_pkg) StdoutLine: {'line': b'-- Up-to-date symlink: /home/amrl_sunny/ros2_autonomous_vehicle_simulation/install/interfaces_pkg/include/interfaces_pkg/interfaces_pkg/msg/motion_command.h\n'}
[0.664935] (interfaces_pkg) StdoutLine: {'line': b'-- Up-to-date symlink: /home/amrl_sunny/ros2_autonomous_vehicle_simulation/install/interfaces_pkg/include/interfaces_pkg/interfaces_pkg/msg/path_planning_result.h\n'}
[0.665013] (interfaces_pkg) StdoutLine: {'line': b'-- Up-to-date symlink: /home/amrl_sunny/ros2_autonomous_vehicle_simulation/install/interfaces_pkg/include/interfaces_pkg/interfaces_pkg/msg/point2_d.h\n'}
[0.665065] (interfaces_pkg) StdoutLine: {'line': b'-- Up-to-date symlink: /home/amrl_sunny/ros2_autonomous_vehicle_simulation/install/interfaces_pkg/include/interfaces_pkg/interfaces_pkg/msg/pose2_d.h\n'}
[0.665115] (interfaces_pkg) StdoutLine: {'line': b'-- Up-to-date symlink: /home/amrl_sunny/ros2_autonomous_vehicle_simulation/install/interfaces_pkg/include/interfaces_pkg/interfaces_pkg/msg/rosidl_generator_c__visibility_control.h\n'}
[0.665165] (interfaces_pkg) StdoutLine: {'line': b'-- Up-to-date symlink: /home/amrl_sunny/ros2_autonomous_vehicle_simulation/install/interfaces_pkg/include/interfaces_pkg/interfaces_pkg/msg/target_point.h\n'}
[0.665222] (interfaces_pkg) StdoutLine: {'line': b'-- Up-to-date symlink: /home/amrl_sunny/ros2_autonomous_vehicle_simulation/install/interfaces_pkg/include/interfaces_pkg/interfaces_pkg/msg/vector2.h\n'}
[0.665275] (interfaces_pkg) StdoutLine: {'line': b'-- Up-to-date symlink: /home/amrl_sunny/ros2_autonomous_vehicle_simulation/install/interfaces_pkg/share/interfaces_pkg/environment/library_path.sh\n'}
[0.665326] (interfaces_pkg) StdoutLine: {'line': b'-- Up-to-date symlink: /home/amrl_sunny/ros2_autonomous_vehicle_simulation/install/interfaces_pkg/share/interfaces_pkg/environment/library_path.dsv\n'}
[0.665404] (interfaces_pkg) StdoutLine: {'line': b'-- Up-to-date symlink: /home/amrl_sunny/ros2_autonomous_vehicle_simulation/install/interfaces_pkg/include/interfaces_pkg/interfaces_pkg/msg/detail/bounding_box2_d__rosidl_typesupport_fastrtps_c.h\n'}
[0.665457] (interfaces_pkg) StdoutLine: {'line': b'-- Up-to-date symlink: /home/amrl_sunny/ros2_autonomous_vehicle_simulation/install/interfaces_pkg/include/interfaces_pkg/interfaces_pkg/msg/detail/bounding_box3_d__rosidl_typesupport_fastrtps_c.h\n'}
[0.665509] (interfaces_pkg) StdoutLine: {'line': b'-- Up-to-date symlink: /home/amrl_sunny/ros2_autonomous_vehicle_simulation/install/interfaces_pkg/include/interfaces_pkg/interfaces_pkg/msg/detail/detection__rosidl_typesupport_fastrtps_c.h\n'}
[0.665577] (interfaces_pkg) StdoutLine: {'line': b'-- Up-to-date symlink: /home/amrl_sunny/ros2_autonomous_vehicle_simulation/install/interfaces_pkg/include/interfaces_pkg/interfaces_pkg/msg/detail/detection_array__rosidl_typesupport_fastrtps_c.h\n'}
[0.665657] (interfaces_pkg) StdoutLine: {'line': b'-- Up-to-date symlink: /home/amrl_sunny/ros2_autonomous_vehicle_simulation/install/interfaces_pkg/include/interfaces_pkg/interfaces_pkg/msg/detail/key_point2_d__rosidl_typesupport_fastrtps_c.h\n'}
[0.665710] (interfaces_pkg) StdoutLine: {'line': b'-- Up-to-date symlink: /home/amrl_sunny/ros2_autonomous_vehicle_simulation/install/interfaces_pkg/include/interfaces_pkg/interfaces_pkg/msg/detail/key_point2_d_array__rosidl_typesupport_fastrtps_c.h\n'}
[0.665764] (interfaces_pkg) StdoutLine: {'line': b'-- Up-to-date symlink: /home/amrl_sunny/ros2_autonomous_vehicle_simulation/install/interfaces_pkg/include/interfaces_pkg/interfaces_pkg/msg/detail/key_point3_d__rosidl_typesupport_fastrtps_c.h\n'}
[0.665817] (interfaces_pkg) StdoutLine: {'line': b'-- Up-to-date symlink: /home/amrl_sunny/ros2_autonomous_vehicle_simulation/install/interfaces_pkg/include/interfaces_pkg/interfaces_pkg/msg/detail/key_point3_d_array__rosidl_typesupport_fastrtps_c.h\n'}
[0.665893] (interfaces_pkg) StdoutLine: {'line': b'-- Up-to-date symlink: /home/amrl_sunny/ros2_autonomous_vehicle_simulation/install/interfaces_pkg/include/interfaces_pkg/interfaces_pkg/msg/detail/lane_info__rosidl_typesupport_fastrtps_c.h\n'}
[0.665949] (interfaces_pkg) StdoutLine: {'line': b'-- Up-to-date symlink: /home/amrl_sunny/ros2_autonomous_vehicle_simulation/install/interfaces_pkg/include/interfaces_pkg/interfaces_pkg/msg/detail/mask__rosidl_typesupport_fastrtps_c.h\n'}
[0.666018] (interfaces_pkg) StdoutLine: {'line': b'-- Up-to-date symlink: /home/amrl_sunny/ros2_autonomous_vehicle_simulation/install/interfaces_pkg/include/interfaces_pkg/interfaces_pkg/msg/detail/motion_command__rosidl_typesupport_fastrtps_c.h\n'}
[0.666068] (interfaces_pkg) StdoutLine: {'line': b'-- Up-to-date symlink: /home/amrl_sunny/ros2_autonomous_vehicle_simulation/install/interfaces_pkg/include/interfaces_pkg/interfaces_pkg/msg/detail/path_planning_result__rosidl_typesupport_fastrtps_c.h\n'}
[0.666119] (interfaces_pkg) StdoutLine: {'line': b'-- Up-to-date symlink: /home/amrl_sunny/ros2_autonomous_vehicle_simulation/install/interfaces_pkg/include/interfaces_pkg/interfaces_pkg/msg/detail/point2_d__rosidl_typesupport_fastrtps_c.h\n'}
[0.666171] (interfaces_pkg) StdoutLine: {'line': b'-- Up-to-date symlink: /home/amrl_sunny/ros2_autonomous_vehicle_simulation/install/interfaces_pkg/include/interfaces_pkg/interfaces_pkg/msg/detail/pose2_d__rosidl_typesupport_fastrtps_c.h\n'}
[0.666223] (interfaces_pkg) StdoutLine: {'line': b'-- Up-to-date symlink: /home/amrl_sunny/ros2_autonomous_vehicle_simulation/install/interfaces_pkg/include/interfaces_pkg/interfaces_pkg/msg/detail/target_point__rosidl_typesupport_fastrtps_c.h\n'}
[0.666295] (interfaces_pkg) StdoutLine: {'line': b'-- Up-to-date symlink: /home/amrl_sunny/ros2_autonomous_vehicle_simulation/install/interfaces_pkg/include/interfaces_pkg/interfaces_pkg/msg/detail/vector2__rosidl_typesupport_fastrtps_c.h\n'}
[0.666348] (interfaces_pkg) StdoutLine: {'line': b'-- Up-to-date symlink: /home/amrl_sunny/ros2_autonomous_vehicle_simulation/install/interfaces_pkg/include/interfaces_pkg/interfaces_pkg/msg/rosidl_typesupport_fastrtps_c__visibility_control.h\n'}
[0.666400] (interfaces_pkg) StdoutLine: {'line': b'-- Up-to-date symlink: /home/amrl_sunny/ros2_autonomous_vehicle_simulation/install/interfaces_pkg/include/interfaces_pkg/interfaces_pkg/msg/detail/bounding_box2_d__rosidl_typesupport_introspection_c.h\n'}
[0.666452] (interfaces_pkg) StdoutLine: {'line': b'-- Up-to-date symlink: /home/amrl_sunny/ros2_autonomous_vehicle_simulation/install/interfaces_pkg/include/interfaces_pkg/interfaces_pkg/msg/detail/bounding_box3_d__rosidl_typesupport_introspection_c.h\n'}
[0.666541] (interfaces_pkg) StdoutLine: {'line': b'-- Up-to-date symlink: /home/amrl_sunny/ros2_autonomous_vehicle_simulation/install/interfaces_pkg/include/interfaces_pkg/interfaces_pkg/msg/detail/detection__rosidl_typesupport_introspection_c.h\n'}
[0.666593] (interfaces_pkg) StdoutLine: {'line': b'-- Up-to-date symlink: /home/amrl_sunny/ros2_autonomous_vehicle_simulation/install/interfaces_pkg/include/interfaces_pkg/interfaces_pkg/msg/detail/detection_array__rosidl_typesupport_introspection_c.h\n'}
[0.666645] (interfaces_pkg) StdoutLine: {'line': b'-- Up-to-date symlink: /home/amrl_sunny/ros2_autonomous_vehicle_simulation/install/interfaces_pkg/include/interfaces_pkg/interfaces_pkg/msg/detail/key_point2_d__rosidl_typesupport_introspection_c.h\n'}
[0.666698] (interfaces_pkg) StdoutLine: {'line': b'-- Up-to-date symlink: /home/amrl_sunny/ros2_autonomous_vehicle_simulation/install/interfaces_pkg/include/interfaces_pkg/interfaces_pkg/msg/detail/key_point2_d_array__rosidl_typesupport_introspection_c.h\n'}
[0.666751] (interfaces_pkg) StdoutLine: {'line': b'-- Up-to-date symlink: /home/amrl_sunny/ros2_autonomous_vehicle_simulation/install/interfaces_pkg/include/interfaces_pkg/interfaces_pkg/msg/detail/key_point3_d__rosidl_typesupport_introspection_c.h\n'}
[0.666803] (interfaces_pkg) StdoutLine: {'line': b'-- Up-to-date symlink: /home/amrl_sunny/ros2_autonomous_vehicle_simulation/install/interfaces_pkg/include/interfaces_pkg/interfaces_pkg/msg/detail/key_point3_d_array__rosidl_typesupport_introspection_c.h\n'}
[0.666876] (interfaces_pkg) StdoutLine: {'line': b'-- Up-to-date symlink: /home/amrl_sunny/ros2_autonomous_vehicle_simulation/install/interfaces_pkg/include/interfaces_pkg/interfaces_pkg/msg/detail/lane_info__rosidl_typesupport_introspection_c.h\n'}
[0.666927] (interfaces_pkg) StdoutLine: {'line': b'-- Up-to-date symlink: /home/amrl_sunny/ros2_autonomous_vehicle_simulation/install/interfaces_pkg/include/interfaces_pkg/interfaces_pkg/msg/detail/mask__rosidl_typesupport_introspection_c.h\n'}
[0.666984] (interfaces_pkg) StdoutLine: {'line': b'-- Up-to-date symlink: /home/amrl_sunny/ros2_autonomous_vehicle_simulation/install/interfaces_pkg/include/interfaces_pkg/interfaces_pkg/msg/detail/motion_command__rosidl_typesupport_introspection_c.h\n'}
[0.667035] (interfaces_pkg) StdoutLine: {'line': b'-- Up-to-date symlink: /home/amrl_sunny/ros2_autonomous_vehicle_simulation/install/interfaces_pkg/include/interfaces_pkg/interfaces_pkg/msg/detail/path_planning_result__rosidl_typesupport_introspection_c.h\n'}
[0.667084] (interfaces_pkg) StdoutLine: {'line': b'-- Up-to-date symlink: /home/amrl_sunny/ros2_autonomous_vehicle_simulation/install/interfaces_pkg/include/interfaces_pkg/interfaces_pkg/msg/detail/point2_d__rosidl_typesupport_introspection_c.h\n'}
[0.667137] (interfaces_pkg) StdoutLine: {'line': b'-- Up-to-date symlink: /home/amrl_sunny/ros2_autonomous_vehicle_simulation/install/interfaces_pkg/include/interfaces_pkg/interfaces_pkg/msg/detail/pose2_d__rosidl_typesupport_introspection_c.h\n'}
[0.667207] (interfaces_pkg) StdoutLine: {'line': b'-- Up-to-date symlink: /home/amrl_sunny/ros2_autonomous_vehicle_simulation/install/interfaces_pkg/include/interfaces_pkg/interfaces_pkg/msg/detail/target_point__rosidl_typesupport_introspection_c.h\n'}
[0.667259] (interfaces_pkg) StdoutLine: {'line': b'-- Up-to-date symlink: /home/amrl_sunny/ros2_autonomous_vehicle_simulation/install/interfaces_pkg/include/interfaces_pkg/interfaces_pkg/msg/detail/vector2__rosidl_typesupport_introspection_c.h\n'}
[0.667311] (interfaces_pkg) StdoutLine: {'line': b'-- Up-to-date symlink: /home/amrl_sunny/ros2_autonomous_vehicle_simulation/install/interfaces_pkg/include/interfaces_pkg/interfaces_pkg/msg/rosidl_typesupport_introspection_c__visibility_control.h\n'}
[0.667364] (interfaces_pkg) StdoutLine: {'line': b'-- Up-to-date symlink: /home/amrl_sunny/ros2_autonomous_vehicle_simulation/install/interfaces_pkg/include/interfaces_pkg/interfaces_pkg/msg/bounding_box2_d.hpp\n'}
[0.667416] (interfaces_pkg) StdoutLine: {'line': b'-- Up-to-date symlink: /home/amrl_sunny/ros2_autonomous_vehicle_simulation/install/interfaces_pkg/include/interfaces_pkg/interfaces_pkg/msg/bounding_box3_d.hpp\n'}
[0.667483] (interfaces_pkg) StdoutLine: {'line': b'-- Up-to-date symlink: /home/amrl_sunny/ros2_autonomous_vehicle_simulation/install/interfaces_pkg/include/interfaces_pkg/interfaces_pkg/msg/detail/bounding_box2_d__builder.hpp\n'}
[0.667577] (interfaces_pkg) StdoutLine: {'line': b'-- Up-to-date symlink: /home/amrl_sunny/ros2_autonomous_vehicle_simulation/install/interfaces_pkg/include/interfaces_pkg/interfaces_pkg/msg/detail/bounding_box2_d__struct.hpp\n'}
[0.667630] (interfaces_pkg) StdoutLine: {'line': b'-- Up-to-date symlink: /home/amrl_sunny/ros2_autonomous_vehicle_simulation/install/interfaces_pkg/include/interfaces_pkg/interfaces_pkg/msg/detail/bounding_box2_d__traits.hpp\n'}
[0.667682] (interfaces_pkg) StdoutLine: {'line': b'-- Up-to-date symlink: /home/amrl_sunny/ros2_autonomous_vehicle_simulation/install/interfaces_pkg/include/interfaces_pkg/interfaces_pkg/msg/detail/bounding_box2_d__type_support.hpp\n'}
[0.667736] (interfaces_pkg) StdoutLine: {'line': b'-- Up-to-date symlink: /home/amrl_sunny/ros2_autonomous_vehicle_simulation/install/interfaces_pkg/include/interfaces_pkg/interfaces_pkg/msg/detail/bounding_box3_d__builder.hpp\n'}
[0.667821] (interfaces_pkg) StdoutLine: {'line': b'-- Up-to-date symlink: /home/amrl_sunny/ros2_autonomous_vehicle_simulation/install/interfaces_pkg/include/interfaces_pkg/interfaces_pkg/msg/detail/bounding_box3_d__struct.hpp\n'}
[0.667874] (interfaces_pkg) StdoutLine: {'line': b'-- Up-to-date symlink: /home/amrl_sunny/ros2_autonomous_vehicle_simulation/install/interfaces_pkg/include/interfaces_pkg/interfaces_pkg/msg/detail/bounding_box3_d__traits.hpp\n'}
[0.667927] (interfaces_pkg) StdoutLine: {'line': b'-- Up-to-date symlink: /home/amrl_sunny/ros2_autonomous_vehicle_simulation/install/interfaces_pkg/include/interfaces_pkg/interfaces_pkg/msg/detail/bounding_box3_d__type_support.hpp\n'}
[0.668016] (interfaces_pkg) StdoutLine: {'line': b'-- Up-to-date symlink: /home/amrl_sunny/ros2_autonomous_vehicle_simulation/install/interfaces_pkg/include/interfaces_pkg/interfaces_pkg/msg/detail/detection__builder.hpp\n'}
[0.668071] (interfaces_pkg) StdoutLine: {'line': b'-- Up-to-date symlink: /home/amrl_sunny/ros2_autonomous_vehicle_simulation/install/interfaces_pkg/include/interfaces_pkg/interfaces_pkg/msg/detail/detection__struct.hpp\n'}
[0.668141] (interfaces_pkg) StdoutLine: {'line': b'-- Up-to-date symlink: /home/amrl_sunny/ros2_autonomous_vehicle_simulation/install/interfaces_pkg/include/interfaces_pkg/interfaces_pkg/msg/detail/detection__traits.hpp\n'}
[0.668194] (interfaces_pkg) StdoutLine: {'line': b'-- Up-to-date symlink: /home/amrl_sunny/ros2_autonomous_vehicle_simulation/install/interfaces_pkg/include/interfaces_pkg/interfaces_pkg/msg/detail/detection__type_support.hpp\n'}
[0.668265] (interfaces_pkg) StdoutLine: {'line': b'-- Up-to-date symlink: /home/amrl_sunny/ros2_autonomous_vehicle_simulation/install/interfaces_pkg/include/interfaces_pkg/interfaces_pkg/msg/detail/detection_array__builder.hpp\n'}
[0.668318] (interfaces_pkg) StdoutLine: {'line': b'-- Up-to-date symlink: /home/amrl_sunny/ros2_autonomous_vehicle_simulation/install/interfaces_pkg/include/interfaces_pkg/interfaces_pkg/msg/detail/detection_array__struct.hpp\n'}
[0.668370] (interfaces_pkg) StdoutLine: {'line': b'-- Up-to-date symlink: /home/amrl_sunny/ros2_autonomous_vehicle_simulation/install/interfaces_pkg/include/interfaces_pkg/interfaces_pkg/msg/detail/detection_array__traits.hpp\n'}
[0.668423] (interfaces_pkg) StdoutLine: {'line': b'-- Up-to-date symlink: /home/amrl_sunny/ros2_autonomous_vehicle_simulation/install/interfaces_pkg/include/interfaces_pkg/interfaces_pkg/msg/detail/detection_array__type_support.hpp\n'}
[0.668476] (interfaces_pkg) StdoutLine: {'line': b'-- Up-to-date symlink: /home/amrl_sunny/ros2_autonomous_vehicle_simulation/install/interfaces_pkg/include/interfaces_pkg/interfaces_pkg/msg/detail/key_point2_d__builder.hpp\n'}
[0.668528] (interfaces_pkg) StdoutLine: {'line': b'-- Up-to-date symlink: /home/amrl_sunny/ros2_autonomous_vehicle_simulation/install/interfaces_pkg/include/interfaces_pkg/interfaces_pkg/msg/detail/key_point2_d__struct.hpp\n'}
[0.668581] (interfaces_pkg) StdoutLine: {'line': b'-- Up-to-date symlink: /home/amrl_sunny/ros2_autonomous_vehicle_simulation/install/interfaces_pkg/include/interfaces_pkg/interfaces_pkg/msg/detail/key_point2_d__traits.hpp\n'}
[0.668634] (interfaces_pkg) StdoutLine: {'line': b'-- Up-to-date symlink: /home/amrl_sunny/ros2_autonomous_vehicle_simulation/install/interfaces_pkg/include/interfaces_pkg/interfaces_pkg/msg/detail/key_point2_d__type_support.hpp\n'}
[0.668689] (interfaces_pkg) StdoutLine: {'line': b'-- Up-to-date symlink: /home/amrl_sunny/ros2_autonomous_vehicle_simulation/install/interfaces_pkg/include/interfaces_pkg/interfaces_pkg/msg/detail/key_point2_d_array__builder.hpp\n'}
[0.668742] (interfaces_pkg) StdoutLine: {'line': b'-- Up-to-date symlink: /home/amrl_sunny/ros2_autonomous_vehicle_simulation/install/interfaces_pkg/include/interfaces_pkg/interfaces_pkg/msg/detail/key_point2_d_array__struct.hpp\n'}
[0.668796] (interfaces_pkg) StdoutLine: {'line': b'-- Up-to-date symlink: /home/amrl_sunny/ros2_autonomous_vehicle_simulation/install/interfaces_pkg/include/interfaces_pkg/interfaces_pkg/msg/detail/key_point2_d_array__traits.hpp\n'}
[0.668849] (interfaces_pkg) StdoutLine: {'line': b'-- Up-to-date symlink: /home/amrl_sunny/ros2_autonomous_vehicle_simulation/install/interfaces_pkg/include/interfaces_pkg/interfaces_pkg/msg/detail/key_point2_d_array__type_support.hpp\n'}
[0.668902] (interfaces_pkg) StdoutLine: {'line': b'-- Up-to-date symlink: /home/amrl_sunny/ros2_autonomous_vehicle_simulation/install/interfaces_pkg/include/interfaces_pkg/interfaces_pkg/msg/detail/key_point3_d__builder.hpp\n'}
[0.668967] (interfaces_pkg) StdoutLine: {'line': b'-- Up-to-date symlink: /home/amrl_sunny/ros2_autonomous_vehicle_simulation/install/interfaces_pkg/include/interfaces_pkg/interfaces_pkg/msg/detail/key_point3_d__struct.hpp\n'}
[0.669088] (interfaces_pkg) StdoutLine: {'line': b'-- Up-to-date symlink: /home/amrl_sunny/ros2_autonomous_vehicle_simulation/install/interfaces_pkg/include/interfaces_pkg/interfaces_pkg/msg/detail/key_point3_d__traits.hpp\n'}
[0.669147] (interfaces_pkg) StdoutLine: {'line': b'-- Up-to-date symlink: /home/amrl_sunny/ros2_autonomous_vehicle_simulation/install/interfaces_pkg/include/interfaces_pkg/interfaces_pkg/msg/detail/key_point3_d__type_support.hpp\n'}
[0.669219] (interfaces_pkg) StdoutLine: {'line': b'-- Up-to-date symlink: /home/amrl_sunny/ros2_autonomous_vehicle_simulation/install/interfaces_pkg/include/interfaces_pkg/interfaces_pkg/msg/detail/key_point3_d_array__builder.hpp\n'}
[0.669272] (interfaces_pkg) StdoutLine: {'line': b'-- Up-to-date symlink: /home/amrl_sunny/ros2_autonomous_vehicle_simulation/install/interfaces_pkg/include/interfaces_pkg/interfaces_pkg/msg/detail/key_point3_d_array__struct.hpp\n'}
[0.669343] (interfaces_pkg) StdoutLine: {'line': b'-- Up-to-date symlink: /home/amrl_sunny/ros2_autonomous_vehicle_simulation/install/interfaces_pkg/include/interfaces_pkg/interfaces_pkg/msg/detail/key_point3_d_array__traits.hpp\n'}
[0.669396] (interfaces_pkg) StdoutLine: {'line': b'-- Up-to-date symlink: /home/amrl_sunny/ros2_autonomous_vehicle_simulation/install/interfaces_pkg/include/interfaces_pkg/interfaces_pkg/msg/detail/key_point3_d_array__type_support.hpp\n'}
[0.669473] (interfaces_pkg) StdoutLine: {'line': b'-- Up-to-date symlink: /home/amrl_sunny/ros2_autonomous_vehicle_simulation/install/interfaces_pkg/include/interfaces_pkg/interfaces_pkg/msg/detail/lane_info__builder.hpp\n'}
[0.669527] (interfaces_pkg) StdoutLine: {'line': b'-- Up-to-date symlink: /home/amrl_sunny/ros2_autonomous_vehicle_simulation/install/interfaces_pkg/include/interfaces_pkg/interfaces_pkg/msg/detail/lane_info__struct.hpp\n'}
[0.669580] (interfaces_pkg) StdoutLine: {'line': b'-- Up-to-date symlink: /home/amrl_sunny/ros2_autonomous_vehicle_simulation/install/interfaces_pkg/include/interfaces_pkg/interfaces_pkg/msg/detail/lane_info__traits.hpp\n'}
[0.669633] (interfaces_pkg) StdoutLine: {'line': b'-- Up-to-date symlink: /home/amrl_sunny/ros2_autonomous_vehicle_simulation/install/interfaces_pkg/include/interfaces_pkg/interfaces_pkg/msg/detail/lane_info__type_support.hpp\n'}
[0.669685] (interfaces_pkg) StdoutLine: {'line': b'-- Up-to-date symlink: /home/amrl_sunny/ros2_autonomous_vehicle_simulation/install/interfaces_pkg/include/interfaces_pkg/interfaces_pkg/msg/detail/mask__builder.hpp\n'}
[0.669737] (interfaces_pkg) StdoutLine: {'line': b'-- Up-to-date symlink: /home/amrl_sunny/ros2_autonomous_vehicle_simulation/install/interfaces_pkg/include/interfaces_pkg/interfaces_pkg/msg/detail/mask__struct.hpp\n'}
[0.669789] (interfaces_pkg) StdoutLine: {'line': b'-- Up-to-date symlink: /home/amrl_sunny/ros2_autonomous_vehicle_simulation/install/interfaces_pkg/include/interfaces_pkg/interfaces_pkg/msg/detail/mask__traits.hpp\n'}
[0.669842] (interfaces_pkg) StdoutLine: {'line': b'-- Up-to-date symlink: /home/amrl_sunny/ros2_autonomous_vehicle_simulation/install/interfaces_pkg/include/interfaces_pkg/interfaces_pkg/msg/detail/mask__type_support.hpp\n'}
[0.669895] (interfaces_pkg) StdoutLine: {'line': b'-- Up-to-date symlink: /home/amrl_sunny/ros2_autonomous_vehicle_simulation/install/interfaces_pkg/include/interfaces_pkg/interfaces_pkg/msg/detail/motion_command__builder.hpp\n'}
[0.669950] (interfaces_pkg) StdoutLine: {'line': b'-- Up-to-date symlink: /home/amrl_sunny/ros2_autonomous_vehicle_simulation/install/interfaces_pkg/include/interfaces_pkg/interfaces_pkg/msg/detail/motion_command__struct.hpp\n'}
[0.670028] (interfaces_pkg) StdoutLine: {'line': b'-- Up-to-date symlink: /home/amrl_sunny/ros2_autonomous_vehicle_simulation/install/interfaces_pkg/include/interfaces_pkg/interfaces_pkg/msg/detail/motion_command__traits.hpp\n'}
[0.670084] (interfaces_pkg) StdoutLine: {'line': b'-- Up-to-date symlink: /home/amrl_sunny/ros2_autonomous_vehicle_simulation/install/interfaces_pkg/include/interfaces_pkg/interfaces_pkg/msg/detail/motion_command__type_support.hpp\n'}
[0.670136] (interfaces_pkg) StdoutLine: {'line': b'-- Up-to-date symlink: /home/amrl_sunny/ros2_autonomous_vehicle_simulation/install/interfaces_pkg/include/interfaces_pkg/interfaces_pkg/msg/detail/path_planning_result__builder.hpp\n'}
[0.670188] (interfaces_pkg) StdoutLine: {'line': b'-- Up-to-date symlink: /home/amrl_sunny/ros2_autonomous_vehicle_simulation/install/interfaces_pkg/include/interfaces_pkg/interfaces_pkg/msg/detail/path_planning_result__struct.hpp\n'}
[0.670240] (interfaces_pkg) StdoutLine: {'line': b'-- Up-to-date symlink: /home/amrl_sunny/ros2_autonomous_vehicle_simulation/install/interfaces_pkg/include/interfaces_pkg/interfaces_pkg/msg/detail/path_planning_result__traits.hpp\n'}
[0.670292] (interfaces_pkg) StdoutLine: {'line': b'-- Up-to-date symlink: /home/amrl_sunny/ros2_autonomous_vehicle_simulation/install/interfaces_pkg/include/interfaces_pkg/interfaces_pkg/msg/detail/path_planning_result__type_support.hpp\n'}
[0.670388] (interfaces_pkg) StdoutLine: {'line': b'-- Up-to-date symlink: /home/amrl_sunny/ros2_autonomous_vehicle_simulation/install/interfaces_pkg/include/interfaces_pkg/interfaces_pkg/msg/detail/point2_d__builder.hpp\n'}
[0.670449] (interfaces_pkg) StdoutLine: {'line': b'-- Up-to-date symlink: /home/amrl_sunny/ros2_autonomous_vehicle_simulation/install/interfaces_pkg/include/interfaces_pkg/interfaces_pkg/msg/detail/point2_d__struct.hpp\n'}
[0.670501] (interfaces_pkg) StdoutLine: {'line': b'-- Up-to-date symlink: /home/amrl_sunny/ros2_autonomous_vehicle_simulation/install/interfaces_pkg/include/interfaces_pkg/interfaces_pkg/msg/detail/point2_d__traits.hpp\n'}
[0.670554] (interfaces_pkg) StdoutLine: {'line': b'-- Up-to-date symlink: /home/amrl_sunny/ros2_autonomous_vehicle_simulation/install/interfaces_pkg/include/interfaces_pkg/interfaces_pkg/msg/detail/point2_d__type_support.hpp\n'}
[0.670639] (interfaces_pkg) StdoutLine: {'line': b'-- Up-to-date symlink: /home/amrl_sunny/ros2_autonomous_vehicle_simulation/install/interfaces_pkg/include/interfaces_pkg/interfaces_pkg/msg/detail/pose2_d__builder.hpp\n'}
[0.670703] (interfaces_pkg) StdoutLine: {'line': b'-- Up-to-date symlink: /home/amrl_sunny/ros2_autonomous_vehicle_simulation/install/interfaces_pkg/include/interfaces_pkg/interfaces_pkg/msg/detail/pose2_d__struct.hpp\n'}
[0.670773] (interfaces_pkg) StdoutLine: {'line': b'-- Up-to-date symlink: /home/amrl_sunny/ros2_autonomous_vehicle_simulation/install/interfaces_pkg/include/interfaces_pkg/interfaces_pkg/msg/detail/pose2_d__traits.hpp\n'}
[0.670828] (interfaces_pkg) StdoutLine: {'line': b'-- Up-to-date symlink: /home/amrl_sunny/ros2_autonomous_vehicle_simulation/install/interfaces_pkg/include/interfaces_pkg/interfaces_pkg/msg/detail/pose2_d__type_support.hpp\n'}
[0.670900] (interfaces_pkg) StdoutLine: {'line': b'-- Up-to-date symlink: /home/amrl_sunny/ros2_autonomous_vehicle_simulation/install/interfaces_pkg/include/interfaces_pkg/interfaces_pkg/msg/detail/target_point__builder.hpp\n'}
[0.670975] (interfaces_pkg) StdoutLine: {'line': b'-- Up-to-date symlink: /home/amrl_sunny/ros2_autonomous_vehicle_simulation/install/interfaces_pkg/include/interfaces_pkg/interfaces_pkg/msg/detail/target_point__struct.hpp\n'}
[0.671053] (interfaces_pkg) StdoutLine: {'line': b'-- Up-to-date symlink: /home/amrl_sunny/ros2_autonomous_vehicle_simulation/install/interfaces_pkg/include/interfaces_pkg/interfaces_pkg/msg/detail/target_point__traits.hpp\n'}
[0.671106] (interfaces_pkg) StdoutLine: {'line': b'-- Up-to-date symlink: /home/amrl_sunny/ros2_autonomous_vehicle_simulation/install/interfaces_pkg/include/interfaces_pkg/interfaces_pkg/msg/detail/target_point__type_support.hpp\n'}
[0.671158] (interfaces_pkg) StdoutLine: {'line': b'-- Up-to-date symlink: /home/amrl_sunny/ros2_autonomous_vehicle_simulation/install/interfaces_pkg/include/interfaces_pkg/interfaces_pkg/msg/detail/vector2__builder.hpp\n'}
[0.671210] (interfaces_pkg) StdoutLine: {'line': b'-- Up-to-date symlink: /home/amrl_sunny/ros2_autonomous_vehicle_simulation/install/interfaces_pkg/include/interfaces_pkg/interfaces_pkg/msg/detail/vector2__struct.hpp\n'}
[0.671270] (interfaces_pkg) StdoutLine: {'line': b'-- Up-to-date symlink: /home/amrl_sunny/ros2_autonomous_vehicle_simulation/install/interfaces_pkg/include/interfaces_pkg/interfaces_pkg/msg/detail/vector2__traits.hpp\n'}
[0.671353] (interfaces_pkg) StdoutLine: {'line': b'-- Up-to-date symlink: /home/amrl_sunny/ros2_autonomous_vehicle_simulation/install/interfaces_pkg/include/interfaces_pkg/interfaces_pkg/msg/detail/vector2__type_support.hpp\n'}
[0.671426] (interfaces_pkg) StdoutLine: {'line': b'-- Up-to-date symlink: /home/amrl_sunny/ros2_autonomous_vehicle_simulation/install/interfaces_pkg/include/interfaces_pkg/interfaces_pkg/msg/detection.hpp\n'}
[0.671486] (interfaces_pkg) StdoutLine: {'line': b'-- Up-to-date symlink: /home/amrl_sunny/ros2_autonomous_vehicle_simulation/install/interfaces_pkg/include/interfaces_pkg/interfaces_pkg/msg/detection_array.hpp\n'}
[0.671562] (interfaces_pkg) StdoutLine: {'line': b'-- Up-to-date symlink: /home/amrl_sunny/ros2_autonomous_vehicle_simulation/install/interfaces_pkg/include/interfaces_pkg/interfaces_pkg/msg/key_point2_d.hpp\n'}
[0.671617] (interfaces_pkg) StdoutLine: {'line': b'-- Up-to-date symlink: /home/amrl_sunny/ros2_autonomous_vehicle_simulation/install/interfaces_pkg/include/interfaces_pkg/interfaces_pkg/msg/key_point2_d_array.hpp\n'}
[0.671679] (interfaces_pkg) StdoutLine: {'line': b'-- Up-to-date symlink: /home/amrl_sunny/ros2_autonomous_vehicle_simulation/install/interfaces_pkg/include/interfaces_pkg/interfaces_pkg/msg/key_point3_d.hpp\n'}
[0.671741] (interfaces_pkg) StdoutLine: {'line': b'-- Up-to-date symlink: /home/amrl_sunny/ros2_autonomous_vehicle_simulation/install/interfaces_pkg/include/interfaces_pkg/interfaces_pkg/msg/key_point3_d_array.hpp\n'}
[0.671798] (interfaces_pkg) StdoutLine: {'line': b'-- Up-to-date symlink: /home/amrl_sunny/ros2_autonomous_vehicle_simulation/install/interfaces_pkg/include/interfaces_pkg/interfaces_pkg/msg/lane_info.hpp\n'}
[0.671853] (interfaces_pkg) StdoutLine: {'line': b'-- Up-to-date symlink: /home/amrl_sunny/ros2_autonomous_vehicle_simulation/install/interfaces_pkg/include/interfaces_pkg/interfaces_pkg/msg/mask.hpp\n'}
[0.671912] (interfaces_pkg) StdoutLine: {'line': b'-- Up-to-date symlink: /home/amrl_sunny/ros2_autonomous_vehicle_simulation/install/interfaces_pkg/include/interfaces_pkg/interfaces_pkg/msg/motion_command.hpp\n'}
[0.672027] (interfaces_pkg) StdoutLine: {'line': b'-- Up-to-date symlink: /home/amrl_sunny/ros2_autonomous_vehicle_simulation/install/interfaces_pkg/include/interfaces_pkg/interfaces_pkg/msg/path_planning_result.hpp\n'}
[0.672088] (interfaces_pkg) StdoutLine: {'line': b'-- Up-to-date symlink: /home/amrl_sunny/ros2_autonomous_vehicle_simulation/install/interfaces_pkg/include/interfaces_pkg/interfaces_pkg/msg/point2_d.hpp\n'}
[0.672143] (interfaces_pkg) StdoutLine: {'line': b'-- Up-to-date symlink: /home/amrl_sunny/ros2_autonomous_vehicle_simulation/install/interfaces_pkg/include/interfaces_pkg/interfaces_pkg/msg/pose2_d.hpp\n'}
[0.672197] (interfaces_pkg) StdoutLine: {'line': b'-- Up-to-date symlink: /home/amrl_sunny/ros2_autonomous_vehicle_simulation/install/interfaces_pkg/include/interfaces_pkg/interfaces_pkg/msg/rosidl_generator_cpp__visibility_control.hpp\n'}
[0.672276] (interfaces_pkg) StdoutLine: {'line': b'-- Up-to-date symlink: /home/amrl_sunny/ros2_autonomous_vehicle_simulation/install/interfaces_pkg/include/interfaces_pkg/interfaces_pkg/msg/target_point.hpp\n'}
[0.672334] (interfaces_pkg) StdoutLine: {'line': b'-- Up-to-date symlink: /home/amrl_sunny/ros2_autonomous_vehicle_simulation/install/interfaces_pkg/include/interfaces_pkg/interfaces_pkg/msg/vector2.hpp\n'}
[0.672389] (interfaces_pkg) StdoutLine: {'line': b'-- Up-to-date symlink: /home/amrl_sunny/ros2_autonomous_vehicle_simulation/install/interfaces_pkg/include/interfaces_pkg/interfaces_pkg/msg/detail/bounding_box2_d__rosidl_typesupport_fastrtps_cpp.hpp\n'}
[0.672440] (interfaces_pkg) StdoutLine: {'line': b'-- Up-to-date symlink: /home/amrl_sunny/ros2_autonomous_vehicle_simulation/install/interfaces_pkg/include/interfaces_pkg/interfaces_pkg/msg/detail/bounding_box3_d__rosidl_typesupport_fastrtps_cpp.hpp\n'}
[0.672493] (interfaces_pkg) StdoutLine: {'line': b'-- Up-to-date symlink: /home/amrl_sunny/ros2_autonomous_vehicle_simulation/install/interfaces_pkg/include/interfaces_pkg/interfaces_pkg/msg/detail/detection__rosidl_typesupport_fastrtps_cpp.hpp\n'}
[0.672544] (interfaces_pkg) StdoutLine: {'line': b'-- Up-to-date symlink: /home/amrl_sunny/ros2_autonomous_vehicle_simulation/install/interfaces_pkg/include/interfaces_pkg/interfaces_pkg/msg/detail/detection_array__rosidl_typesupport_fastrtps_cpp.hpp\n'}
[0.672596] (interfaces_pkg) StdoutLine: {'line': b'-- Up-to-date symlink: /home/amrl_sunny/ros2_autonomous_vehicle_simulation/install/interfaces_pkg/include/interfaces_pkg/interfaces_pkg/msg/detail/key_point2_d__rosidl_typesupport_fastrtps_cpp.hpp\n'}
[0.672652] (interfaces_pkg) StdoutLine: {'line': b'-- Up-to-date symlink: /home/amrl_sunny/ros2_autonomous_vehicle_simulation/install/interfaces_pkg/include/interfaces_pkg/interfaces_pkg/msg/detail/key_point2_d_array__rosidl_typesupport_fastrtps_cpp.hpp\n'}
[0.672737] (interfaces_pkg) StdoutLine: {'line': b'-- Up-to-date symlink: /home/amrl_sunny/ros2_autonomous_vehicle_simulation/install/interfaces_pkg/include/interfaces_pkg/interfaces_pkg/msg/detail/key_point3_d__rosidl_typesupport_fastrtps_cpp.hpp\n'}
[0.672793] (interfaces_pkg) StdoutLine: {'line': b'-- Up-to-date symlink: /home/amrl_sunny/ros2_autonomous_vehicle_simulation/install/interfaces_pkg/include/interfaces_pkg/interfaces_pkg/msg/detail/key_point3_d_array__rosidl_typesupport_fastrtps_cpp.hpp\n'}
[0.672847] (interfaces_pkg) StdoutLine: {'line': b'-- Up-to-date symlink: /home/amrl_sunny/ros2_autonomous_vehicle_simulation/install/interfaces_pkg/include/interfaces_pkg/interfaces_pkg/msg/detail/lane_info__rosidl_typesupport_fastrtps_cpp.hpp\n'}
[0.672902] (interfaces_pkg) StdoutLine: {'line': b'-- Up-to-date symlink: /home/amrl_sunny/ros2_autonomous_vehicle_simulation/install/interfaces_pkg/include/interfaces_pkg/interfaces_pkg/msg/detail/mask__rosidl_typesupport_fastrtps_cpp.hpp\n'}
[0.672989] (interfaces_pkg) StdoutLine: {'line': b'-- Up-to-date symlink: /home/amrl_sunny/ros2_autonomous_vehicle_simulation/install/interfaces_pkg/include/interfaces_pkg/interfaces_pkg/msg/detail/motion_command__rosidl_typesupport_fastrtps_cpp.hpp\n'}
[0.673058] (interfaces_pkg) StdoutLine: {'line': b'-- Up-to-date symlink: /home/amrl_sunny/ros2_autonomous_vehicle_simulation/install/interfaces_pkg/include/interfaces_pkg/interfaces_pkg/msg/detail/path_planning_result__rosidl_typesupport_fastrtps_cpp.hpp\n'}
[0.673112] (interfaces_pkg) StdoutLine: {'line': b'-- Up-to-date symlink: /home/amrl_sunny/ros2_autonomous_vehicle_simulation/install/interfaces_pkg/include/interfaces_pkg/interfaces_pkg/msg/detail/point2_d__rosidl_typesupport_fastrtps_cpp.hpp\n'}
[0.673165] (interfaces_pkg) StdoutLine: {'line': b'-- Up-to-date symlink: /home/amrl_sunny/ros2_autonomous_vehicle_simulation/install/interfaces_pkg/include/interfaces_pkg/interfaces_pkg/msg/detail/pose2_d__rosidl_typesupport_fastrtps_cpp.hpp\n'}
[0.673218] (interfaces_pkg) StdoutLine: {'line': b'-- Up-to-date symlink: /home/amrl_sunny/ros2_autonomous_vehicle_simulation/install/interfaces_pkg/include/interfaces_pkg/interfaces_pkg/msg/detail/target_point__rosidl_typesupport_fastrtps_cpp.hpp\n'}
[0.673270] (interfaces_pkg) StdoutLine: {'line': b'-- Up-to-date symlink: /home/amrl_sunny/ros2_autonomous_vehicle_simulation/install/interfaces_pkg/include/interfaces_pkg/interfaces_pkg/msg/detail/vector2__rosidl_typesupport_fastrtps_cpp.hpp\n'}
[0.673323] (interfaces_pkg) StdoutLine: {'line': b'-- Up-to-date symlink: /home/amrl_sunny/ros2_autonomous_vehicle_simulation/install/interfaces_pkg/include/interfaces_pkg/interfaces_pkg/msg/rosidl_typesupport_fastrtps_cpp__visibility_control.h\n'}
[0.673374] (interfaces_pkg) StdoutLine: {'line': b'-- Up-to-date symlink: /home/amrl_sunny/ros2_autonomous_vehicle_simulation/install/interfaces_pkg/include/interfaces_pkg/interfaces_pkg/msg/detail/bounding_box2_d__rosidl_typesupport_introspection_cpp.hpp\n'}
[0.673427] (interfaces_pkg) StdoutLine: {'line': b'-- Up-to-date symlink: /home/amrl_sunny/ros2_autonomous_vehicle_simulation/install/interfaces_pkg/include/interfaces_pkg/interfaces_pkg/msg/detail/bounding_box3_d__rosidl_typesupport_introspection_cpp.hpp\n'}
[0.673520] (interfaces_pkg) StdoutLine: {'line': b'-- Up-to-date symlink: /home/amrl_sunny/ros2_autonomous_vehicle_simulation/install/interfaces_pkg/include/interfaces_pkg/interfaces_pkg/msg/detail/detection__rosidl_typesupport_introspection_cpp.hpp\n'}
[0.673574] (interfaces_pkg) StdoutLine: {'line': b'-- Up-to-date symlink: /home/amrl_sunny/ros2_autonomous_vehicle_simulation/install/interfaces_pkg/include/interfaces_pkg/interfaces_pkg/msg/detail/detection_array__rosidl_typesupport_introspection_cpp.hpp\n'}
[0.673628] (interfaces_pkg) StdoutLine: {'line': b'-- Up-to-date symlink: /home/amrl_sunny/ros2_autonomous_vehicle_simulation/install/interfaces_pkg/include/interfaces_pkg/interfaces_pkg/msg/detail/key_point2_d__rosidl_typesupport_introspection_cpp.hpp\n'}
[0.673702] (interfaces_pkg) StdoutLine: {'line': b'-- Up-to-date symlink: /home/amrl_sunny/ros2_autonomous_vehicle_simulation/install/interfaces_pkg/include/interfaces_pkg/interfaces_pkg/msg/detail/key_point2_d_array__rosidl_typesupport_introspection_cpp.hpp\n'}
[0.673757] (interfaces_pkg) StdoutLine: {'line': b'-- Up-to-date symlink: /home/amrl_sunny/ros2_autonomous_vehicle_simulation/install/interfaces_pkg/include/interfaces_pkg/interfaces_pkg/msg/detail/key_point3_d__rosidl_typesupport_introspection_cpp.hpp\n'}
[0.673812] (interfaces_pkg) StdoutLine: {'line': b'-- Up-to-date symlink: /home/amrl_sunny/ros2_autonomous_vehicle_simulation/install/interfaces_pkg/include/interfaces_pkg/interfaces_pkg/msg/detail/key_point3_d_array__rosidl_typesupport_introspection_cpp.hpp\n'}
[0.673867] (interfaces_pkg) StdoutLine: {'line': b'-- Up-to-date symlink: /home/amrl_sunny/ros2_autonomous_vehicle_simulation/install/interfaces_pkg/include/interfaces_pkg/interfaces_pkg/msg/detail/lane_info__rosidl_typesupport_introspection_cpp.hpp\n'}
[0.673919] (interfaces_pkg) StdoutLine: {'line': b'-- Up-to-date symlink: /home/amrl_sunny/ros2_autonomous_vehicle_simulation/install/interfaces_pkg/include/interfaces_pkg/interfaces_pkg/msg/detail/mask__rosidl_typesupport_introspection_cpp.hpp\n'}
[0.674015] (interfaces_pkg) StdoutLine: {'line': b'-- Up-to-date symlink: /home/amrl_sunny/ros2_autonomous_vehicle_simulation/install/interfaces_pkg/include/interfaces_pkg/interfaces_pkg/msg/detail/motion_command__rosidl_typesupport_introspection_cpp.hpp\n'}
[0.674085] (interfaces_pkg) StdoutLine: {'line': b'-- Up-to-date symlink: /home/amrl_sunny/ros2_autonomous_vehicle_simulation/install/interfaces_pkg/include/interfaces_pkg/interfaces_pkg/msg/detail/path_planning_result__rosidl_typesupport_introspection_cpp.hpp\n'}
[0.674139] (interfaces_pkg) StdoutLine: {'line': b'-- Up-to-date symlink: /home/amrl_sunny/ros2_autonomous_vehicle_simulation/install/interfaces_pkg/include/interfaces_pkg/interfaces_pkg/msg/detail/point2_d__rosidl_typesupport_introspection_cpp.hpp\n'}
[0.674192] (interfaces_pkg) StdoutLine: {'line': b'-- Up-to-date symlink: /home/amrl_sunny/ros2_autonomous_vehicle_simulation/install/interfaces_pkg/include/interfaces_pkg/interfaces_pkg/msg/detail/pose2_d__rosidl_typesupport_introspection_cpp.hpp\n'}
[0.674245] (interfaces_pkg) StdoutLine: {'line': b'-- Up-to-date symlink: /home/amrl_sunny/ros2_autonomous_vehicle_simulation/install/interfaces_pkg/include/interfaces_pkg/interfaces_pkg/msg/detail/target_point__rosidl_typesupport_introspection_cpp.hpp\n'}
[0.674299] (interfaces_pkg) StdoutLine: {'line': b'-- Up-to-date symlink: /home/amrl_sunny/ros2_autonomous_vehicle_simulation/install/interfaces_pkg/include/interfaces_pkg/interfaces_pkg/msg/detail/vector2__rosidl_typesupport_introspection_cpp.hpp\n'}
[0.674353] (interfaces_pkg) StdoutLine: {'line': b'-- Up-to-date symlink: /home/amrl_sunny/ros2_autonomous_vehicle_simulation/install/interfaces_pkg/share/interfaces_pkg/environment/pythonpath.sh\n'}
[0.674422] (interfaces_pkg) StdoutLine: {'line': b'-- Up-to-date symlink: /home/amrl_sunny/ros2_autonomous_vehicle_simulation/install/interfaces_pkg/share/interfaces_pkg/environment/pythonpath.dsv\n'}
[0.674484] (interfaces_pkg) StdoutLine: {'line': b'-- Up-to-date symlink: /home/amrl_sunny/ros2_autonomous_vehicle_simulation/install/interfaces_pkg/local/lib/python3.10/dist-packages/interfaces_pkg-0.0.0-py3.10.egg-info/PKG-INFO\n'}
[0.674538] (interfaces_pkg) StdoutLine: {'line': b'-- Up-to-date symlink: /home/amrl_sunny/ros2_autonomous_vehicle_simulation/install/interfaces_pkg/local/lib/python3.10/dist-packages/interfaces_pkg-0.0.0-py3.10.egg-info/SOURCES.txt\n'}
[0.674591] (interfaces_pkg) StdoutLine: {'line': b'-- Up-to-date symlink: /home/amrl_sunny/ros2_autonomous_vehicle_simulation/install/interfaces_pkg/local/lib/python3.10/dist-packages/interfaces_pkg-0.0.0-py3.10.egg-info/dependency_links.txt\n'}
[0.674667] (interfaces_pkg) StdoutLine: {'line': b'-- Up-to-date symlink: /home/amrl_sunny/ros2_autonomous_vehicle_simulation/install/interfaces_pkg/local/lib/python3.10/dist-packages/interfaces_pkg-0.0.0-py3.10.egg-info/top_level.txt\n'}
[0.674721] (interfaces_pkg) StdoutLine: {'line': b'-- Up-to-date symlink: /home/amrl_sunny/ros2_autonomous_vehicle_simulation/install/interfaces_pkg/local/lib/python3.10/dist-packages/interfaces_pkg/__init__.py\n'}
[0.674807] (interfaces_pkg) StdoutLine: {'line': b'-- Up-to-date symlink: /home/amrl_sunny/ros2_autonomous_vehicle_simulation/install/interfaces_pkg/local/lib/python3.10/dist-packages/interfaces_pkg/_interfaces_pkg_s.ep.rosidl_typesupport_c.c\n'}
[0.674861] (interfaces_pkg) StdoutLine: {'line': b'-- Up-to-date symlink: /home/amrl_sunny/ros2_autonomous_vehicle_simulation/install/interfaces_pkg/local/lib/python3.10/dist-packages/interfaces_pkg/_interfaces_pkg_s.ep.rosidl_typesupport_fastrtps_c.c\n'}
[0.674917] (interfaces_pkg) StdoutLine: {'line': b'-- Up-to-date symlink: /home/amrl_sunny/ros2_autonomous_vehicle_simulation/install/interfaces_pkg/local/lib/python3.10/dist-packages/interfaces_pkg/_interfaces_pkg_s.ep.rosidl_typesupport_introspection_c.c\n'}
[0.674997] (interfaces_pkg) StdoutLine: {'line': b'-- Up-to-date symlink: /home/amrl_sunny/ros2_autonomous_vehicle_simulation/install/interfaces_pkg/local/lib/python3.10/dist-packages/interfaces_pkg/interfaces_pkg_s__rosidl_typesupport_c.cpython-310-x86_64-linux-gnu.so\n'}
[0.675061] (interfaces_pkg) StdoutLine: {'line': b'-- Up-to-date symlink: /home/amrl_sunny/ros2_autonomous_vehicle_simulation/install/interfaces_pkg/local/lib/python3.10/dist-packages/interfaces_pkg/interfaces_pkg_s__rosidl_typesupport_fastrtps_c.cpython-310-x86_64-linux-gnu.so\n'}
[0.675116] (interfaces_pkg) StdoutLine: {'line': b'-- Up-to-date symlink: /home/amrl_sunny/ros2_autonomous_vehicle_simulation/install/interfaces_pkg/local/lib/python3.10/dist-packages/interfaces_pkg/interfaces_pkg_s__rosidl_typesupport_introspection_c.cpython-310-x86_64-linux-gnu.so\n'}
[0.675189] (interfaces_pkg) StdoutLine: {'line': b'-- Up-to-date symlink: /home/amrl_sunny/ros2_autonomous_vehicle_simulation/install/interfaces_pkg/local/lib/python3.10/dist-packages/interfaces_pkg/libinterfaces_pkg__rosidl_generator_py.so\n'}
[0.675242] (interfaces_pkg) StdoutLine: {'line': b'-- Up-to-date symlink: /home/amrl_sunny/ros2_autonomous_vehicle_simulation/install/interfaces_pkg/local/lib/python3.10/dist-packages/interfaces_pkg/msg/__init__.py\n'}
[0.675296] (interfaces_pkg) StdoutLine: {'line': b'-- Up-to-date symlink: /home/amrl_sunny/ros2_autonomous_vehicle_simulation/install/interfaces_pkg/local/lib/python3.10/dist-packages/interfaces_pkg/msg/_bounding_box2_d.py\n'}
[0.675348] (interfaces_pkg) StdoutLine: {'line': b'-- Up-to-date symlink: /home/amrl_sunny/ros2_autonomous_vehicle_simulation/install/interfaces_pkg/local/lib/python3.10/dist-packages/interfaces_pkg/msg/_bounding_box2_d_s.c\n'}
[0.675401] (interfaces_pkg) StdoutLine: {'line': b'-- Up-to-date symlink: /home/amrl_sunny/ros2_autonomous_vehicle_simulation/install/interfaces_pkg/local/lib/python3.10/dist-packages/interfaces_pkg/msg/_bounding_box3_d.py\n'}
[0.675473] (interfaces_pkg) StdoutLine: {'line': b'-- Up-to-date symlink: /home/amrl_sunny/ros2_autonomous_vehicle_simulation/install/interfaces_pkg/local/lib/python3.10/dist-packages/interfaces_pkg/msg/_bounding_box3_d_s.c\n'}
[0.675527] (interfaces_pkg) StdoutLine: {'line': b'-- Up-to-date symlink: /home/amrl_sunny/ros2_autonomous_vehicle_simulation/install/interfaces_pkg/local/lib/python3.10/dist-packages/interfaces_pkg/msg/_detection.py\n'}
[0.675579] (interfaces_pkg) StdoutLine: {'line': b'-- Up-to-date symlink: /home/amrl_sunny/ros2_autonomous_vehicle_simulation/install/interfaces_pkg/local/lib/python3.10/dist-packages/interfaces_pkg/msg/_detection_array.py\n'}
[0.675632] (interfaces_pkg) StdoutLine: {'line': b'-- Up-to-date symlink: /home/amrl_sunny/ros2_autonomous_vehicle_simulation/install/interfaces_pkg/local/lib/python3.10/dist-packages/interfaces_pkg/msg/_detection_array_s.c\n'}
[0.675692] (interfaces_pkg) StdoutLine: {'line': b'-- Up-to-date symlink: /home/amrl_sunny/ros2_autonomous_vehicle_simulation/install/interfaces_pkg/local/lib/python3.10/dist-packages/interfaces_pkg/msg/_detection_s.c\n'}
[0.675745] (interfaces_pkg) StdoutLine: {'line': b'-- Up-to-date symlink: /home/amrl_sunny/ros2_autonomous_vehicle_simulation/install/interfaces_pkg/local/lib/python3.10/dist-packages/interfaces_pkg/msg/_key_point2_d.py\n'}
[0.675798] (interfaces_pkg) StdoutLine: {'line': b'-- Up-to-date symlink: /home/amrl_sunny/ros2_autonomous_vehicle_simulation/install/interfaces_pkg/local/lib/python3.10/dist-packages/interfaces_pkg/msg/_key_point2_d_array.py\n'}
[0.675850] (interfaces_pkg) StdoutLine: {'line': b'-- Up-to-date symlink: /home/amrl_sunny/ros2_autonomous_vehicle_simulation/install/interfaces_pkg/local/lib/python3.10/dist-packages/interfaces_pkg/msg/_key_point2_d_array_s.c\n'}
[0.675903] (interfaces_pkg) StdoutLine: {'line': b'-- Up-to-date symlink: /home/amrl_sunny/ros2_autonomous_vehicle_simulation/install/interfaces_pkg/local/lib/python3.10/dist-packages/interfaces_pkg/msg/_key_point2_d_s.c\n'}
[0.675994] (interfaces_pkg) StdoutLine: {'line': b'-- Up-to-date symlink: /home/amrl_sunny/ros2_autonomous_vehicle_simulation/install/interfaces_pkg/local/lib/python3.10/dist-packages/interfaces_pkg/msg/_key_point3_d.py\n'}
[0.676068] (interfaces_pkg) StdoutLine: {'line': b'-- Up-to-date symlink: /home/amrl_sunny/ros2_autonomous_vehicle_simulation/install/interfaces_pkg/local/lib/python3.10/dist-packages/interfaces_pkg/msg/_key_point3_d_array.py\n'}
[0.676132] (interfaces_pkg) StdoutLine: {'line': b'-- Up-to-date symlink: /home/amrl_sunny/ros2_autonomous_vehicle_simulation/install/interfaces_pkg/local/lib/python3.10/dist-packages/interfaces_pkg/msg/_key_point3_d_array_s.c\n'}
[0.676184] (interfaces_pkg) StdoutLine: {'line': b'-- Up-to-date symlink: /home/amrl_sunny/ros2_autonomous_vehicle_simulation/install/interfaces_pkg/local/lib/python3.10/dist-packages/interfaces_pkg/msg/_key_point3_d_s.c\n'}
[0.676238] (interfaces_pkg) StdoutLine: {'line': b'-- Up-to-date symlink: /home/amrl_sunny/ros2_autonomous_vehicle_simulation/install/interfaces_pkg/local/lib/python3.10/dist-packages/interfaces_pkg/msg/_lane_info.py\n'}
[0.676290] (interfaces_pkg) StdoutLine: {'line': b'-- Up-to-date symlink: /home/amrl_sunny/ros2_autonomous_vehicle_simulation/install/interfaces_pkg/local/lib/python3.10/dist-packages/interfaces_pkg/msg/_lane_info_s.c\n'}
[0.676345] (interfaces_pkg) StdoutLine: {'line': b'-- Up-to-date symlink: /home/amrl_sunny/ros2_autonomous_vehicle_simulation/install/interfaces_pkg/local/lib/python3.10/dist-packages/interfaces_pkg/msg/_mask.py\n'}
[0.676399] (interfaces_pkg) StdoutLine: {'line': b'-- Up-to-date symlink: /home/amrl_sunny/ros2_autonomous_vehicle_simulation/install/interfaces_pkg/local/lib/python3.10/dist-packages/interfaces_pkg/msg/_mask_s.c\n'}
[0.676452] (interfaces_pkg) StdoutLine: {'line': b'-- Up-to-date symlink: /home/amrl_sunny/ros2_autonomous_vehicle_simulation/install/interfaces_pkg/local/lib/python3.10/dist-packages/interfaces_pkg/msg/_motion_command.py\n'}
[0.676504] (interfaces_pkg) StdoutLine: {'line': b'-- Up-to-date symlink: /home/amrl_sunny/ros2_autonomous_vehicle_simulation/install/interfaces_pkg/local/lib/python3.10/dist-packages/interfaces_pkg/msg/_motion_command_s.c\n'}
[0.676557] (interfaces_pkg) StdoutLine: {'line': b'-- Up-to-date symlink: /home/amrl_sunny/ros2_autonomous_vehicle_simulation/install/interfaces_pkg/local/lib/python3.10/dist-packages/interfaces_pkg/msg/_path_planning_result.py\n'}
[0.676610] (interfaces_pkg) StdoutLine: {'line': b'-- Up-to-date symlink: /home/amrl_sunny/ros2_autonomous_vehicle_simulation/install/interfaces_pkg/local/lib/python3.10/dist-packages/interfaces_pkg/msg/_path_planning_result_s.c\n'}
[0.676664] (interfaces_pkg) StdoutLine: {'line': b'-- Up-to-date symlink: /home/amrl_sunny/ros2_autonomous_vehicle_simulation/install/interfaces_pkg/local/lib/python3.10/dist-packages/interfaces_pkg/msg/_point2_d.py\n'}
[0.676748] (interfaces_pkg) StdoutLine: {'line': b'-- Up-to-date symlink: /home/amrl_sunny/ros2_autonomous_vehicle_simulation/install/interfaces_pkg/local/lib/python3.10/dist-packages/interfaces_pkg/msg/_point2_d_s.c\n'}
[0.676799] (interfaces_pkg) StdoutLine: {'line': b'-- Up-to-date symlink: /home/amrl_sunny/ros2_autonomous_vehicle_simulation/install/interfaces_pkg/local/lib/python3.10/dist-packages/interfaces_pkg/msg/_pose2_d.py\n'}
[0.676848] (interfaces_pkg) StdoutLine: {'line': b'-- Up-to-date symlink: /home/amrl_sunny/ros2_autonomous_vehicle_simulation/install/interfaces_pkg/local/lib/python3.10/dist-packages/interfaces_pkg/msg/_pose2_d_s.c\n'}
[0.676899] (interfaces_pkg) StdoutLine: {'line': b'-- Up-to-date symlink: /home/amrl_sunny/ros2_autonomous_vehicle_simulation/install/interfaces_pkg/local/lib/python3.10/dist-packages/interfaces_pkg/msg/_target_point.py\n'}
[0.676954] (interfaces_pkg) StdoutLine: {'line': b'-- Up-to-date symlink: /home/amrl_sunny/ros2_autonomous_vehicle_simulation/install/interfaces_pkg/local/lib/python3.10/dist-packages/interfaces_pkg/msg/_target_point_s.c\n'}
[0.677010] (interfaces_pkg) StdoutLine: {'line': b'-- Up-to-date symlink: /home/amrl_sunny/ros2_autonomous_vehicle_simulation/install/interfaces_pkg/local/lib/python3.10/dist-packages/interfaces_pkg/msg/_vector2.py\n'}
[0.677060] (interfaces_pkg) StdoutLine: {'line': b'-- Up-to-date symlink: /home/amrl_sunny/ros2_autonomous_vehicle_simulation/install/interfaces_pkg/local/lib/python3.10/dist-packages/interfaces_pkg/msg/_vector2_s.c\n'}
[0.677111] (interfaces_pkg) StdoutLine: {'line': b'-- Up-to-date symlink: /home/amrl_sunny/ros2_autonomous_vehicle_simulation/install/interfaces_pkg/local/lib/python3.10/dist-packages/interfaces_pkg/interfaces_pkg_s__rosidl_typesupport_fastrtps_c.cpython-310-x86_64-linux-gnu.so\n'}
[0.677161] (interfaces_pkg) StdoutLine: {'line': b'-- Up-to-date symlink: /home/amrl_sunny/ros2_autonomous_vehicle_simulation/install/interfaces_pkg/local/lib/python3.10/dist-packages/interfaces_pkg/interfaces_pkg_s__rosidl_typesupport_introspection_c.cpython-310-x86_64-linux-gnu.so\n'}
[0.677212] (interfaces_pkg) StdoutLine: {'line': b'-- Up-to-date symlink: /home/amrl_sunny/ros2_autonomous_vehicle_simulation/install/interfaces_pkg/local/lib/python3.10/dist-packages/interfaces_pkg/interfaces_pkg_s__rosidl_typesupport_c.cpython-310-x86_64-linux-gnu.so\n'}
[0.677269] (interfaces_pkg) StdoutLine: {'line': b'-- Up-to-date symlink: /home/amrl_sunny/ros2_autonomous_vehicle_simulation/install/interfaces_pkg/share/interfaces_pkg/msg/Point2D.idl\n'}
[0.677320] (interfaces_pkg) StdoutLine: {'line': b'-- Up-to-date symlink: /home/amrl_sunny/ros2_autonomous_vehicle_simulation/install/interfaces_pkg/share/interfaces_pkg/msg/Vector2.idl\n'}
[0.677370] (interfaces_pkg) StdoutLine: {'line': b'-- Up-to-date symlink: /home/amrl_sunny/ros2_autonomous_vehicle_simulation/install/interfaces_pkg/share/interfaces_pkg/msg/Pose2D.idl\n'}
[0.677430] (interfaces_pkg) StdoutLine: {'line': b'-- Up-to-date symlink: /home/amrl_sunny/ros2_autonomous_vehicle_simulation/install/interfaces_pkg/share/interfaces_pkg/msg/BoundingBox2D.idl\n'}
[0.677481] (interfaces_pkg) StdoutLine: {'line': b'-- Up-to-date symlink: /home/amrl_sunny/ros2_autonomous_vehicle_simulation/install/interfaces_pkg/share/interfaces_pkg/msg/BoundingBox3D.idl\n'}
[0.677531] (interfaces_pkg) StdoutLine: {'line': b'-- Up-to-date symlink: /home/amrl_sunny/ros2_autonomous_vehicle_simulation/install/interfaces_pkg/share/interfaces_pkg/msg/Mask.idl\n'}
[0.677582] (interfaces_pkg) StdoutLine: {'line': b'-- Up-to-date symlink: /home/amrl_sunny/ros2_autonomous_vehicle_simulation/install/interfaces_pkg/share/interfaces_pkg/msg/KeyPoint2D.idl\n'}
[0.677633] (interfaces_pkg) StdoutLine: {'line': b'-- Up-to-date symlink: /home/amrl_sunny/ros2_autonomous_vehicle_simulation/install/interfaces_pkg/share/interfaces_pkg/msg/KeyPoint2DArray.idl\n'}
[0.677684] (interfaces_pkg) StdoutLine: {'line': b'-- Up-to-date symlink: /home/amrl_sunny/ros2_autonomous_vehicle_simulation/install/interfaces_pkg/share/interfaces_pkg/msg/KeyPoint3D.idl\n'}
[0.677740] (interfaces_pkg) StdoutLine: {'line': b'-- Up-to-date symlink: /home/amrl_sunny/ros2_autonomous_vehicle_simulation/install/interfaces_pkg/share/interfaces_pkg/msg/KeyPoint3DArray.idl\n'}
[0.677792] (interfaces_pkg) StdoutLine: {'line': b'-- Up-to-date symlink: /home/amrl_sunny/ros2_autonomous_vehicle_simulation/install/interfaces_pkg/share/interfaces_pkg/msg/Detection.idl\n'}
[0.677843] (interfaces_pkg) StdoutLine: {'line': b'-- Up-to-date symlink: /home/amrl_sunny/ros2_autonomous_vehicle_simulation/install/interfaces_pkg/share/interfaces_pkg/msg/DetectionArray.idl\n'}
[0.677894] (interfaces_pkg) StdoutLine: {'line': b'-- Up-to-date symlink: /home/amrl_sunny/ros2_autonomous_vehicle_simulation/install/interfaces_pkg/share/interfaces_pkg/msg/LaneInfo.idl\n'}
[0.677983] (interfaces_pkg) StdoutLine: {'line': b'-- Up-to-date symlink: /home/amrl_sunny/ros2_autonomous_vehicle_simulation/install/interfaces_pkg/share/interfaces_pkg/msg/MotionCommand.idl\n'}
[0.678074] (interfaces_pkg) StdoutLine: {'line': b'-- Up-to-date symlink: /home/amrl_sunny/ros2_autonomous_vehicle_simulation/install/interfaces_pkg/share/interfaces_pkg/msg/TargetPoint.idl\n'}
[0.678102] (interfaces_pkg) StdoutLine: {'line': b'-- Up-to-date symlink: /home/amrl_sunny/ros2_autonomous_vehicle_simulation/install/interfaces_pkg/share/interfaces_pkg/msg/PathPlanningResult.idl\n'}
[0.678126] (interfaces_pkg) StdoutLine: {'line': b'-- Up-to-date symlink: /home/amrl_sunny/ros2_autonomous_vehicle_simulation/install/interfaces_pkg/share/interfaces_pkg/msg/Point2D.msg\n'}
[0.678148] (interfaces_pkg) StdoutLine: {'line': b'-- Up-to-date symlink: /home/amrl_sunny/ros2_autonomous_vehicle_simulation/install/interfaces_pkg/share/interfaces_pkg/msg/Vector2.msg\n'}
[0.678169] (interfaces_pkg) StdoutLine: {'line': b'-- Up-to-date symlink: /home/amrl_sunny/ros2_autonomous_vehicle_simulation/install/interfaces_pkg/share/interfaces_pkg/msg/Pose2D.msg\n'}
[0.678190] (interfaces_pkg) StdoutLine: {'line': b'-- Up-to-date symlink: /home/amrl_sunny/ros2_autonomous_vehicle_simulation/install/interfaces_pkg/share/interfaces_pkg/msg/BoundingBox2D.msg\n'}
[0.678211] (interfaces_pkg) StdoutLine: {'line': b'-- Up-to-date symlink: /home/amrl_sunny/ros2_autonomous_vehicle_simulation/install/interfaces_pkg/share/interfaces_pkg/msg/BoundingBox3D.msg\n'}
[0.678232] (interfaces_pkg) StdoutLine: {'line': b'-- Up-to-date symlink: /home/amrl_sunny/ros2_autonomous_vehicle_simulation/install/interfaces_pkg/share/interfaces_pkg/msg/Mask.msg\n'}
[0.678253] (interfaces_pkg) StdoutLine: {'line': b'-- Up-to-date symlink: /home/amrl_sunny/ros2_autonomous_vehicle_simulation/install/interfaces_pkg/share/interfaces_pkg/msg/KeyPoint2D.msg\n'}
[0.678273] (interfaces_pkg) StdoutLine: {'line': b'-- Up-to-date symlink: /home/amrl_sunny/ros2_autonomous_vehicle_simulation/install/interfaces_pkg/share/interfaces_pkg/msg/KeyPoint2DArray.msg\n'}
[0.678293] (interfaces_pkg) StdoutLine: {'line': b'-- Up-to-date symlink: /home/amrl_sunny/ros2_autonomous_vehicle_simulation/install/interfaces_pkg/share/interfaces_pkg/msg/KeyPoint3D.msg\n'}
[0.678313] (interfaces_pkg) StdoutLine: {'line': b'-- Up-to-date symlink: /home/amrl_sunny/ros2_autonomous_vehicle_simulation/install/interfaces_pkg/share/interfaces_pkg/msg/KeyPoint3DArray.msg\n'}
[0.678332] (interfaces_pkg) StdoutLine: {'line': b'-- Up-to-date symlink: /home/amrl_sunny/ros2_autonomous_vehicle_simulation/install/interfaces_pkg/share/interfaces_pkg/msg/Detection.msg\n'}
[0.678352] (interfaces_pkg) StdoutLine: {'line': b'-- Up-to-date symlink: /home/amrl_sunny/ros2_autonomous_vehicle_simulation/install/interfaces_pkg/share/interfaces_pkg/msg/DetectionArray.msg\n'}
[0.678378] (interfaces_pkg) StdoutLine: {'line': b'-- Up-to-date symlink: /home/amrl_sunny/ros2_autonomous_vehicle_simulation/install/interfaces_pkg/share/interfaces_pkg/msg/LaneInfo.msg\n'}
[0.678398] (interfaces_pkg) StdoutLine: {'line': b'-- Up-to-date symlink: /home/amrl_sunny/ros2_autonomous_vehicle_simulation/install/interfaces_pkg/share/interfaces_pkg/msg/MotionCommand.msg\n'}
[0.678420] (interfaces_pkg) StdoutLine: {'line': b'-- Up-to-date symlink: /home/amrl_sunny/ros2_autonomous_vehicle_simulation/install/interfaces_pkg/share/interfaces_pkg/msg/TargetPoint.msg\n'}
[0.678440] (interfaces_pkg) StdoutLine: {'line': b'-- Up-to-date symlink: /home/amrl_sunny/ros2_autonomous_vehicle_simulation/install/interfaces_pkg/share/interfaces_pkg/msg/PathPlanningResult.msg\n'}
[0.678460] (interfaces_pkg) StdoutLine: {'line': b'-- Up-to-date symlink: /home/amrl_sunny/ros2_autonomous_vehicle_simulation/install/interfaces_pkg/share/ament_index/resource_index/package_run_dependencies/interfaces_pkg\n'}
[0.678483] (interfaces_pkg) StdoutLine: {'line': b'-- Up-to-date symlink: /home/amrl_sunny/ros2_autonomous_vehicle_simulation/install/interfaces_pkg/share/ament_index/resource_index/parent_prefix_path/interfaces_pkg\n'}
[0.678503] (interfaces_pkg) StdoutLine: {'line': b'-- Up-to-date symlink: /home/amrl_sunny/ros2_autonomous_vehicle_simulation/install/interfaces_pkg/share/interfaces_pkg/environment/ament_prefix_path.sh\n'}
[0.678522] (interfaces_pkg) StdoutLine: {'line': b'-- Up-to-date symlink: /home/amrl_sunny/ros2_autonomous_vehicle_simulation/install/interfaces_pkg/share/interfaces_pkg/environment/ament_prefix_path.dsv\n'}
[0.678541] (interfaces_pkg) StdoutLine: {'line': b'-- Up-to-date symlink: /home/amrl_sunny/ros2_autonomous_vehicle_simulation/install/interfaces_pkg/share/interfaces_pkg/environment/path.sh\n'}
[0.678561] (interfaces_pkg) StdoutLine: {'line': b'-- Up-to-date symlink: /home/amrl_sunny/ros2_autonomous_vehicle_simulation/install/interfaces_pkg/share/interfaces_pkg/environment/path.dsv\n'}
[0.678581] (interfaces_pkg) StdoutLine: {'line': b'-- Up-to-date symlink: /home/amrl_sunny/ros2_autonomous_vehicle_simulation/install/interfaces_pkg/share/interfaces_pkg/local_setup.bash\n'}
[0.678600] (interfaces_pkg) StdoutLine: {'line': b'-- Up-to-date symlink: /home/amrl_sunny/ros2_autonomous_vehicle_simulation/install/interfaces_pkg/share/interfaces_pkg/local_setup.sh\n'}
[0.678619] (interfaces_pkg) StdoutLine: {'line': b'-- Up-to-date symlink: /home/amrl_sunny/ros2_autonomous_vehicle_simulation/install/interfaces_pkg/share/interfaces_pkg/local_setup.zsh\n'}
[0.678640] (interfaces_pkg) StdoutLine: {'line': b'-- Up-to-date symlink: /home/amrl_sunny/ros2_autonomous_vehicle_simulation/install/interfaces_pkg/share/interfaces_pkg/local_setup.dsv\n'}
[0.678660] (interfaces_pkg) StdoutLine: {'line': b'-- Symlinking: /home/amrl_sunny/ros2_autonomous_vehicle_simulation/install/interfaces_pkg/share/interfaces_pkg/package.dsv\n'}
[0.683834] (interfaces_pkg) StdoutLine: {'line': b'-- Up-to-date symlink: /home/amrl_sunny/ros2_autonomous_vehicle_simulation/install/interfaces_pkg/share/ament_index/resource_index/packages/interfaces_pkg\n'}
[0.683961] (interfaces_pkg) StdoutLine: {'line': b'-- Up-to-date symlink: /home/amrl_sunny/ros2_autonomous_vehicle_simulation/install/interfaces_pkg/share/interfaces_pkg/cmake/rosidl_cmake-extras.cmake\n'}
[0.684025] (interfaces_pkg) StdoutLine: {'line': b'-- Up-to-date symlink: /home/amrl_sunny/ros2_autonomous_vehicle_simulation/install/interfaces_pkg/share/interfaces_pkg/cmake/ament_cmake_export_dependencies-extras.cmake\n'}
[0.684079] (interfaces_pkg) StdoutLine: {'line': b'-- Up-to-date symlink: /home/amrl_sunny/ros2_autonomous_vehicle_simulation/install/interfaces_pkg/share/interfaces_pkg/cmake/ament_cmake_export_include_directories-extras.cmake\n'}
[0.684160] (interfaces_pkg) StdoutLine: {'line': b'-- Up-to-date symlink: /home/amrl_sunny/ros2_autonomous_vehicle_simulation/install/interfaces_pkg/share/interfaces_pkg/cmake/ament_cmake_export_libraries-extras.cmake\n'}
[0.684217] (interfaces_pkg) StdoutLine: {'line': b'-- Up-to-date symlink: /home/amrl_sunny/ros2_autonomous_vehicle_simulation/install/interfaces_pkg/share/interfaces_pkg/cmake/ament_cmake_export_targets-extras.cmake\n'}
[0.684270] (interfaces_pkg) StdoutLine: {'line': b'-- Up-to-date symlink: /home/amrl_sunny/ros2_autonomous_vehicle_simulation/install/interfaces_pkg/share/interfaces_pkg/cmake/rosidl_cmake_export_typesupport_targets-extras.cmake\n'}
[0.684329] (interfaces_pkg) StdoutLine: {'line': b'-- Up-to-date symlink: /home/amrl_sunny/ros2_autonomous_vehicle_simulation/install/interfaces_pkg/share/interfaces_pkg/cmake/rosidl_cmake_export_typesupport_libraries-extras.cmake\n'}
[0.684407] (interfaces_pkg) StdoutLine: {'line': b'-- Up-to-date symlink: /home/amrl_sunny/ros2_autonomous_vehicle_simulation/install/interfaces_pkg/share/interfaces_pkg/cmake/interfaces_pkgConfig.cmake\n'}
[0.684460] (interfaces_pkg) StdoutLine: {'line': b'-- Up-to-date symlink: /home/amrl_sunny/ros2_autonomous_vehicle_simulation/install/interfaces_pkg/share/interfaces_pkg/cmake/interfaces_pkgConfig-version.cmake\n'}
[0.684523] (interfaces_pkg) StdoutLine: {'line': b'-- Up-to-date symlink: /home/amrl_sunny/ros2_autonomous_vehicle_simulation/install/interfaces_pkg/share/interfaces_pkg/package.xml\n'}
[0.684576] (interfaces_pkg) StdoutLine: {'line': b'-- Up-to-date: /home/amrl_sunny/ros2_autonomous_vehicle_simulation/install/interfaces_pkg/lib/libinterfaces_pkg__rosidl_generator_c.so\n'}
[0.684643] (interfaces_pkg) StdoutLine: {'line': b'-- Up-to-date: /home/amrl_sunny/ros2_autonomous_vehicle_simulation/install/interfaces_pkg/lib/libinterfaces_pkg__rosidl_typesupport_fastrtps_c.so\n'}
[0.684711] (interfaces_pkg) StdoutLine: {'line': b'-- Up-to-date: /home/amrl_sunny/ros2_autonomous_vehicle_simulation/install/interfaces_pkg/lib/libinterfaces_pkg__rosidl_typesupport_introspection_c.so\n'}
[0.684778] (interfaces_pkg) StdoutLine: {'line': b'-- Up-to-date: /home/amrl_sunny/ros2_autonomous_vehicle_simulation/install/interfaces_pkg/lib/libinterfaces_pkg__rosidl_typesupport_c.so\n'}
[0.684843] (interfaces_pkg) StdoutLine: {'line': b'-- Up-to-date: /home/amrl_sunny/ros2_autonomous_vehicle_simulation/install/interfaces_pkg/lib/libinterfaces_pkg__rosidl_typesupport_fastrtps_cpp.so\n'}
[0.684936] (interfaces_pkg) StdoutLine: {'line': b'-- Up-to-date: /home/amrl_sunny/ros2_autonomous_vehicle_simulation/install/interfaces_pkg/lib/libinterfaces_pkg__rosidl_typesupport_introspection_cpp.so\n'}
[0.685034] (interfaces_pkg) StdoutLine: {'line': b'-- Up-to-date: /home/amrl_sunny/ros2_autonomous_vehicle_simulation/install/interfaces_pkg/lib/libinterfaces_pkg__rosidl_typesupport_cpp.so\n'}
[0.700225] (-) TimerEvent: {}
[0.710482] (interfaces_pkg) StdoutLine: {'line': b"Listing '/home/amrl_sunny/ros2_autonomous_vehicle_simulation/install/interfaces_pkg/local/lib/python3.10/dist-packages/interfaces_pkg'...\n"}
[0.710749] (interfaces_pkg) StdoutLine: {'line': b"Listing '/home/amrl_sunny/ros2_autonomous_vehicle_simulation/install/interfaces_pkg/local/lib/python3.10/dist-packages/interfaces_pkg/msg'...\n"}
[0.713501] (interfaces_pkg) StdoutLine: {'line': b'-- Up-to-date: /home/amrl_sunny/ros2_autonomous_vehicle_simulation/install/interfaces_pkg/lib/libinterfaces_pkg__rosidl_generator_py.so\n'}
[0.713690] (interfaces_pkg) StdoutLine: {'line': b'-- Up-to-date: /home/amrl_sunny/ros2_autonomous_vehicle_simulation/install/interfaces_pkg/share/interfaces_pkg/cmake/export_interfaces_pkg__rosidl_generator_cExport.cmake\n'}
[0.713737] (interfaces_pkg) StdoutLine: {'line': b'-- Up-to-date: /home/amrl_sunny/ros2_autonomous_vehicle_simulation/install/interfaces_pkg/share/interfaces_pkg/cmake/export_interfaces_pkg__rosidl_generator_cExport-noconfig.cmake\n'}
[0.713813] (interfaces_pkg) StdoutLine: {'line': b'-- Up-to-date: /home/amrl_sunny/ros2_autonomous_vehicle_simulation/install/interfaces_pkg/share/interfaces_pkg/cmake/export_interfaces_pkg__rosidl_typesupport_fastrtps_cExport.cmake\n'}
[0.713847] (interfaces_pkg) StdoutLine: {'line': b'-- Up-to-date: /home/amrl_sunny/ros2_autonomous_vehicle_simulation/install/interfaces_pkg/share/interfaces_pkg/cmake/export_interfaces_pkg__rosidl_typesupport_fastrtps_cExport-noconfig.cmake\n'}
[0.713916] (interfaces_pkg) StdoutLine: {'line': b'-- Up-to-date: /home/amrl_sunny/ros2_autonomous_vehicle_simulation/install/interfaces_pkg/share/interfaces_pkg/cmake/interfaces_pkg__rosidl_typesupport_introspection_cExport.cmake\n'}
[0.713951] (interfaces_pkg) StdoutLine: {'line': b'-- Up-to-date: /home/amrl_sunny/ros2_autonomous_vehicle_simulation/install/interfaces_pkg/share/interfaces_pkg/cmake/interfaces_pkg__rosidl_typesupport_introspection_cExport-noconfig.cmake\n'}
[0.714022] (interfaces_pkg) StdoutLine: {'line': b'-- Up-to-date: /home/amrl_sunny/ros2_autonomous_vehicle_simulation/install/interfaces_pkg/share/interfaces_pkg/cmake/interfaces_pkg__rosidl_typesupport_cExport.cmake\n'}
[0.714053] (interfaces_pkg) StdoutLine: {'line': b'-- Up-to-date: /home/amrl_sunny/ros2_autonomous_vehicle_simulation/install/interfaces_pkg/share/interfaces_pkg/cmake/interfaces_pkg__rosidl_typesupport_cExport-noconfig.cmake\n'}
[0.714117] (interfaces_pkg) StdoutLine: {'line': b'-- Up-to-date: /home/amrl_sunny/ros2_autonomous_vehicle_simulation/install/interfaces_pkg/share/interfaces_pkg/cmake/export_interfaces_pkg__rosidl_generator_cppExport.cmake\n'}
[0.714184] (interfaces_pkg) StdoutLine: {'line': b'-- Up-to-date: /home/amrl_sunny/ros2_autonomous_vehicle_simulation/install/interfaces_pkg/share/interfaces_pkg/cmake/export_interfaces_pkg__rosidl_typesupport_fastrtps_cppExport.cmake\n'}
[0.714216] (interfaces_pkg) StdoutLine: {'line': b'-- Up-to-date: /home/amrl_sunny/ros2_autonomous_vehicle_simulation/install/interfaces_pkg/share/interfaces_pkg/cmake/export_interfaces_pkg__rosidl_typesupport_fastrtps_cppExport-noconfig.cmake\n'}
[0.714277] (interfaces_pkg) StdoutLine: {'line': b'-- Up-to-date: /home/amrl_sunny/ros2_autonomous_vehicle_simulation/install/interfaces_pkg/share/interfaces_pkg/cmake/interfaces_pkg__rosidl_typesupport_introspection_cppExport.cmake\n'}
[0.714311] (interfaces_pkg) StdoutLine: {'line': b'-- Up-to-date: /home/amrl_sunny/ros2_autonomous_vehicle_simulation/install/interfaces_pkg/share/interfaces_pkg/cmake/interfaces_pkg__rosidl_typesupport_introspection_cppExport-noconfig.cmake\n'}
[0.714372] (interfaces_pkg) StdoutLine: {'line': b'-- Up-to-date: /home/amrl_sunny/ros2_autonomous_vehicle_simulation/install/interfaces_pkg/share/interfaces_pkg/cmake/interfaces_pkg__rosidl_typesupport_cppExport.cmake\n'}
[0.714406] (interfaces_pkg) StdoutLine: {'line': b'-- Up-to-date: /home/amrl_sunny/ros2_autonomous_vehicle_simulation/install/interfaces_pkg/share/interfaces_pkg/cmake/interfaces_pkg__rosidl_typesupport_cppExport-noconfig.cmake\n'}
[0.714464] (interfaces_pkg) StdoutLine: {'line': b'-- Up-to-date: /home/amrl_sunny/ros2_autonomous_vehicle_simulation/install/interfaces_pkg/share/interfaces_pkg/cmake/export_interfaces_pkg__rosidl_generator_pyExport.cmake\n'}
[0.714497] (interfaces_pkg) StdoutLine: {'line': b'-- Up-to-date: /home/amrl_sunny/ros2_autonomous_vehicle_simulation/install/interfaces_pkg/share/interfaces_pkg/cmake/export_interfaces_pkg__rosidl_generator_pyExport-noconfig.cmake\n'}
[0.717030] (interfaces_pkg) CommandEnded: {'returncode': 0}
[0.730245] (interfaces_pkg) JobEnded: {'identifier': 'interfaces_pkg', 'rc': 0}
[0.789752] (camera_perception_pkg) Command: {'cmd': ['/usr/bin/python3', '-W', 'ignore:setup.py install is deprecated', '-W', 'ignore:easy_install command is deprecated', 'setup.py', 'develop', '--editable', '--build-directory', '/home/amrl_sunny/ros2_autonomous_vehicle_simulation/build/camera_perception_pkg/build', '--no-deps', 'symlink_data'], 'cwd': '/home/amrl_sunny/ros2_autonomous_vehicle_simulation/build/camera_perception_pkg', 'env': {'LESSOPEN': '| /usr/bin/lesspipe %s', 'LANGUAGE': 'ko:en', 'USER': 'amrl_sunny', 'LC_TIME': 'ko_KR.UTF-8', 'XDG_SESSION_TYPE': 'x11', 'SHLVL': '1', 'LD_LIBRARY_PATH': '/home/amrl_sunny/ros2_autonomous_vehicle_simulation/install/interfaces_pkg/lib:/usr/lib/x86_64-linux-gnu/gazebo-11/plugins:/opt/ros/humble/opt/rviz_ogre_vendor/lib:/opt/ros/humble/lib/x86_64-linux-gnu:/opt/ros/humble/lib', 'HOME': '/home/amrl_sunny', 'DESKTOP_SESSION': 'ubuntu', 'ROS_PYTHON_VERSION': '3', 'GNOME_SHELL_SESSION_MODE': 'ubuntu', 'GTK_MODULES': 'gail:atk-bridge', 'XDG_SEAT_PATH': '/org/freedesktop/DisplayManager/Seat0', 'LC_MONETARY': 'ko_KR.UTF-8', 'SYSTEMD_EXEC_PID': '3690695', 'DBUS_SESSION_BUS_ADDRESS': 'unix:path=/run/user/1000/bus', 'COLORTERM': 'truecolor', 'COLCON_PREFIX_PATH': '/home/amrl_sunny/ros2_autonomous_vehicle_simulation/install', 'ROS_DISTRO': 'humble', 'GTK_IM_MODULE': 'ibus', 'LOGNAME': 'amrl_sunny', '_': '/usr/bin/colcon', 'ROS_VERSION': '2', 'XDG_SESSION_CLASS': 'user', 'TERM': 'xterm-256color', 'GNOME_DESKTOP_SESSION_ID': 'this-is-deprecated', 'ROS_LOCALHOST_ONLY': '0', 'PATH': '/opt/ros/humble/bin:/home/amrl_sunny/.local/bin:/usr/local/sbin:/usr/local/bin:/usr/sbin:/usr/bin:/sbin:/bin:/usr/games:/usr/local/games:/snap/bin', 'SESSION_MANAGER': 'local/amrl-desktop:@/tmp/.ICE-unix/1667,unix/amrl-desktop:/tmp/.ICE-unix/1667', 'GDM_LANG': 'ko', 'PAPERSIZE': 'a4', 'XDG_SESSION_PATH': '/org/freedesktop/DisplayManager/Session0', 'XDG_MENU_PREFIX': 'gnome-', 'LC_ADDRESS': 'ko_KR.UTF-8', 'GNOME_TERMINAL_SCREEN': '/org/gnome/Terminal/screen/f81de74c_89ea_476c_8a9a_88ae1354cfee', 'XDG_RUNTIME_DIR': '/run/user/1000', 'DISPLAY': ':0', 'LANG': 'ko_KR.UTF-8', 'XDG_CURRENT_DESKTOP': 'ubuntu:GNOME', 'LC_TELEPHONE': 'ko_KR.UTF-8', 'XMODIFIERS': '@im=ibus', 'XDG_SESSION_DESKTOP': 'ubuntu', 'XAUTHORITY': '/home/amrl_sunny/.Xauthority', 'LS_COLORS': 'rs=0:di=01;34:ln=01;36:mh=00:pi=40;33:so=01;35:do=01;35:bd=40;33;01:cd=40;33;01:or=40;31;01:mi=00:su=37;41:sg=30;43:ca=30;41:tw=30;42:ow=34;42:st=37;44:ex=01;32:*.tar=01;31:*.tgz=01;31:*.arc=01;31:*.arj=01;31:*.taz=01;31:*.lha=01;31:*.lz4=01;31:*.lzh=01;31:*.lzma=01;31:*.tlz=01;31:*.txz=01;31:*.tzo=01;31:*.t7z=01;31:*.zip=01;31:*.z=01;31:*.dz=01;31:*.gz=01;31:*.lrz=01;31:*.lz=01;31:*.lzo=01;31:*.xz=01;31:*.zst=01;31:*.tzst=01;31:*.bz2=01;31:*.bz=01;31:*.tbz=01;31:*.tbz2=01;31:*.tz=01;31:*.deb=01;31:*.rpm=01;31:*.jar=01;31:*.war=01;31:*.ear=01;31:*.sar=01;31:*.rar=01;31:*.alz=01;31:*.ace=01;31:*.zoo=01;31:*.cpio=01;31:*.7z=01;31:*.rz=01;31:*.cab=01;31:*.wim=01;31:*.swm=01;31:*.dwm=01;31:*.esd=01;31:*.jpg=01;35:*.jpeg=01;35:*.mjpg=01;35:*.mjpeg=01;35:*.gif=01;35:*.bmp=01;35:*.pbm=01;35:*.pgm=01;35:*.ppm=01;35:*.tga=01;35:*.xbm=01;35:*.xpm=01;35:*.tif=01;35:*.tiff=01;35:*.png=01;35:*.svg=01;35:*.svgz=01;35:*.mng=01;35:*.pcx=01;35:*.mov=01;35:*.mpg=01;35:*.mpeg=01;35:*.m2v=01;35:*.mkv=01;35:*.webm=01;35:*.webp=01;35:*.ogm=01;35:*.mp4=01;35:*.m4v=01;35:*.mp4v=01;35:*.vob=01;35:*.qt=01;35:*.nuv=01;35:*.wmv=01;35:*.asf=01;35:*.rm=01;35:*.rmvb=01;35:*.flc=01;35:*.avi=01;35:*.fli=01;35:*.flv=01;35:*.gl=01;35:*.dl=01;35:*.xcf=01;35:*.xwd=01;35:*.yuv=01;35:*.cgm=01;35:*.emf=01;35:*.ogv=01;35:*.ogx=01;35:*.aac=00;36:*.au=00;36:*.flac=00;36:*.m4a=00;36:*.mid=00;36:*.midi=00;36:*.mka=00;36:*.mp3=00;36:*.mpc=00;36:*.ogg=00;36:*.ra=00;36:*.wav=00;36:*.oga=00;36:*.opus=00;36:*.spx=00;36:*.xspf=00;36:', 'GNOME_TERMINAL_SERVICE': ':1.30987', 'SSH_AGENT_LAUNCHER': 'gnome-keyring', 'SSH_AUTH_SOCK': '/run/user/1000/keyring/ssh', 'ROS_DOMAIN_ID': '0', 'XDG_GREETER_DATA_DIR': '/var/lib/lightdm-data/amrl_sunny', 'AMENT_PREFIX_PATH': '/home/amrl_sunny/ros2_autonomous_vehicle_simulation/install/simulation_pkg:/home/amrl_sunny/ros2_autonomous_vehicle_simulation/install/lidar_perception_pkg:/home/amrl_sunny/ros2_autonomous_vehicle_simulation/install/interfaces_pkg:/home/amrl_sunny/ros2_autonomous_vehicle_simulation/install/decision_making_pkg:/home/amrl_sunny/ros2_autonomous_vehicle_simulation/install/debug_pkg:/home/amrl_sunny/ros2_autonomous_vehicle_simulation/install/camera_perception_pkg:/opt/ros/humble', 'SHELL': '/bin/bash', 'LC_NAME': 'ko_KR.UTF-8', 'QT_ACCESSIBILITY': '1', 'GDMSESSION': 'ubuntu', 'LESSCLOSE': '/usr/bin/lesspipe %s %s', 'LC_MEASUREMENT': 'ko_KR.UTF-8', 'GPG_AGENT_INFO': '/run/user/1000/gnupg/S.gpg-agent:0:1', 'LC_IDENTIFICATION': 'ko_KR.UTF-8', 'QT_IM_MODULE': 'ibus', 'PWD': '/home/amrl_sunny/ros2_autonomous_vehicle_simulation/build/camera_perception_pkg', 'XDG_CONFIG_DIRS': '/etc/xdg/xdg-ubuntu:/etc/xdg', 'XDG_DATA_DIRS': '/usr/share/ubuntu:/usr/share/gnome:/usr/local/share:/usr/share:/var/lib/snapd/desktop', 'PYTHONPATH': '/home/amrl_sunny/ros2_autonomous_vehicle_simulation/build/camera_perception_pkg/prefix_override:/usr/lib/python3/dist-packages/colcon_core/task/python/colcon_distutils_commands:/home/amrl_sunny/ros2_autonomous_vehicle_simulation/install/camera_perception_pkg/lib/python3.10/site-packages:/home/amrl_sunny/ros2_autonomous_vehicle_simulation/build/camera_perception_pkg:/home/amrl_sunny/ros2_autonomous_vehicle_simulation/build/simulation_pkg:/home/amrl_sunny/ros2_autonomous_vehicle_simulation/install/simulation_pkg/lib/python3.10/site-packages:/home/amrl_sunny/ros2_autonomous_vehicle_simulation/build/lidar_perception_pkg:/home/amrl_sunny/ros2_autonomous_vehicle_simulation/install/lidar_perception_pkg/lib/python3.10/site-packages:/home/amrl_sunny/ros2_autonomous_vehicle_simulation/install/interfaces_pkg/local/lib/python3.10/dist-packages:/home/amrl_sunny/ros2_autonomous_vehicle_simulation/build/decision_making_pkg:/home/amrl_sunny/ros2_autonomous_vehicle_simulation/install/decision_making_pkg/lib/python3.10/site-packages:/home/amrl_sunny/ros2_autonomous_vehicle_simulation/build/debug_pkg:/home/amrl_sunny/ros2_autonomous_vehicle_simulation/install/debug_pkg/lib/python3.10/site-packages:/home/amrl_sunny/ros2_autonomous_vehicle_simulation/install/camera_perception_pkg/lib/python3.10/site-packages:/opt/ros/humble/lib/python3.10/site-packages:/opt/ros/humble/local/lib/python3.10/dist-packages', 'LC_NUMERIC': 'ko_KR.UTF-8', 'LC_PAPER': 'ko_KR.UTF-8', 'COLCON': '1', 'VTE_VERSION': '6800', 'CMAKE_PREFIX_PATH': '/home/amrl_sunny/ros2_autonomous_vehicle_simulation/install/interfaces_pkg'}, 'shell': False}
[0.790739] (debug_pkg) Command: {'cmd': ['/usr/bin/python3', '-W', 'ignore:setup.py install is deprecated', '-W', 'ignore:easy_install command is deprecated', 'setup.py', 'develop', '--editable', '--build-directory', '/home/amrl_sunny/ros2_autonomous_vehicle_simulation/build/debug_pkg/build', '--no-deps', 'symlink_data'], 'cwd': '/home/amrl_sunny/ros2_autonomous_vehicle_simulation/build/debug_pkg', 'env': {'LESSOPEN': '| /usr/bin/lesspipe %s', 'LANGUAGE': 'ko:en', 'USER': 'amrl_sunny', 'LC_TIME': 'ko_KR.UTF-8', 'XDG_SESSION_TYPE': 'x11', 'SHLVL': '1', 'LD_LIBRARY_PATH': '/home/amrl_sunny/ros2_autonomous_vehicle_simulation/install/interfaces_pkg/lib:/usr/lib/x86_64-linux-gnu/gazebo-11/plugins:/opt/ros/humble/opt/rviz_ogre_vendor/lib:/opt/ros/humble/lib/x86_64-linux-gnu:/opt/ros/humble/lib', 'HOME': '/home/amrl_sunny', 'DESKTOP_SESSION': 'ubuntu', 'ROS_PYTHON_VERSION': '3', 'GNOME_SHELL_SESSION_MODE': 'ubuntu', 'GTK_MODULES': 'gail:atk-bridge', 'XDG_SEAT_PATH': '/org/freedesktop/DisplayManager/Seat0', 'LC_MONETARY': 'ko_KR.UTF-8', 'SYSTEMD_EXEC_PID': '3690695', 'DBUS_SESSION_BUS_ADDRESS': 'unix:path=/run/user/1000/bus', 'COLORTERM': 'truecolor', 'COLCON_PREFIX_PATH': '/home/amrl_sunny/ros2_autonomous_vehicle_simulation/install', 'ROS_DISTRO': 'humble', 'GTK_IM_MODULE': 'ibus', 'LOGNAME': 'amrl_sunny', '_': '/usr/bin/colcon', 'ROS_VERSION': '2', 'XDG_SESSION_CLASS': 'user', 'TERM': 'xterm-256color', 'GNOME_DESKTOP_SESSION_ID': 'this-is-deprecated', 'ROS_LOCALHOST_ONLY': '0', 'PATH': '/opt/ros/humble/bin:/home/amrl_sunny/.local/bin:/usr/local/sbin:/usr/local/bin:/usr/sbin:/usr/bin:/sbin:/bin:/usr/games:/usr/local/games:/snap/bin', 'SESSION_MANAGER': 'local/amrl-desktop:@/tmp/.ICE-unix/1667,unix/amrl-desktop:/tmp/.ICE-unix/1667', 'GDM_LANG': 'ko', 'PAPERSIZE': 'a4', 'XDG_SESSION_PATH': '/org/freedesktop/DisplayManager/Session0', 'XDG_MENU_PREFIX': 'gnome-', 'LC_ADDRESS': 'ko_KR.UTF-8', 'GNOME_TERMINAL_SCREEN': '/org/gnome/Terminal/screen/f81de74c_89ea_476c_8a9a_88ae1354cfee', 'XDG_RUNTIME_DIR': '/run/user/1000', 'DISPLAY': ':0', 'LANG': 'ko_KR.UTF-8', 'XDG_CURRENT_DESKTOP': 'ubuntu:GNOME', 'LC_TELEPHONE': 'ko_KR.UTF-8', 'XMODIFIERS': '@im=ibus', 'XDG_SESSION_DESKTOP': 'ubuntu', 'XAUTHORITY': '/home/amrl_sunny/.Xauthority', 'LS_COLORS': 'rs=0:di=01;34:ln=01;36:mh=00:pi=40;33:so=01;35:do=01;35:bd=40;33;01:cd=40;33;01:or=40;31;01:mi=00:su=37;41:sg=30;43:ca=30;41:tw=30;42:ow=34;42:st=37;44:ex=01;32:*.tar=01;31:*.tgz=01;31:*.arc=01;31:*.arj=01;31:*.taz=01;31:*.lha=01;31:*.lz4=01;31:*.lzh=01;31:*.lzma=01;31:*.tlz=01;31:*.txz=01;31:*.tzo=01;31:*.t7z=01;31:*.zip=01;31:*.z=01;31:*.dz=01;31:*.gz=01;31:*.lrz=01;31:*.lz=01;31:*.lzo=01;31:*.xz=01;31:*.zst=01;31:*.tzst=01;31:*.bz2=01;31:*.bz=01;31:*.tbz=01;31:*.tbz2=01;31:*.tz=01;31:*.deb=01;31:*.rpm=01;31:*.jar=01;31:*.war=01;31:*.ear=01;31:*.sar=01;31:*.rar=01;31:*.alz=01;31:*.ace=01;31:*.zoo=01;31:*.cpio=01;31:*.7z=01;31:*.rz=01;31:*.cab=01;31:*.wim=01;31:*.swm=01;31:*.dwm=01;31:*.esd=01;31:*.jpg=01;35:*.jpeg=01;35:*.mjpg=01;35:*.mjpeg=01;35:*.gif=01;35:*.bmp=01;35:*.pbm=01;35:*.pgm=01;35:*.ppm=01;35:*.tga=01;35:*.xbm=01;35:*.xpm=01;35:*.tif=01;35:*.tiff=01;35:*.png=01;35:*.svg=01;35:*.svgz=01;35:*.mng=01;35:*.pcx=01;35:*.mov=01;35:*.mpg=01;35:*.mpeg=01;35:*.m2v=01;35:*.mkv=01;35:*.webm=01;35:*.webp=01;35:*.ogm=01;35:*.mp4=01;35:*.m4v=01;35:*.mp4v=01;35:*.vob=01;35:*.qt=01;35:*.nuv=01;35:*.wmv=01;35:*.asf=01;35:*.rm=01;35:*.rmvb=01;35:*.flc=01;35:*.avi=01;35:*.fli=01;35:*.flv=01;35:*.gl=01;35:*.dl=01;35:*.xcf=01;35:*.xwd=01;35:*.yuv=01;35:*.cgm=01;35:*.emf=01;35:*.ogv=01;35:*.ogx=01;35:*.aac=00;36:*.au=00;36:*.flac=00;36:*.m4a=00;36:*.mid=00;36:*.midi=00;36:*.mka=00;36:*.mp3=00;36:*.mpc=00;36:*.ogg=00;36:*.ra=00;36:*.wav=00;36:*.oga=00;36:*.opus=00;36:*.spx=00;36:*.xspf=00;36:', 'GNOME_TERMINAL_SERVICE': ':1.30987', 'SSH_AGENT_LAUNCHER': 'gnome-keyring', 'SSH_AUTH_SOCK': '/run/user/1000/keyring/ssh', 'ROS_DOMAIN_ID': '0', 'XDG_GREETER_DATA_DIR': '/var/lib/lightdm-data/amrl_sunny', 'AMENT_PREFIX_PATH': '/home/amrl_sunny/ros2_autonomous_vehicle_simulation/install/simulation_pkg:/home/amrl_sunny/ros2_autonomous_vehicle_simulation/install/lidar_perception_pkg:/home/amrl_sunny/ros2_autonomous_vehicle_simulation/install/interfaces_pkg:/home/amrl_sunny/ros2_autonomous_vehicle_simulation/install/decision_making_pkg:/home/amrl_sunny/ros2_autonomous_vehicle_simulation/install/debug_pkg:/home/amrl_sunny/ros2_autonomous_vehicle_simulation/install/camera_perception_pkg:/opt/ros/humble', 'SHELL': '/bin/bash', 'LC_NAME': 'ko_KR.UTF-8', 'QT_ACCESSIBILITY': '1', 'GDMSESSION': 'ubuntu', 'LESSCLOSE': '/usr/bin/lesspipe %s %s', 'LC_MEASUREMENT': 'ko_KR.UTF-8', 'GPG_AGENT_INFO': '/run/user/1000/gnupg/S.gpg-agent:0:1', 'LC_IDENTIFICATION': 'ko_KR.UTF-8', 'QT_IM_MODULE': 'ibus', 'PWD': '/home/amrl_sunny/ros2_autonomous_vehicle_simulation/build/debug_pkg', 'XDG_CONFIG_DIRS': '/etc/xdg/xdg-ubuntu:/etc/xdg', 'XDG_DATA_DIRS': '/usr/share/ubuntu:/usr/share/gnome:/usr/local/share:/usr/share:/var/lib/snapd/desktop', 'PYTHONPATH': '/home/amrl_sunny/ros2_autonomous_vehicle_simulation/build/debug_pkg/prefix_override:/usr/lib/python3/dist-packages/colcon_core/task/python/colcon_distutils_commands:/home/amrl_sunny/ros2_autonomous_vehicle_simulation/install/debug_pkg/lib/python3.10/site-packages:/home/amrl_sunny/ros2_autonomous_vehicle_simulation/build/camera_perception_pkg:/home/amrl_sunny/ros2_autonomous_vehicle_simulation/build/simulation_pkg:/home/amrl_sunny/ros2_autonomous_vehicle_simulation/install/simulation_pkg/lib/python3.10/site-packages:/home/amrl_sunny/ros2_autonomous_vehicle_simulation/build/lidar_perception_pkg:/home/amrl_sunny/ros2_autonomous_vehicle_simulation/install/lidar_perception_pkg/lib/python3.10/site-packages:/home/amrl_sunny/ros2_autonomous_vehicle_simulation/install/interfaces_pkg/local/lib/python3.10/dist-packages:/home/amrl_sunny/ros2_autonomous_vehicle_simulation/build/decision_making_pkg:/home/amrl_sunny/ros2_autonomous_vehicle_simulation/install/decision_making_pkg/lib/python3.10/site-packages:/home/amrl_sunny/ros2_autonomous_vehicle_simulation/build/debug_pkg:/home/amrl_sunny/ros2_autonomous_vehicle_simulation/install/debug_pkg/lib/python3.10/site-packages:/home/amrl_sunny/ros2_autonomous_vehicle_simulation/install/camera_perception_pkg/lib/python3.10/site-packages:/opt/ros/humble/lib/python3.10/site-packages:/opt/ros/humble/local/lib/python3.10/dist-packages', 'LC_NUMERIC': 'ko_KR.UTF-8', 'LC_PAPER': 'ko_KR.UTF-8', 'COLCON': '1', 'VTE_VERSION': '6800', 'CMAKE_PREFIX_PATH': '/home/amrl_sunny/ros2_autonomous_vehicle_simulation/install/interfaces_pkg'}, 'shell': False}
[0.792158] (decision_making_pkg) Command: {'cmd': ['/usr/bin/python3', '-W', 'ignore:setup.py install is deprecated', '-W', 'ignore:easy_install command is deprecated', 'setup.py', 'develop', '--editable', '--build-directory', '/home/amrl_sunny/ros2_autonomous_vehicle_simulation/build/decision_making_pkg/build', '--no-deps', 'symlink_data'], 'cwd': '/home/amrl_sunny/ros2_autonomous_vehicle_simulation/build/decision_making_pkg', 'env': {'LESSOPEN': '| /usr/bin/lesspipe %s', 'LANGUAGE': 'ko:en', 'USER': 'amrl_sunny', 'LC_TIME': 'ko_KR.UTF-8', 'XDG_SESSION_TYPE': 'x11', 'SHLVL': '1', 'LD_LIBRARY_PATH': '/home/amrl_sunny/ros2_autonomous_vehicle_simulation/install/interfaces_pkg/lib:/usr/lib/x86_64-linux-gnu/gazebo-11/plugins:/opt/ros/humble/opt/rviz_ogre_vendor/lib:/opt/ros/humble/lib/x86_64-linux-gnu:/opt/ros/humble/lib', 'HOME': '/home/amrl_sunny', 'DESKTOP_SESSION': 'ubuntu', 'ROS_PYTHON_VERSION': '3', 'GNOME_SHELL_SESSION_MODE': 'ubuntu', 'GTK_MODULES': 'gail:atk-bridge', 'XDG_SEAT_PATH': '/org/freedesktop/DisplayManager/Seat0', 'LC_MONETARY': 'ko_KR.UTF-8', 'SYSTEMD_EXEC_PID': '3690695', 'DBUS_SESSION_BUS_ADDRESS': 'unix:path=/run/user/1000/bus', 'COLORTERM': 'truecolor', 'COLCON_PREFIX_PATH': '/home/amrl_sunny/ros2_autonomous_vehicle_simulation/install', 'ROS_DISTRO': 'humble', 'GTK_IM_MODULE': 'ibus', 'LOGNAME': 'amrl_sunny', '_': '/usr/bin/colcon', 'ROS_VERSION': '2', 'XDG_SESSION_CLASS': 'user', 'TERM': 'xterm-256color', 'GNOME_DESKTOP_SESSION_ID': 'this-is-deprecated', 'ROS_LOCALHOST_ONLY': '0', 'PATH': '/opt/ros/humble/bin:/home/amrl_sunny/.local/bin:/usr/local/sbin:/usr/local/bin:/usr/sbin:/usr/bin:/sbin:/bin:/usr/games:/usr/local/games:/snap/bin', 'SESSION_MANAGER': 'local/amrl-desktop:@/tmp/.ICE-unix/1667,unix/amrl-desktop:/tmp/.ICE-unix/1667', 'GDM_LANG': 'ko', 'PAPERSIZE': 'a4', 'XDG_SESSION_PATH': '/org/freedesktop/DisplayManager/Session0', 'XDG_MENU_PREFIX': 'gnome-', 'LC_ADDRESS': 'ko_KR.UTF-8', 'GNOME_TERMINAL_SCREEN': '/org/gnome/Terminal/screen/f81de74c_89ea_476c_8a9a_88ae1354cfee', 'XDG_RUNTIME_DIR': '/run/user/1000', 'DISPLAY': ':0', 'LANG': 'ko_KR.UTF-8', 'XDG_CURRENT_DESKTOP': 'ubuntu:GNOME', 'LC_TELEPHONE': 'ko_KR.UTF-8', 'XMODIFIERS': '@im=ibus', 'XDG_SESSION_DESKTOP': 'ubuntu', 'XAUTHORITY': '/home/amrl_sunny/.Xauthority', 'LS_COLORS': 'rs=0:di=01;34:ln=01;36:mh=00:pi=40;33:so=01;35:do=01;35:bd=40;33;01:cd=40;33;01:or=40;31;01:mi=00:su=37;41:sg=30;43:ca=30;41:tw=30;42:ow=34;42:st=37;44:ex=01;32:*.tar=01;31:*.tgz=01;31:*.arc=01;31:*.arj=01;31:*.taz=01;31:*.lha=01;31:*.lz4=01;31:*.lzh=01;31:*.lzma=01;31:*.tlz=01;31:*.txz=01;31:*.tzo=01;31:*.t7z=01;31:*.zip=01;31:*.z=01;31:*.dz=01;31:*.gz=01;31:*.lrz=01;31:*.lz=01;31:*.lzo=01;31:*.xz=01;31:*.zst=01;31:*.tzst=01;31:*.bz2=01;31:*.bz=01;31:*.tbz=01;31:*.tbz2=01;31:*.tz=01;31:*.deb=01;31:*.rpm=01;31:*.jar=01;31:*.war=01;31:*.ear=01;31:*.sar=01;31:*.rar=01;31:*.alz=01;31:*.ace=01;31:*.zoo=01;31:*.cpio=01;31:*.7z=01;31:*.rz=01;31:*.cab=01;31:*.wim=01;31:*.swm=01;31:*.dwm=01;31:*.esd=01;31:*.jpg=01;35:*.jpeg=01;35:*.mjpg=01;35:*.mjpeg=01;35:*.gif=01;35:*.bmp=01;35:*.pbm=01;35:*.pgm=01;35:*.ppm=01;35:*.tga=01;35:*.xbm=01;35:*.xpm=01;35:*.tif=01;35:*.tiff=01;35:*.png=01;35:*.svg=01;35:*.svgz=01;35:*.mng=01;35:*.pcx=01;35:*.mov=01;35:*.mpg=01;35:*.mpeg=01;35:*.m2v=01;35:*.mkv=01;35:*.webm=01;35:*.webp=01;35:*.ogm=01;35:*.mp4=01;35:*.m4v=01;35:*.mp4v=01;35:*.vob=01;35:*.qt=01;35:*.nuv=01;35:*.wmv=01;35:*.asf=01;35:*.rm=01;35:*.rmvb=01;35:*.flc=01;35:*.avi=01;35:*.fli=01;35:*.flv=01;35:*.gl=01;35:*.dl=01;35:*.xcf=01;35:*.xwd=01;35:*.yuv=01;35:*.cgm=01;35:*.emf=01;35:*.ogv=01;35:*.ogx=01;35:*.aac=00;36:*.au=00;36:*.flac=00;36:*.m4a=00;36:*.mid=00;36:*.midi=00;36:*.mka=00;36:*.mp3=00;36:*.mpc=00;36:*.ogg=00;36:*.ra=00;36:*.wav=00;36:*.oga=00;36:*.opus=00;36:*.spx=00;36:*.xspf=00;36:', 'GNOME_TERMINAL_SERVICE': ':1.30987', 'SSH_AGENT_LAUNCHER': 'gnome-keyring', 'SSH_AUTH_SOCK': '/run/user/1000/keyring/ssh', 'ROS_DOMAIN_ID': '0', 'XDG_GREETER_DATA_DIR': '/var/lib/lightdm-data/amrl_sunny', 'AMENT_PREFIX_PATH': '/home/amrl_sunny/ros2_autonomous_vehicle_simulation/install/simulation_pkg:/home/amrl_sunny/ros2_autonomous_vehicle_simulation/install/lidar_perception_pkg:/home/amrl_sunny/ros2_autonomous_vehicle_simulation/install/interfaces_pkg:/home/amrl_sunny/ros2_autonomous_vehicle_simulation/install/decision_making_pkg:/home/amrl_sunny/ros2_autonomous_vehicle_simulation/install/debug_pkg:/home/amrl_sunny/ros2_autonomous_vehicle_simulation/install/camera_perception_pkg:/opt/ros/humble', 'SHELL': '/bin/bash', 'LC_NAME': 'ko_KR.UTF-8', 'QT_ACCESSIBILITY': '1', 'GDMSESSION': 'ubuntu', 'LESSCLOSE': '/usr/bin/lesspipe %s %s', 'LC_MEASUREMENT': 'ko_KR.UTF-8', 'GPG_AGENT_INFO': '/run/user/1000/gnupg/S.gpg-agent:0:1', 'LC_IDENTIFICATION': 'ko_KR.UTF-8', 'QT_IM_MODULE': 'ibus', 'PWD': '/home/amrl_sunny/ros2_autonomous_vehicle_simulation/build/decision_making_pkg', 'XDG_CONFIG_DIRS': '/etc/xdg/xdg-ubuntu:/etc/xdg', 'XDG_DATA_DIRS': '/usr/share/ubuntu:/usr/share/gnome:/usr/local/share:/usr/share:/var/lib/snapd/desktop', 'PYTHONPATH': '/home/amrl_sunny/ros2_autonomous_vehicle_simulation/build/decision_making_pkg/prefix_override:/usr/lib/python3/dist-packages/colcon_core/task/python/colcon_distutils_commands:/home/amrl_sunny/ros2_autonomous_vehicle_simulation/install/decision_making_pkg/lib/python3.10/site-packages:/home/amrl_sunny/ros2_autonomous_vehicle_simulation/build/camera_perception_pkg:/home/amrl_sunny/ros2_autonomous_vehicle_simulation/build/simulation_pkg:/home/amrl_sunny/ros2_autonomous_vehicle_simulation/install/simulation_pkg/lib/python3.10/site-packages:/home/amrl_sunny/ros2_autonomous_vehicle_simulation/build/lidar_perception_pkg:/home/amrl_sunny/ros2_autonomous_vehicle_simulation/install/lidar_perception_pkg/lib/python3.10/site-packages:/home/amrl_sunny/ros2_autonomous_vehicle_simulation/install/interfaces_pkg/local/lib/python3.10/dist-packages:/home/amrl_sunny/ros2_autonomous_vehicle_simulation/build/decision_making_pkg:/home/amrl_sunny/ros2_autonomous_vehicle_simulation/install/decision_making_pkg/lib/python3.10/site-packages:/home/amrl_sunny/ros2_autonomous_vehicle_simulation/build/debug_pkg:/home/amrl_sunny/ros2_autonomous_vehicle_simulation/install/debug_pkg/lib/python3.10/site-packages:/home/amrl_sunny/ros2_autonomous_vehicle_simulation/install/camera_perception_pkg/lib/python3.10/site-packages:/opt/ros/humble/lib/python3.10/site-packages:/opt/ros/humble/local/lib/python3.10/dist-packages', 'LC_NUMERIC': 'ko_KR.UTF-8', 'LC_PAPER': 'ko_KR.UTF-8', 'COLCON': '1', 'VTE_VERSION': '6800', 'CMAKE_PREFIX_PATH': '/home/amrl_sunny/ros2_autonomous_vehicle_simulation/install/interfaces_pkg'}, 'shell': False}
[0.794761] (lidar_perception_pkg) Command: {'cmd': ['/usr/bin/python3', '-W', 'ignore:setup.py install is deprecated', '-W', 'ignore:easy_install command is deprecated', 'setup.py', 'develop', '--editable', '--build-directory', '/home/amrl_sunny/ros2_autonomous_vehicle_simulation/build/lidar_perception_pkg/build', '--no-deps', 'symlink_data'], 'cwd': '/home/amrl_sunny/ros2_autonomous_vehicle_simulation/build/lidar_perception_pkg', 'env': {'LESSOPEN': '| /usr/bin/lesspipe %s', 'LANGUAGE': 'ko:en', 'USER': 'amrl_sunny', 'LC_TIME': 'ko_KR.UTF-8', 'XDG_SESSION_TYPE': 'x11', 'SHLVL': '1', 'LD_LIBRARY_PATH': '/home/amrl_sunny/ros2_autonomous_vehicle_simulation/install/interfaces_pkg/lib:/usr/lib/x86_64-linux-gnu/gazebo-11/plugins:/opt/ros/humble/opt/rviz_ogre_vendor/lib:/opt/ros/humble/lib/x86_64-linux-gnu:/opt/ros/humble/lib', 'HOME': '/home/amrl_sunny', 'DESKTOP_SESSION': 'ubuntu', 'ROS_PYTHON_VERSION': '3', 'GNOME_SHELL_SESSION_MODE': 'ubuntu', 'GTK_MODULES': 'gail:atk-bridge', 'XDG_SEAT_PATH': '/org/freedesktop/DisplayManager/Seat0', 'LC_MONETARY': 'ko_KR.UTF-8', 'SYSTEMD_EXEC_PID': '3690695', 'DBUS_SESSION_BUS_ADDRESS': 'unix:path=/run/user/1000/bus', 'COLORTERM': 'truecolor', 'COLCON_PREFIX_PATH': '/home/amrl_sunny/ros2_autonomous_vehicle_simulation/install', 'ROS_DISTRO': 'humble', 'GTK_IM_MODULE': 'ibus', 'LOGNAME': 'amrl_sunny', '_': '/usr/bin/colcon', 'ROS_VERSION': '2', 'XDG_SESSION_CLASS': 'user', 'TERM': 'xterm-256color', 'GNOME_DESKTOP_SESSION_ID': 'this-is-deprecated', 'ROS_LOCALHOST_ONLY': '0', 'PATH': '/opt/ros/humble/bin:/home/amrl_sunny/.local/bin:/usr/local/sbin:/usr/local/bin:/usr/sbin:/usr/bin:/sbin:/bin:/usr/games:/usr/local/games:/snap/bin', 'SESSION_MANAGER': 'local/amrl-desktop:@/tmp/.ICE-unix/1667,unix/amrl-desktop:/tmp/.ICE-unix/1667', 'GDM_LANG': 'ko', 'PAPERSIZE': 'a4', 'XDG_SESSION_PATH': '/org/freedesktop/DisplayManager/Session0', 'XDG_MENU_PREFIX': 'gnome-', 'LC_ADDRESS': 'ko_KR.UTF-8', 'GNOME_TERMINAL_SCREEN': '/org/gnome/Terminal/screen/f81de74c_89ea_476c_8a9a_88ae1354cfee', 'XDG_RUNTIME_DIR': '/run/user/1000', 'DISPLAY': ':0', 'LANG': 'ko_KR.UTF-8', 'XDG_CURRENT_DESKTOP': 'ubuntu:GNOME', 'LC_TELEPHONE': 'ko_KR.UTF-8', 'XMODIFIERS': '@im=ibus', 'XDG_SESSION_DESKTOP': 'ubuntu', 'XAUTHORITY': '/home/amrl_sunny/.Xauthority', 'LS_COLORS': 'rs=0:di=01;34:ln=01;36:mh=00:pi=40;33:so=01;35:do=01;35:bd=40;33;01:cd=40;33;01:or=40;31;01:mi=00:su=37;41:sg=30;43:ca=30;41:tw=30;42:ow=34;42:st=37;44:ex=01;32:*.tar=01;31:*.tgz=01;31:*.arc=01;31:*.arj=01;31:*.taz=01;31:*.lha=01;31:*.lz4=01;31:*.lzh=01;31:*.lzma=01;31:*.tlz=01;31:*.txz=01;31:*.tzo=01;31:*.t7z=01;31:*.zip=01;31:*.z=01;31:*.dz=01;31:*.gz=01;31:*.lrz=01;31:*.lz=01;31:*.lzo=01;31:*.xz=01;31:*.zst=01;31:*.tzst=01;31:*.bz2=01;31:*.bz=01;31:*.tbz=01;31:*.tbz2=01;31:*.tz=01;31:*.deb=01;31:*.rpm=01;31:*.jar=01;31:*.war=01;31:*.ear=01;31:*.sar=01;31:*.rar=01;31:*.alz=01;31:*.ace=01;31:*.zoo=01;31:*.cpio=01;31:*.7z=01;31:*.rz=01;31:*.cab=01;31:*.wim=01;31:*.swm=01;31:*.dwm=01;31:*.esd=01;31:*.jpg=01;35:*.jpeg=01;35:*.mjpg=01;35:*.mjpeg=01;35:*.gif=01;35:*.bmp=01;35:*.pbm=01;35:*.pgm=01;35:*.ppm=01;35:*.tga=01;35:*.xbm=01;35:*.xpm=01;35:*.tif=01;35:*.tiff=01;35:*.png=01;35:*.svg=01;35:*.svgz=01;35:*.mng=01;35:*.pcx=01;35:*.mov=01;35:*.mpg=01;35:*.mpeg=01;35:*.m2v=01;35:*.mkv=01;35:*.webm=01;35:*.webp=01;35:*.ogm=01;35:*.mp4=01;35:*.m4v=01;35:*.mp4v=01;35:*.vob=01;35:*.qt=01;35:*.nuv=01;35:*.wmv=01;35:*.asf=01;35:*.rm=01;35:*.rmvb=01;35:*.flc=01;35:*.avi=01;35:*.fli=01;35:*.flv=01;35:*.gl=01;35:*.dl=01;35:*.xcf=01;35:*.xwd=01;35:*.yuv=01;35:*.cgm=01;35:*.emf=01;35:*.ogv=01;35:*.ogx=01;35:*.aac=00;36:*.au=00;36:*.flac=00;36:*.m4a=00;36:*.mid=00;36:*.midi=00;36:*.mka=00;36:*.mp3=00;36:*.mpc=00;36:*.ogg=00;36:*.ra=00;36:*.wav=00;36:*.oga=00;36:*.opus=00;36:*.spx=00;36:*.xspf=00;36:', 'GNOME_TERMINAL_SERVICE': ':1.30987', 'SSH_AGENT_LAUNCHER': 'gnome-keyring', 'SSH_AUTH_SOCK': '/run/user/1000/keyring/ssh', 'ROS_DOMAIN_ID': '0', 'XDG_GREETER_DATA_DIR': '/var/lib/lightdm-data/amrl_sunny', 'AMENT_PREFIX_PATH': '/home/amrl_sunny/ros2_autonomous_vehicle_simulation/install/simulation_pkg:/home/amrl_sunny/ros2_autonomous_vehicle_simulation/install/lidar_perception_pkg:/home/amrl_sunny/ros2_autonomous_vehicle_simulation/install/interfaces_pkg:/home/amrl_sunny/ros2_autonomous_vehicle_simulation/install/decision_making_pkg:/home/amrl_sunny/ros2_autonomous_vehicle_simulation/install/debug_pkg:/home/amrl_sunny/ros2_autonomous_vehicle_simulation/install/camera_perception_pkg:/opt/ros/humble', 'SHELL': '/bin/bash', 'LC_NAME': 'ko_KR.UTF-8', 'QT_ACCESSIBILITY': '1', 'GDMSESSION': 'ubuntu', 'LESSCLOSE': '/usr/bin/lesspipe %s %s', 'LC_MEASUREMENT': 'ko_KR.UTF-8', 'GPG_AGENT_INFO': '/run/user/1000/gnupg/S.gpg-agent:0:1', 'LC_IDENTIFICATION': 'ko_KR.UTF-8', 'QT_IM_MODULE': 'ibus', 'PWD': '/home/amrl_sunny/ros2_autonomous_vehicle_simulation/build/lidar_perception_pkg', 'XDG_CONFIG_DIRS': '/etc/xdg/xdg-ubuntu:/etc/xdg', 'XDG_DATA_DIRS': '/usr/share/ubuntu:/usr/share/gnome:/usr/local/share:/usr/share:/var/lib/snapd/desktop', 'PYTHONPATH': '/home/amrl_sunny/ros2_autonomous_vehicle_simulation/build/lidar_perception_pkg/prefix_override:/usr/lib/python3/dist-packages/colcon_core/task/python/colcon_distutils_commands:/home/amrl_sunny/ros2_autonomous_vehicle_simulation/install/lidar_perception_pkg/lib/python3.10/site-packages:/home/amrl_sunny/ros2_autonomous_vehicle_simulation/build/camera_perception_pkg:/home/amrl_sunny/ros2_autonomous_vehicle_simulation/build/simulation_pkg:/home/amrl_sunny/ros2_autonomous_vehicle_simulation/install/simulation_pkg/lib/python3.10/site-packages:/home/amrl_sunny/ros2_autonomous_vehicle_simulation/build/lidar_perception_pkg:/home/amrl_sunny/ros2_autonomous_vehicle_simulation/install/lidar_perception_pkg/lib/python3.10/site-packages:/home/amrl_sunny/ros2_autonomous_vehicle_simulation/install/interfaces_pkg/local/lib/python3.10/dist-packages:/home/amrl_sunny/ros2_autonomous_vehicle_simulation/build/decision_making_pkg:/home/amrl_sunny/ros2_autonomous_vehicle_simulation/install/decision_making_pkg/lib/python3.10/site-packages:/home/amrl_sunny/ros2_autonomous_vehicle_simulation/build/debug_pkg:/home/amrl_sunny/ros2_autonomous_vehicle_simulation/install/debug_pkg/lib/python3.10/site-packages:/home/amrl_sunny/ros2_autonomous_vehicle_simulation/install/camera_perception_pkg/lib/python3.10/site-packages:/opt/ros/humble/lib/python3.10/site-packages:/opt/ros/humble/local/lib/python3.10/dist-packages', 'LC_NUMERIC': 'ko_KR.UTF-8', 'LC_PAPER': 'ko_KR.UTF-8', 'COLCON': '1', 'VTE_VERSION': '6800', 'CMAKE_PREFIX_PATH': '/home/amrl_sunny/ros2_autonomous_vehicle_simulation/install/interfaces_pkg'}, 'shell': False}
[0.800287] (-) TimerEvent: {}
[0.900475] (-) TimerEvent: {}
[0.931696] (camera_perception_pkg) StdoutLine: {'line': b'running develop\n'}
[0.931868] (debug_pkg) StdoutLine: {'line': b'running develop\n'}
[0.933732] (lidar_perception_pkg) StdoutLine: {'line': b'running develop\n'}
[0.934091] (decision_making_pkg) StdoutLine: {'line': b'running develop\n'}
[1.000558] (-) TimerEvent: {}
[1.030799] (debug_pkg) StdoutLine: {'line': b'running egg_info\n'}
[1.031036] (camera_perception_pkg) StdoutLine: {'line': b'running egg_info\n'}
[1.031150] (camera_perception_pkg) StdoutLine: {'line': b'writing camera_perception_pkg.egg-info/PKG-INFO\n'}
[1.031202] (debug_pkg) StdoutLine: {'line': b'writing debug_pkg.egg-info/PKG-INFO\n'}
[1.031248] (camera_perception_pkg) StdoutLine: {'line': b'writing dependency_links to camera_perception_pkg.egg-info/dependency_links.txt\n'}
[1.031293] (camera_perception_pkg) StdoutLine: {'line': b'writing entry points to camera_perception_pkg.egg-info/entry_points.txt\n'}
[1.031334] (camera_perception_pkg) StdoutLine: {'line': b'writing requirements to camera_perception_pkg.egg-info/requires.txt\n'}
[1.031397] (camera_perception_pkg) StdoutLine: {'line': b'writing top-level names to camera_perception_pkg.egg-info/top_level.txt\n'}
[1.031482] (debug_pkg) StdoutLine: {'line': b'writing dependency_links to debug_pkg.egg-info/dependency_links.txt\n'}
[1.031528] (debug_pkg) StdoutLine: {'line': b'writing entry points to debug_pkg.egg-info/entry_points.txt\n'}
[1.031568] (debug_pkg) StdoutLine: {'line': b'writing requirements to debug_pkg.egg-info/requires.txt\n'}
[1.031608] (debug_pkg) StdoutLine: {'line': b'writing top-level names to debug_pkg.egg-info/top_level.txt\n'}
[1.031679] (decision_making_pkg) StdoutLine: {'line': b'running egg_info\n'}
[1.031751] (decision_making_pkg) StdoutLine: {'line': b'writing decision_making_pkg.egg-info/PKG-INFO\n'}
[1.031791] (decision_making_pkg) StdoutLine: {'line': b'writing dependency_links to decision_making_pkg.egg-info/dependency_links.txt\n'}
[1.031832] (decision_making_pkg) StdoutLine: {'line': b'writing entry points to decision_making_pkg.egg-info/entry_points.txt\n'}
[1.031887] (decision_making_pkg) StdoutLine: {'line': b'writing requirements to decision_making_pkg.egg-info/requires.txt\n'}
[1.031948] (decision_making_pkg) StdoutLine: {'line': b'writing top-level names to decision_making_pkg.egg-info/top_level.txt\n'}
[1.032110] (debug_pkg) StdoutLine: {'line': b"reading manifest file 'debug_pkg.egg-info/SOURCES.txt'\n"}
[1.032183] (camera_perception_pkg) StdoutLine: {'line': b"reading manifest file 'camera_perception_pkg.egg-info/SOURCES.txt'\n"}
[1.032259] (lidar_perception_pkg) StdoutLine: {'line': b'running egg_info\n'}
[1.032333] (lidar_perception_pkg) StdoutLine: {'line': b'writing lidar_perception_pkg.egg-info/PKG-INFO\n'}
[1.032422] (debug_pkg) StdoutLine: {'line': b"writing manifest file 'debug_pkg.egg-info/SOURCES.txt'\n"}
[1.032478] (lidar_perception_pkg) StdoutLine: {'line': b'writing dependency_links to lidar_perception_pkg.egg-info/dependency_links.txt\n'}
[1.032541] (camera_perception_pkg) StdoutLine: {'line': b"writing manifest file 'camera_perception_pkg.egg-info/SOURCES.txt'\n"}
[1.032599] (lidar_perception_pkg) StdoutLine: {'line': b'writing entry points to lidar_perception_pkg.egg-info/entry_points.txt\n'}
[1.032655] (lidar_perception_pkg) StdoutLine: {'line': b'writing requirements to lidar_perception_pkg.egg-info/requires.txt\n'}
[1.032718] (lidar_perception_pkg) StdoutLine: {'line': b'writing top-level names to lidar_perception_pkg.egg-info/top_level.txt\n'}
[1.032755] (decision_making_pkg) StdoutLine: {'line': b"reading manifest file 'decision_making_pkg.egg-info/SOURCES.txt'\n"}
[1.033055] (decision_making_pkg) StdoutLine: {'line': b"writing manifest file 'decision_making_pkg.egg-info/SOURCES.txt'\n"}
[1.033183] (debug_pkg) StdoutLine: {'line': b'running build_ext\n'}
[1.033279] (camera_perception_pkg) StdoutLine: {'line': b'running build_ext\n'}
[1.033350] (debug_pkg) StdoutLine: {'line': b'Creating /home/amrl_sunny/ros2_autonomous_vehicle_simulation/install/debug_pkg/lib/python3.10/site-packages/debug-pkg.egg-link (link to .)\n'}
[1.033403] (camera_perception_pkg) StdoutLine: {'line': b'Creating /home/amrl_sunny/ros2_autonomous_vehicle_simulation/install/camera_perception_pkg/lib/python3.10/site-packages/camera-perception-pkg.egg-link (link to .)\n'}
[1.033634] (debug_pkg) StdoutLine: {'line': b'Installing image_saver_node script to /home/amrl_sunny/ros2_autonomous_vehicle_simulation/install/debug_pkg/lib/debug_pkg\n'}
[1.033714] (debug_pkg) StdoutLine: {'line': b'Installing path_visualizer_node script to /home/amrl_sunny/ros2_autonomous_vehicle_simulation/install/debug_pkg/lib/debug_pkg\n'}
[1.033793] (camera_perception_pkg) StdoutLine: {'line': b'Installing crosswalk_detector_node script to /home/amrl_sunny/ros2_autonomous_vehicle_simulation/install/camera_perception_pkg/lib/camera_perception_pkg\n'}
[1.033837] (debug_pkg) StdoutLine: {'line': b'Installing yolov8_visualizer_node script to /home/amrl_sunny/ros2_autonomous_vehicle_simulation/install/debug_pkg/lib/debug_pkg\n'}
[1.033947] (decision_making_pkg) StdoutLine: {'line': b'running build_ext\n'}
[1.034042] (decision_making_pkg) StdoutLine: {'line': b'Creating /home/amrl_sunny/ros2_autonomous_vehicle_simulation/install/decision_making_pkg/lib/python3.10/site-packages/decision-making-pkg.egg-link (link to .)\n'}
[1.034155] (camera_perception_pkg) StdoutLine: {'line': b'Installing image_publisher_node script to /home/amrl_sunny/ros2_autonomous_vehicle_simulation/install/camera_perception_pkg/lib/camera_perception_pkg\n'}
[1.034243] (lidar_perception_pkg) StdoutLine: {'line': b"reading manifest file 'lidar_perception_pkg.egg-info/SOURCES.txt'\n"}
[1.034378] (camera_perception_pkg) StdoutLine: {'line': b'Installing lane_info_extractor_node script to /home/amrl_sunny/ros2_autonomous_vehicle_simulation/install/camera_perception_pkg/lib/camera_perception_pkg\n'}
[1.034422] (camera_perception_pkg) StdoutLine: {'line': b'Installing traffic_light_detector_node script to /home/amrl_sunny/ros2_autonomous_vehicle_simulation/install/camera_perception_pkg/lib/camera_perception_pkg\n'}
[1.034463] (camera_perception_pkg) StdoutLine: {'line': b'Installing yolov8_node script to /home/amrl_sunny/ros2_autonomous_vehicle_simulation/install/camera_perception_pkg/lib/camera_perception_pkg\n'}
[1.034501] (camera_perception_pkg) StdoutLine: {'line': b'\n'}
[1.034539] (camera_perception_pkg) StdoutLine: {'line': b'Installed /home/amrl_sunny/ros2_autonomous_vehicle_simulation/build/camera_perception_pkg\n'}
[1.034579] (camera_perception_pkg) StdoutLine: {'line': b'running symlink_data\n'}
[1.034618] (lidar_perception_pkg) StdoutLine: {'line': b"writing manifest file 'lidar_perception_pkg.egg-info/SOURCES.txt'\n"}
[1.034718] (decision_making_pkg) StdoutLine: {'line': b'Installing motion_planner_node script to /home/amrl_sunny/ros2_autonomous_vehicle_simulation/install/decision_making_pkg/lib/decision_making_pkg\n'}
[1.034762] (decision_making_pkg) StdoutLine: {'line': b'Installing path_planner_node script to /home/amrl_sunny/ros2_autonomous_vehicle_simulation/install/decision_making_pkg/lib/decision_making_pkg\n'}
[1.034810] (decision_making_pkg) StdoutLine: {'line': b'\n'}
[1.034847] (decision_making_pkg) StdoutLine: {'line': b'Installed /home/amrl_sunny/ros2_autonomous_vehicle_simulation/build/decision_making_pkg\n'}
[1.034885] (decision_making_pkg) StdoutLine: {'line': b'running symlink_data\n'}
[1.034923] (debug_pkg) StdoutLine: {'line': b'\n'}
[1.034969] (debug_pkg) StdoutLine: {'line': b'Installed /home/amrl_sunny/ros2_autonomous_vehicle_simulation/build/debug_pkg\n'}
[1.035007] (debug_pkg) StdoutLine: {'line': b'running symlink_data\n'}
[1.035505] (lidar_perception_pkg) StdoutLine: {'line': b'running build_ext\n'}
[1.035667] (lidar_perception_pkg) StdoutLine: {'line': b'Creating /home/amrl_sunny/ros2_autonomous_vehicle_simulation/install/lidar_perception_pkg/lib/python3.10/site-packages/lidar-perception-pkg.egg-link (link to .)\n'}
[1.036244] (lidar_perception_pkg) StdoutLine: {'line': b'Installing lidar_obstacle_detector_node script to /home/amrl_sunny/ros2_autonomous_vehicle_simulation/install/lidar_perception_pkg/lib/lidar_perception_pkg\n'}
[1.036386] (lidar_perception_pkg) StdoutLine: {'line': b'Installing lidar_processor_node script to /home/amrl_sunny/ros2_autonomous_vehicle_simulation/install/lidar_perception_pkg/lib/lidar_perception_pkg\n'}
[1.036456] (lidar_perception_pkg) StdoutLine: {'line': b'Installing lidar_publisher_node script to /home/amrl_sunny/ros2_autonomous_vehicle_simulation/install/lidar_perception_pkg/lib/lidar_perception_pkg\n'}
[1.036579] (lidar_perception_pkg) StdoutLine: {'line': b'\n'}
[1.036640] (lidar_perception_pkg) StdoutLine: {'line': b'Installed /home/amrl_sunny/ros2_autonomous_vehicle_simulation/build/lidar_perception_pkg\n'}
[1.036685] (lidar_perception_pkg) StdoutLine: {'line': b'running symlink_data\n'}
[1.071409] (debug_pkg) CommandEnded: {'returncode': 0}
[1.076129] (debug_pkg) JobEnded: {'identifier': 'debug_pkg', 'rc': 0}
[1.076899] (camera_perception_pkg) CommandEnded: {'returncode': 0}
[1.079850] (camera_perception_pkg) JobEnded: {'identifier': 'camera_perception_pkg', 'rc': 0}
[1.080413] (decision_making_pkg) CommandEnded: {'returncode': 0}
[1.083214] (decision_making_pkg) JobEnded: {'identifier': 'decision_making_pkg', 'rc': 0}
[1.083491] (lidar_perception_pkg) CommandEnded: {'returncode': 0}
[1.086234] (lidar_perception_pkg) JobEnded: {'identifier': 'lidar_perception_pkg', 'rc': 0}
[1.086665] (simulation_pkg) JobStarted: {'identifier': 'simulation_pkg'}
[1.100624] (-) TimerEvent: {}
[1.200797] (-) TimerEvent: {}
[1.300998] (-) TimerEvent: {}
[1.401248] (-) TimerEvent: {}
[1.416162] (simulation_pkg) Command: {'cmd': ['/usr/bin/python3', '-W', 'ignore:setup.py install is deprecated', '-W', 'ignore:easy_install command is deprecated', 'setup.py', 'develop', '--editable', '--build-directory', '/home/amrl_sunny/ros2_autonomous_vehicle_simulation/build/simulation_pkg/build', '--no-deps', 'symlink_data'], 'cwd': '/home/amrl_sunny/ros2_autonomous_vehicle_simulation/build/simulation_pkg', 'env': {'LESSOPEN': '| /usr/bin/lesspipe %s', 'LANGUAGE': 'ko:en', 'USER': 'amrl_sunny', 'LC_TIME': 'ko_KR.UTF-8', 'XDG_SESSION_TYPE': 'x11', 'SHLVL': '1', 'LD_LIBRARY_PATH': '/home/amrl_sunny/ros2_autonomous_vehicle_simulation/install/interfaces_pkg/lib:/usr/lib/x86_64-linux-gnu/gazebo-11/plugins:/opt/ros/humble/opt/rviz_ogre_vendor/lib:/opt/ros/humble/lib/x86_64-linux-gnu:/opt/ros/humble/lib', 'HOME': '/home/amrl_sunny', 'DESKTOP_SESSION': 'ubuntu', 'ROS_PYTHON_VERSION': '3', 'GNOME_SHELL_SESSION_MODE': 'ubuntu', 'GTK_MODULES': 'gail:atk-bridge', 'XDG_SEAT_PATH': '/org/freedesktop/DisplayManager/Seat0', 'LC_MONETARY': 'ko_KR.UTF-8', 'SYSTEMD_EXEC_PID': '3690695', 'DBUS_SESSION_BUS_ADDRESS': 'unix:path=/run/user/1000/bus', 'COLORTERM': 'truecolor', 'COLCON_PREFIX_PATH': '/home/amrl_sunny/ros2_autonomous_vehicle_simulation/install', 'ROS_DISTRO': 'humble', 'GTK_IM_MODULE': 'ibus', 'LOGNAME': 'amrl_sunny', '_': '/usr/bin/colcon', 'ROS_VERSION': '2', 'XDG_SESSION_CLASS': 'user', 'TERM': 'xterm-256color', 'GNOME_DESKTOP_SESSION_ID': 'this-is-deprecated', 'ROS_LOCALHOST_ONLY': '0', 'PATH': '/opt/ros/humble/bin:/home/amrl_sunny/.local/bin:/usr/local/sbin:/usr/local/bin:/usr/sbin:/usr/bin:/sbin:/bin:/usr/games:/usr/local/games:/snap/bin', 'SESSION_MANAGER': 'local/amrl-desktop:@/tmp/.ICE-unix/1667,unix/amrl-desktop:/tmp/.ICE-unix/1667', 'GDM_LANG': 'ko', 'PAPERSIZE': 'a4', 'XDG_SESSION_PATH': '/org/freedesktop/DisplayManager/Session0', 'XDG_MENU_PREFIX': 'gnome-', 'LC_ADDRESS': 'ko_KR.UTF-8', 'GNOME_TERMINAL_SCREEN': '/org/gnome/Terminal/screen/f81de74c_89ea_476c_8a9a_88ae1354cfee', 'XDG_RUNTIME_DIR': '/run/user/1000', 'DISPLAY': ':0', 'LANG': 'ko_KR.UTF-8', 'XDG_CURRENT_DESKTOP': 'ubuntu:GNOME', 'LC_TELEPHONE': 'ko_KR.UTF-8', 'XMODIFIERS': '@im=ibus', 'XDG_SESSION_DESKTOP': 'ubuntu', 'XAUTHORITY': '/home/amrl_sunny/.Xauthority', 'LS_COLORS': 'rs=0:di=01;34:ln=01;36:mh=00:pi=40;33:so=01;35:do=01;35:bd=40;33;01:cd=40;33;01:or=40;31;01:mi=00:su=37;41:sg=30;43:ca=30;41:tw=30;42:ow=34;42:st=37;44:ex=01;32:*.tar=01;31:*.tgz=01;31:*.arc=01;31:*.arj=01;31:*.taz=01;31:*.lha=01;31:*.lz4=01;31:*.lzh=01;31:*.lzma=01;31:*.tlz=01;31:*.txz=01;31:*.tzo=01;31:*.t7z=01;31:*.zip=01;31:*.z=01;31:*.dz=01;31:*.gz=01;31:*.lrz=01;31:*.lz=01;31:*.lzo=01;31:*.xz=01;31:*.zst=01;31:*.tzst=01;31:*.bz2=01;31:*.bz=01;31:*.tbz=01;31:*.tbz2=01;31:*.tz=01;31:*.deb=01;31:*.rpm=01;31:*.jar=01;31:*.war=01;31:*.ear=01;31:*.sar=01;31:*.rar=01;31:*.alz=01;31:*.ace=01;31:*.zoo=01;31:*.cpio=01;31:*.7z=01;31:*.rz=01;31:*.cab=01;31:*.wim=01;31:*.swm=01;31:*.dwm=01;31:*.esd=01;31:*.jpg=01;35:*.jpeg=01;35:*.mjpg=01;35:*.mjpeg=01;35:*.gif=01;35:*.bmp=01;35:*.pbm=01;35:*.pgm=01;35:*.ppm=01;35:*.tga=01;35:*.xbm=01;35:*.xpm=01;35:*.tif=01;35:*.tiff=01;35:*.png=01;35:*.svg=01;35:*.svgz=01;35:*.mng=01;35:*.pcx=01;35:*.mov=01;35:*.mpg=01;35:*.mpeg=01;35:*.m2v=01;35:*.mkv=01;35:*.webm=01;35:*.webp=01;35:*.ogm=01;35:*.mp4=01;35:*.m4v=01;35:*.mp4v=01;35:*.vob=01;35:*.qt=01;35:*.nuv=01;35:*.wmv=01;35:*.asf=01;35:*.rm=01;35:*.rmvb=01;35:*.flc=01;35:*.avi=01;35:*.fli=01;35:*.flv=01;35:*.gl=01;35:*.dl=01;35:*.xcf=01;35:*.xwd=01;35:*.yuv=01;35:*.cgm=01;35:*.emf=01;35:*.ogv=01;35:*.ogx=01;35:*.aac=00;36:*.au=00;36:*.flac=00;36:*.m4a=00;36:*.mid=00;36:*.midi=00;36:*.mka=00;36:*.mp3=00;36:*.mpc=00;36:*.ogg=00;36:*.ra=00;36:*.wav=00;36:*.oga=00;36:*.opus=00;36:*.spx=00;36:*.xspf=00;36:', 'GNOME_TERMINAL_SERVICE': ':1.30987', 'SSH_AGENT_LAUNCHER': 'gnome-keyring', 'SSH_AUTH_SOCK': '/run/user/1000/keyring/ssh', 'ROS_DOMAIN_ID': '0', 'XDG_GREETER_DATA_DIR': '/var/lib/lightdm-data/amrl_sunny', 'AMENT_PREFIX_PATH': '/home/amrl_sunny/ros2_autonomous_vehicle_simulation/install/decision_making_pkg:/home/amrl_sunny/ros2_autonomous_vehicle_simulation/install/debug_pkg:/home/amrl_sunny/ros2_autonomous_vehicle_simulation/install/camera_perception_pkg:/home/amrl_sunny/ros2_autonomous_vehicle_simulation/install/simulation_pkg:/home/amrl_sunny/ros2_autonomous_vehicle_simulation/install/lidar_perception_pkg:/home/amrl_sunny/ros2_autonomous_vehicle_simulation/install/interfaces_pkg:/opt/ros/humble', 'SHELL': '/bin/bash', 'LC_NAME': 'ko_KR.UTF-8', 'QT_ACCESSIBILITY': '1', 'GDMSESSION': 'ubuntu', 'LESSCLOSE': '/usr/bin/lesspipe %s %s', 'LC_MEASUREMENT': 'ko_KR.UTF-8', 'GPG_AGENT_INFO': '/run/user/1000/gnupg/S.gpg-agent:0:1', 'LC_IDENTIFICATION': 'ko_KR.UTF-8', 'QT_IM_MODULE': 'ibus', 'PWD': '/home/amrl_sunny/ros2_autonomous_vehicle_simulation/build/simulation_pkg', 'XDG_CONFIG_DIRS': '/etc/xdg/xdg-ubuntu:/etc/xdg', 'XDG_DATA_DIRS': '/usr/share/ubuntu:/usr/share/gnome:/usr/local/share:/usr/share:/var/lib/snapd/desktop', 'PYTHONPATH': '/home/amrl_sunny/ros2_autonomous_vehicle_simulation/build/simulation_pkg/prefix_override:/usr/lib/python3/dist-packages/colcon_core/task/python/colcon_distutils_commands:/home/amrl_sunny/ros2_autonomous_vehicle_simulation/install/simulation_pkg/lib/python3.10/site-packages:/home/amrl_sunny/ros2_autonomous_vehicle_simulation/build/decision_making_pkg:/home/amrl_sunny/ros2_autonomous_vehicle_simulation/install/decision_making_pkg/lib/python3.10/site-packages:/home/amrl_sunny/ros2_autonomous_vehicle_simulation/build/debug_pkg:/home/amrl_sunny/ros2_autonomous_vehicle_simulation/install/debug_pkg/lib/python3.10/site-packages:/home/amrl_sunny/ros2_autonomous_vehicle_simulation/build/camera_perception_pkg:/home/amrl_sunny/ros2_autonomous_vehicle_simulation/install/camera_perception_pkg/lib/python3.10/site-packages:/home/amrl_sunny/ros2_autonomous_vehicle_simulation/build/simulation_pkg:/home/amrl_sunny/ros2_autonomous_vehicle_simulation/install/simulation_pkg/lib/python3.10/site-packages:/home/amrl_sunny/ros2_autonomous_vehicle_simulation/build/lidar_perception_pkg:/home/amrl_sunny/ros2_autonomous_vehicle_simulation/install/lidar_perception_pkg/lib/python3.10/site-packages:/home/amrl_sunny/ros2_autonomous_vehicle_simulation/install/interfaces_pkg/local/lib/python3.10/dist-packages:/opt/ros/humble/lib/python3.10/site-packages:/opt/ros/humble/local/lib/python3.10/dist-packages', 'LC_NUMERIC': 'ko_KR.UTF-8', 'LC_PAPER': 'ko_KR.UTF-8', 'COLCON': '1', 'VTE_VERSION': '6800', 'CMAKE_PREFIX_PATH': '/home/amrl_sunny/ros2_autonomous_vehicle_simulation/install/interfaces_pkg'}, 'shell': False}
[1.501328] (-) TimerEvent: {}
[1.556351] (simulation_pkg) StdoutLine: {'line': b'running develop\n'}
[1.601405] (-) TimerEvent: {}
[1.648491] (simulation_pkg) StdoutLine: {'line': b'running egg_info\n'}
[1.648665] (simulation_pkg) StdoutLine: {'line': b'writing simulation_pkg.egg-info/PKG-INFO\n'}
[1.648743] (simulation_pkg) StdoutLine: {'line': b'writing dependency_links to simulation_pkg.egg-info/dependency_links.txt\n'}
[1.648837] (simulation_pkg) StdoutLine: {'line': b'writing entry points to simulation_pkg.egg-info/entry_points.txt\n'}
[1.648903] (simulation_pkg) StdoutLine: {'line': b'writing requirements to simulation_pkg.egg-info/requires.txt\n'}
[1.648974] (simulation_pkg) StdoutLine: {'line': b'writing top-level names to simulation_pkg.egg-info/top_level.txt\n'}
[1.649989] (simulation_pkg) StdoutLine: {'line': b"reading manifest file 'simulation_pkg.egg-info/SOURCES.txt'\n"}
[1.650406] (simulation_pkg) StdoutLine: {'line': b"writing manifest file 'simulation_pkg.egg-info/SOURCES.txt'\n"}
[1.651159] (simulation_pkg) StdoutLine: {'line': b'running build_ext\n'}
[1.651293] (simulation_pkg) StdoutLine: {'line': b'Creating /home/amrl_sunny/ros2_autonomous_vehicle_simulation/install/simulation_pkg/lib/python3.10/site-packages/simulation-pkg.egg-link (link to .)\n'}
[1.651680] (simulation_pkg) StdoutLine: {'line': b'Installing data_collection_node script to /home/amrl_sunny/ros2_autonomous_vehicle_simulation/install/simulation_pkg/lib/simulation_pkg\n'}
[1.651778] (simulation_pkg) StdoutLine: {'line': b'Installing draw_trajectory_node script to /home/amrl_sunny/ros2_autonomous_vehicle_simulation/install/simulation_pkg/lib/simulation_pkg\n'}
[1.651838] (simulation_pkg) StdoutLine: {'line': b'Installing load_ego_car_node script to /home/amrl_sunny/ros2_autonomous_vehicle_simulation/install/simulation_pkg/lib/simulation_pkg\n'}
[1.651899] (simulation_pkg) StdoutLine: {'line': b'Installing load_obstable_car_node script to /home/amrl_sunny/ros2_autonomous_vehicle_simulation/install/simulation_pkg/lib/simulation_pkg\n'}
[1.651964] (simulation_pkg) StdoutLine: {'line': b'Installing load_parking_car_node script to /home/amrl_sunny/ros2_autonomous_vehicle_simulation/install/simulation_pkg/lib/simulation_pkg\n'}
[1.652028] (simulation_pkg) StdoutLine: {'line': b'Installing load_traffic_light_node script to /home/amrl_sunny/ros2_autonomous_vehicle_simulation/install/simulation_pkg/lib/simulation_pkg\n'}
[1.652090] (simulation_pkg) StdoutLine: {'line': b'Installing sim_debug_node script to /home/amrl_sunny/ros2_autonomous_vehicle_simulation/install/simulation_pkg/lib/simulation_pkg\n'}
[1.652149] (simulation_pkg) StdoutLine: {'line': b'Installing sim_lane_info_extractor_node script to /home/amrl_sunny/ros2_autonomous_vehicle_simulation/install/simulation_pkg/lib/simulation_pkg\n'}
[1.652207] (simulation_pkg) StdoutLine: {'line': b'Installing sim_lidar_obstacle_detector_node script to /home/amrl_sunny/ros2_autonomous_vehicle_simulation/install/simulation_pkg/lib/simulation_pkg\n'}
[1.652263] (simulation_pkg) StdoutLine: {'line': b'Installing sim_lidar_processor_node script to /home/amrl_sunny/ros2_autonomous_vehicle_simulation/install/simulation_pkg/lib/simulation_pkg\n'}
[1.652316] (simulation_pkg) StdoutLine: {'line': b'Installing sim_motion_planner_node script to /home/amrl_sunny/ros2_autonomous_vehicle_simulation/install/simulation_pkg/lib/simulation_pkg\n'}
[1.652372] (simulation_pkg) StdoutLine: {'line': b'Installing sim_simulation_sender_node script to /home/amrl_sunny/ros2_autonomous_vehicle_simulation/install/simulation_pkg/lib/simulation_pkg\n'}
[1.652427] (simulation_pkg) StdoutLine: {'line': b'Installing sim_traffic_light_detector_node script to /home/amrl_sunny/ros2_autonomous_vehicle_simulation/install/simulation_pkg/lib/simulation_pkg\n'}
[1.652482] (simulation_pkg) StdoutLine: {'line': b'Installing sim_yolov8_node script to /home/amrl_sunny/ros2_autonomous_vehicle_simulation/install/simulation_pkg/lib/simulation_pkg\n'}
[1.652537] (simulation_pkg) StdoutLine: {'line': b'Installing sonar_processor_node script to /home/amrl_sunny/ros2_autonomous_vehicle_simulation/install/simulation_pkg/lib/simulation_pkg\n'}
[1.652600] (simulation_pkg) StdoutLine: {'line': b'Installing timer_based_obstacle_mover script to /home/amrl_sunny/ros2_autonomous_vehicle_simulation/install/simulation_pkg/lib/simulation_pkg\n'}
[1.652640] (simulation_pkg) StdoutLine: {'line': b'Installing video_recording_node script to /home/amrl_sunny/ros2_autonomous_vehicle_simulation/install/simulation_pkg/lib/simulation_pkg\n'}
[1.652696] (simulation_pkg) StdoutLine: {'line': b'\n'}
[1.652736] (simulation_pkg) StdoutLine: {'line': b'Installed /home/amrl_sunny/ros2_autonomous_vehicle_simulation/build/simulation_pkg\n'}
[1.652792] (simulation_pkg) StdoutLine: {'line': b'running symlink_data\n'}
[1.666820] (simulation_pkg) CommandEnded: {'returncode': 0}
[1.670621] (simulation_pkg) JobEnded: {'identifier': 'simulation_pkg', 'rc': 0}
[1.670976] (-) EventReactorShutdown: {}
