[0.000000] (-) TimerEvent: {}
[0.000479] (camera_perception_pkg) JobQueued: {'identifier': 'camera_perception_pkg', 'dependencies': OrderedDict()}
[0.000512] (debug_pkg) JobQueued: {'identifier': 'debug_pkg', 'dependencies': OrderedDict()}
[0.000561] (decision_making_pkg) JobQueued: {'identifier': 'decision_making_pkg', 'dependencies': OrderedDict()}
[0.000578] (interfaces_pkg) JobQueued: {'identifier': 'interfaces_pkg', 'dependencies': OrderedDict()}
[0.000599] (lidar_perception_pkg) JobQueued: {'identifier': 'lidar_perception_pkg', 'dependencies': OrderedDict()}
[0.000615] (simulation_pkg) JobQueued: {'identifier': 'simulation_pkg', 'dependencies': OrderedDict([('camera_perception_pkg', '/home/amrl_sunny/ros2_autonomous_vehicle_simulation/install/camera_perception_pkg'), ('debug_pkg', '/home/amrl_sunny/ros2_autonomous_vehicle_simulation/install/debug_pkg'), ('decision_making_pkg', '/home/amrl_sunny/ros2_autonomous_vehicle_simulation/install/decision_making_pkg'), ('interfaces_pkg', '/home/amrl_sunny/ros2_autonomous_vehicle_simulation/install/interfaces_pkg')])}
[0.000636] (camera_perception_pkg) JobStarted: {'identifier': 'camera_perception_pkg'}
[0.004929] (debug_pkg) JobStarted: {'identifier': 'debug_pkg'}
[0.007162] (decision_making_pkg) JobStarted: {'identifier': 'decision_making_pkg'}
[0.009335] (interfaces_pkg) JobStarted: {'identifier': 'interfaces_pkg'}
[0.011003] (lidar_perception_pkg) JobStarted: {'identifier': 'lidar_perception_pkg'}
[0.099913] (-) TimerEvent: {}
[0.200096] (-) TimerEvent: {}
[0.300435] (-) TimerEvent: {}
[0.400681] (-) TimerEvent: {}
[0.474454] (interfaces_pkg) JobProgress: {'identifier': 'interfaces_pkg', 'progress': 'cmake'}
[0.474796] (interfaces_pkg) JobProgress: {'identifier': 'interfaces_pkg', 'progress': 'build'}
[0.475089] (interfaces_pkg) Command: {'cmd': ['/usr/bin/cmake', '--build', '/home/amrl_sunny/ros2_autonomous_vehicle_simulation/build/interfaces_pkg', '--', '-j20', '-l20'], 'cwd': '/home/amrl_sunny/ros2_autonomous_vehicle_simulation/build/interfaces_pkg', 'env': OrderedDict([('LESSOPEN', '| /usr/bin/lesspipe %s'), ('LANGUAGE', 'ko:en'), ('USER', 'amrl_sunny'), ('LC_TIME', 'ko_KR.UTF-8'), ('XDG_SESSION_TYPE', 'x11'), ('SHLVL', '1'), ('LD_LIBRARY_PATH', '/home/amrl_sunny/ros2_autonomous_vehicle_simulation/install/interfaces_pkg/lib:/usr/lib/x86_64-linux-gnu/gazebo-11/plugins:/opt/ros/humble/opt/rviz_ogre_vendor/lib:/opt/ros/humble/lib/x86_64-linux-gnu:/opt/ros/humble/lib'), ('HOME', '/home/amrl_sunny'), ('OLDPWD', '/home/amrl_sunny'), ('DESKTOP_SESSION', 'ubuntu'), ('ROS_PYTHON_VERSION', '3'), ('GNOME_SHELL_SESSION_MODE', 'ubuntu'), ('GTK_MODULES', 'gail:atk-bridge'), ('XDG_SEAT_PATH', '/org/freedesktop/DisplayManager/Seat0'), ('LC_MONETARY', 'ko_KR.UTF-8'), ('SYSTEMD_EXEC_PID', '2068'), ('DBUS_SESSION_BUS_ADDRESS', 'unix:path=/run/user/1000/bus'), ('COLORTERM', 'truecolor'), ('COLCON_PREFIX_PATH', '/home/amrl_sunny/ros2_autonomous_vehicle_simulation/install:/home/amrl_sunny/2025_jacapdi/install'), ('ROS_DISTRO', 'humble'), ('GTK_IM_MODULE', 'ibus'), ('LOGNAME', 'amrl_sunny'), ('_', '/usr/bin/colcon'), ('ROS_VERSION', '2'), ('XDG_SESSION_CLASS', 'user'), ('TERM', 'xterm-256color'), ('GNOME_DESKTOP_SESSION_ID', 'this-is-deprecated'), ('ROS_LOCALHOST_ONLY', '0'), ('PATH', '/opt/ros/humble/bin:/home/amrl_sunny/.local/bin:/usr/local/sbin:/usr/local/bin:/usr/sbin:/usr/bin:/sbin:/bin:/usr/games:/usr/local/games:/snap/bin'), ('SESSION_MANAGER', 'local/amrl-desktop:@/tmp/.ICE-unix/1842,unix/amrl-desktop:/tmp/.ICE-unix/1842'), ('GDM_LANG', 'ko'), ('PAPERSIZE', 'a4'), ('XDG_SESSION_PATH', '/org/freedesktop/DisplayManager/Session0'), ('XDG_MENU_PREFIX', 'gnome-'), ('LC_ADDRESS', 'ko_KR.UTF-8'), ('GNOME_TERMINAL_SCREEN', '/org/gnome/Terminal/screen/6cd5074f_4d35_4689_bb56_934ada4c7cec'), ('XDG_RUNTIME_DIR', '/run/user/1000'), ('DISPLAY', ':0'), ('LANG', 'ko_KR.UTF-8'), ('XDG_CURRENT_DESKTOP', 'ubuntu:GNOME'), ('LC_TELEPHONE', 'ko_KR.UTF-8'), ('XMODIFIERS', '@im=ibus'), ('XDG_SESSION_DESKTOP', 'ubuntu'), ('XAUTHORITY', '/home/amrl_sunny/.Xauthority'), ('LS_COLORS', 'rs=0:di=01;34:ln=01;36:mh=00:pi=40;33:so=01;35:do=01;35:bd=40;33;01:cd=40;33;01:or=40;31;01:mi=00:su=37;41:sg=30;43:ca=30;41:tw=30;42:ow=34;42:st=37;44:ex=01;32:*.tar=01;31:*.tgz=01;31:*.arc=01;31:*.arj=01;31:*.taz=01;31:*.lha=01;31:*.lz4=01;31:*.lzh=01;31:*.lzma=01;31:*.tlz=01;31:*.txz=01;31:*.tzo=01;31:*.t7z=01;31:*.zip=01;31:*.z=01;31:*.dz=01;31:*.gz=01;31:*.lrz=01;31:*.lz=01;31:*.lzo=01;31:*.xz=01;31:*.zst=01;31:*.tzst=01;31:*.bz2=01;31:*.bz=01;31:*.tbz=01;31:*.tbz2=01;31:*.tz=01;31:*.deb=01;31:*.rpm=01;31:*.jar=01;31:*.war=01;31:*.ear=01;31:*.sar=01;31:*.rar=01;31:*.alz=01;31:*.ace=01;31:*.zoo=01;31:*.cpio=01;31:*.7z=01;31:*.rz=01;31:*.cab=01;31:*.wim=01;31:*.swm=01;31:*.dwm=01;31:*.esd=01;31:*.jpg=01;35:*.jpeg=01;35:*.mjpg=01;35:*.mjpeg=01;35:*.gif=01;35:*.bmp=01;35:*.pbm=01;35:*.pgm=01;35:*.ppm=01;35:*.tga=01;35:*.xbm=01;35:*.xpm=01;35:*.tif=01;35:*.tiff=01;35:*.png=01;35:*.svg=01;35:*.svgz=01;35:*.mng=01;35:*.pcx=01;35:*.mov=01;35:*.mpg=01;35:*.mpeg=01;35:*.m2v=01;35:*.mkv=01;35:*.webm=01;35:*.webp=01;35:*.ogm=01;35:*.mp4=01;35:*.m4v=01;35:*.mp4v=01;35:*.vob=01;35:*.qt=01;35:*.nuv=01;35:*.wmv=01;35:*.asf=01;35:*.rm=01;35:*.rmvb=01;35:*.flc=01;35:*.avi=01;35:*.fli=01;35:*.flv=01;35:*.gl=01;35:*.dl=01;35:*.xcf=01;35:*.xwd=01;35:*.yuv=01;35:*.cgm=01;35:*.emf=01;35:*.ogv=01;35:*.ogx=01;35:*.aac=00;36:*.au=00;36:*.flac=00;36:*.m4a=00;36:*.mid=00;36:*.midi=00;36:*.mka=00;36:*.mp3=00;36:*.mpc=00;36:*.ogg=00;36:*.ra=00;36:*.wav=00;36:*.oga=00;36:*.opus=00;36:*.spx=00;36:*.xspf=00;36:'), ('GNOME_TERMINAL_SERVICE', ':1.92'), ('SSH_AGENT_LAUNCHER', 'gnome-keyring'), ('SSH_AUTH_SOCK', '/run/user/1000/keyring/ssh'), ('ROS_DOMAIN_ID', '0'), ('XDG_GREETER_DATA_DIR', '/var/lib/lightdm-data/amrl_sunny'), ('AMENT_PREFIX_PATH', '/home/amrl_sunny/ros2_autonomous_vehicle_simulation/install/simulation_pkg:/home/amrl_sunny/ros2_autonomous_vehicle_simulation/install/lidar_perception_pkg:/home/amrl_sunny/ros2_autonomous_vehicle_simulation/install/interfaces_pkg:/home/amrl_sunny/ros2_autonomous_vehicle_simulation/install/decision_making_pkg:/home/amrl_sunny/ros2_autonomous_vehicle_simulation/install/debug_pkg:/home/amrl_sunny/ros2_autonomous_vehicle_simulation/install/camera_perception_pkg:/home/amrl_sunny/2025_jacapdi/install/simulation_pkg:/home/amrl_sunny/2025_jacapdi/install/decision_making_pkg:/home/amrl_sunny/2025_jacapdi/install/debug_pkg:/home/amrl_sunny/2025_jacapdi/install/camera_perception_pkg:/opt/ros/humble'), ('SHELL', '/bin/bash'), ('LC_NAME', 'ko_KR.UTF-8'), ('QT_ACCESSIBILITY', '1'), ('GDMSESSION', 'ubuntu'), ('LESSCLOSE', '/usr/bin/lesspipe %s %s'), ('LC_MEASUREMENT', 'ko_KR.UTF-8'), ('GPG_AGENT_INFO', '/run/user/1000/gnupg/S.gpg-agent:0:1'), ('LC_IDENTIFICATION', 'ko_KR.UTF-8'), ('QT_IM_MODULE', 'ibus'), ('PWD', '/home/amrl_sunny/ros2_autonomous_vehicle_simulation/build/interfaces_pkg'), ('LC_ALL', 'en_US.UTF-8'), ('XDG_CONFIG_DIRS', '/etc/xdg/xdg-ubuntu:/etc/xdg'), ('XDG_DATA_DIRS', '/usr/share/ubuntu:/usr/share/gnome:/usr/local/share:/usr/share:/var/lib/snapd/desktop'), ('PYTHONPATH', '/home/amrl_sunny/ros2_autonomous_vehicle_simulation/build/simulation_pkg:/home/amrl_sunny/ros2_autonomous_vehicle_simulation/install/simulation_pkg/lib/python3.10/site-packages:/home/amrl_sunny/ros2_autonomous_vehicle_simulation/build/lidar_perception_pkg:/home/amrl_sunny/ros2_autonomous_vehicle_simulation/install/lidar_perception_pkg/lib/python3.10/site-packages:/home/amrl_sunny/ros2_autonomous_vehicle_simulation/install/interfaces_pkg/local/lib/python3.10/dist-packages:/home/amrl_sunny/ros2_autonomous_vehicle_simulation/build/decision_making_pkg:/home/amrl_sunny/ros2_autonomous_vehicle_simulation/install/decision_making_pkg/lib/python3.10/site-packages:/home/amrl_sunny/ros2_autonomous_vehicle_simulation/build/debug_pkg:/home/amrl_sunny/ros2_autonomous_vehicle_simulation/install/debug_pkg/lib/python3.10/site-packages:/home/amrl_sunny/ros2_autonomous_vehicle_simulation/build/camera_perception_pkg:/home/amrl_sunny/ros2_autonomous_vehicle_simulation/install/camera_perception_pkg/lib/python3.10/site-packages:/home/amrl_sunny/2025_jacapdi/build/simulation_pkg:/home/amrl_sunny/2025_jacapdi/install/simulation_pkg/lib/python3.10/site-packages:/home/amrl_sunny/2025_jacapdi/build/decision_making_pkg:/home/amrl_sunny/2025_jacapdi/install/decision_making_pkg/lib/python3.10/site-packages:/home/amrl_sunny/2025_jacapdi/build/debug_pkg:/home/amrl_sunny/2025_jacapdi/install/debug_pkg/lib/python3.10/site-packages:/home/amrl_sunny/2025_jacapdi/build/camera_perception_pkg:/home/amrl_sunny/2025_jacapdi/install/camera_perception_pkg/lib/python3.10/site-packages:/opt/ros/humble/lib/python3.10/site-packages:/opt/ros/humble/local/lib/python3.10/dist-packages'), ('LC_NUMERIC', 'ko_KR.UTF-8'), ('LC_PAPER', 'ko_KR.UTF-8'), ('COLCON', '1'), ('VTE_VERSION', '6800'), ('CMAKE_PREFIX_PATH', '/home/amrl_sunny/ros2_autonomous_vehicle_simulation/install/interfaces_pkg:/home/amrl_sunny/ros2_autonomous_vehicle_simulation/install/simulation_pkg:/home/amrl_sunny/ros2_autonomous_vehicle_simulation/install/lidar_perception_pkg:/home/amrl_sunny/ros2_autonomous_vehicle_simulation/install/decision_making_pkg:/home/amrl_sunny/ros2_autonomous_vehicle_simulation/install/debug_pkg:/home/amrl_sunny/ros2_autonomous_vehicle_simulation/install/camera_perception_pkg:/home/amrl_sunny/2025_jacapdi/install/simulation_pkg:/home/amrl_sunny/2025_jacapdi/install/decision_making_pkg:/home/amrl_sunny/2025_jacapdi/install/debug_pkg:/home/amrl_sunny/2025_jacapdi/install/camera_perception_pkg:/opt/ros/humble')]), 'shell': False}
[0.500745] (-) TimerEvent: {}
[0.526859] (interfaces_pkg) StdoutLine: {'line': b'[  0%] Built target interfaces_pkg__cpp\n'}
[0.530331] (interfaces_pkg) StdoutLine: {'line': b'[  0%] Built target ament_cmake_python_symlink_interfaces_pkg\n'}
[0.533345] (interfaces_pkg) StdoutLine: {'line': b'[ 12%] Built target interfaces_pkg__rosidl_generator_c\n'}
[0.547563] (interfaces_pkg) StdoutLine: {'line': b'[ 24%] Built target interfaces_pkg__rosidl_typesupport_c\n'}
[0.549185] (interfaces_pkg) StdoutLine: {'line': b'[ 41%] Built target interfaces_pkg__rosidl_typesupport_fastrtps_c\n'}
[0.549301] (interfaces_pkg) StdoutLine: {'line': b'[ 48%] Built target interfaces_pkg__rosidl_typesupport_introspection_c\n'}
[0.550701] (interfaces_pkg) StdoutLine: {'line': b'[ 75%] Built target interfaces_pkg__rosidl_typesupport_cpp\n'}
[0.550770] (interfaces_pkg) StdoutLine: {'line': b'[ 75%] Built target interfaces_pkg__rosidl_typesupport_fastrtps_cpp\n'}
[0.550946] (interfaces_pkg) StdoutLine: {'line': b'[ 84%] Built target interfaces_pkg__rosidl_typesupport_introspection_cpp\n'}
[0.565337] (interfaces_pkg) StdoutLine: {'line': b'[ 84%] Built target interfaces_pkg\n'}
[0.577663] (interfaces_pkg) StdoutLine: {'line': b'[ 85%] Built target interfaces_pkg__py\n'}
[0.597372] (interfaces_pkg) StdoutLine: {'line': b'[ 96%] Built target interfaces_pkg__rosidl_generator_py\n'}
[0.600815] (-) TimerEvent: {}
[0.611528] (interfaces_pkg) StdoutLine: {'line': b'[ 97%] Built target interfaces_pkg__rosidl_typesupport_fastrtps_c__pyext\n'}
[0.611706] (interfaces_pkg) StdoutLine: {'line': b'[ 98%] Built target interfaces_pkg__rosidl_typesupport_c__pyext\n'}
[0.612453] (interfaces_pkg) StdoutLine: {'line': b'[100%] Built target interfaces_pkg__rosidl_typesupport_introspection_c__pyext\n'}
[0.668496] (interfaces_pkg) StdoutLine: {'line': b'running egg_info\n'}
[0.668835] (interfaces_pkg) StdoutLine: {'line': b'writing interfaces_pkg.egg-info/PKG-INFO\n'}
[0.669003] (interfaces_pkg) StdoutLine: {'line': b'writing dependency_links to interfaces_pkg.egg-info/dependency_links.txt\n'}
[0.669078] (interfaces_pkg) StdoutLine: {'line': b'writing top-level names to interfaces_pkg.egg-info/top_level.txt\n'}
[0.670406] (interfaces_pkg) StdoutLine: {'line': b"reading manifest file 'interfaces_pkg.egg-info/SOURCES.txt'\n"}
[0.670943] (interfaces_pkg) StdoutLine: {'line': b"writing manifest file 'interfaces_pkg.egg-info/SOURCES.txt'\n"}
[0.686564] (interfaces_pkg) StdoutLine: {'line': b'[100%] Built target ament_cmake_python_build_interfaces_pkg_egg\n'}
[0.693095] (interfaces_pkg) CommandEnded: {'returncode': 0}
[0.693984] (interfaces_pkg) JobProgress: {'identifier': 'interfaces_pkg', 'progress': 'install'}
[0.700170] (interfaces_pkg) Command: {'cmd': ['/usr/bin/cmake', '--install', '/home/amrl_sunny/ros2_autonomous_vehicle_simulation/build/interfaces_pkg'], 'cwd': '/home/amrl_sunny/ros2_autonomous_vehicle_simulation/build/interfaces_pkg', 'env': OrderedDict([('LESSOPEN', '| /usr/bin/lesspipe %s'), ('LANGUAGE', 'ko:en'), ('USER', 'amrl_sunny'), ('LC_TIME', 'ko_KR.UTF-8'), ('XDG_SESSION_TYPE', 'x11'), ('SHLVL', '1'), ('LD_LIBRARY_PATH', '/home/amrl_sunny/ros2_autonomous_vehicle_simulation/install/interfaces_pkg/lib:/usr/lib/x86_64-linux-gnu/gazebo-11/plugins:/opt/ros/humble/opt/rviz_ogre_vendor/lib:/opt/ros/humble/lib/x86_64-linux-gnu:/opt/ros/humble/lib'), ('HOME', '/home/amrl_sunny'), ('OLDPWD', '/home/amrl_sunny'), ('DESKTOP_SESSION', 'ubuntu'), ('ROS_PYTHON_VERSION', '3'), ('GNOME_SHELL_SESSION_MODE', 'ubuntu'), ('GTK_MODULES', 'gail:atk-bridge'), ('XDG_SEAT_PATH', '/org/freedesktop/DisplayManager/Seat0'), ('LC_MONETARY', 'ko_KR.UTF-8'), ('SYSTEMD_EXEC_PID', '2068'), ('DBUS_SESSION_BUS_ADDRESS', 'unix:path=/run/user/1000/bus'), ('COLORTERM', 'truecolor'), ('COLCON_PREFIX_PATH', '/home/amrl_sunny/ros2_autonomous_vehicle_simulation/install:/home/amrl_sunny/2025_jacapdi/install'), ('ROS_DISTRO', 'humble'), ('GTK_IM_MODULE', 'ibus'), ('LOGNAME', 'amrl_sunny'), ('_', '/usr/bin/colcon'), ('ROS_VERSION', '2'), ('XDG_SESSION_CLASS', 'user'), ('TERM', 'xterm-256color'), ('GNOME_DESKTOP_SESSION_ID', 'this-is-deprecated'), ('ROS_LOCALHOST_ONLY', '0'), ('PATH', '/opt/ros/humble/bin:/home/amrl_sunny/.local/bin:/usr/local/sbin:/usr/local/bin:/usr/sbin:/usr/bin:/sbin:/bin:/usr/games:/usr/local/games:/snap/bin'), ('SESSION_MANAGER', 'local/amrl-desktop:@/tmp/.ICE-unix/1842,unix/amrl-desktop:/tmp/.ICE-unix/1842'), ('GDM_LANG', 'ko'), ('PAPERSIZE', 'a4'), ('XDG_SESSION_PATH', '/org/freedesktop/DisplayManager/Session0'), ('XDG_MENU_PREFIX', 'gnome-'), ('LC_ADDRESS', 'ko_KR.UTF-8'), ('GNOME_TERMINAL_SCREEN', '/org/gnome/Terminal/screen/6cd5074f_4d35_4689_bb56_934ada4c7cec'), ('XDG_RUNTIME_DIR', '/run/user/1000'), ('DISPLAY', ':0'), ('LANG', 'ko_KR.UTF-8'), ('XDG_CURRENT_DESKTOP', 'ubuntu:GNOME'), ('LC_TELEPHONE', 'ko_KR.UTF-8'), ('XMODIFIERS', '@im=ibus'), ('XDG_SESSION_DESKTOP', 'ubuntu'), ('XAUTHORITY', '/home/amrl_sunny/.Xauthority'), ('LS_COLORS', 'rs=0:di=01;34:ln=01;36:mh=00:pi=40;33:so=01;35:do=01;35:bd=40;33;01:cd=40;33;01:or=40;31;01:mi=00:su=37;41:sg=30;43:ca=30;41:tw=30;42:ow=34;42:st=37;44:ex=01;32:*.tar=01;31:*.tgz=01;31:*.arc=01;31:*.arj=01;31:*.taz=01;31:*.lha=01;31:*.lz4=01;31:*.lzh=01;31:*.lzma=01;31:*.tlz=01;31:*.txz=01;31:*.tzo=01;31:*.t7z=01;31:*.zip=01;31:*.z=01;31:*.dz=01;31:*.gz=01;31:*.lrz=01;31:*.lz=01;31:*.lzo=01;31:*.xz=01;31:*.zst=01;31:*.tzst=01;31:*.bz2=01;31:*.bz=01;31:*.tbz=01;31:*.tbz2=01;31:*.tz=01;31:*.deb=01;31:*.rpm=01;31:*.jar=01;31:*.war=01;31:*.ear=01;31:*.sar=01;31:*.rar=01;31:*.alz=01;31:*.ace=01;31:*.zoo=01;31:*.cpio=01;31:*.7z=01;31:*.rz=01;31:*.cab=01;31:*.wim=01;31:*.swm=01;31:*.dwm=01;31:*.esd=01;31:*.jpg=01;35:*.jpeg=01;35:*.mjpg=01;35:*.mjpeg=01;35:*.gif=01;35:*.bmp=01;35:*.pbm=01;35:*.pgm=01;35:*.ppm=01;35:*.tga=01;35:*.xbm=01;35:*.xpm=01;35:*.tif=01;35:*.tiff=01;35:*.png=01;35:*.svg=01;35:*.svgz=01;35:*.mng=01;35:*.pcx=01;35:*.mov=01;35:*.mpg=01;35:*.mpeg=01;35:*.m2v=01;35:*.mkv=01;35:*.webm=01;35:*.webp=01;35:*.ogm=01;35:*.mp4=01;35:*.m4v=01;35:*.mp4v=01;35:*.vob=01;35:*.qt=01;35:*.nuv=01;35:*.wmv=01;35:*.asf=01;35:*.rm=01;35:*.rmvb=01;35:*.flc=01;35:*.avi=01;35:*.fli=01;35:*.flv=01;35:*.gl=01;35:*.dl=01;35:*.xcf=01;35:*.xwd=01;35:*.yuv=01;35:*.cgm=01;35:*.emf=01;35:*.ogv=01;35:*.ogx=01;35:*.aac=00;36:*.au=00;36:*.flac=00;36:*.m4a=00;36:*.mid=00;36:*.midi=00;36:*.mka=00;36:*.mp3=00;36:*.mpc=00;36:*.ogg=00;36:*.ra=00;36:*.wav=00;36:*.oga=00;36:*.opus=00;36:*.spx=00;36:*.xspf=00;36:'), ('GNOME_TERMINAL_SERVICE', ':1.92'), ('SSH_AGENT_LAUNCHER', 'gnome-keyring'), ('SSH_AUTH_SOCK', '/run/user/1000/keyring/ssh'), ('ROS_DOMAIN_ID', '0'), ('XDG_GREETER_DATA_DIR', '/var/lib/lightdm-data/amrl_sunny'), ('AMENT_PREFIX_PATH', '/home/amrl_sunny/ros2_autonomous_vehicle_simulation/install/simulation_pkg:/home/amrl_sunny/ros2_autonomous_vehicle_simulation/install/lidar_perception_pkg:/home/amrl_sunny/ros2_autonomous_vehicle_simulation/install/interfaces_pkg:/home/amrl_sunny/ros2_autonomous_vehicle_simulation/install/decision_making_pkg:/home/amrl_sunny/ros2_autonomous_vehicle_simulation/install/debug_pkg:/home/amrl_sunny/ros2_autonomous_vehicle_simulation/install/camera_perception_pkg:/home/amrl_sunny/2025_jacapdi/install/simulation_pkg:/home/amrl_sunny/2025_jacapdi/install/decision_making_pkg:/home/amrl_sunny/2025_jacapdi/install/debug_pkg:/home/amrl_sunny/2025_jacapdi/install/camera_perception_pkg:/opt/ros/humble'), ('SHELL', '/bin/bash'), ('LC_NAME', 'ko_KR.UTF-8'), ('QT_ACCESSIBILITY', '1'), ('GDMSESSION', 'ubuntu'), ('LESSCLOSE', '/usr/bin/lesspipe %s %s'), ('LC_MEASUREMENT', 'ko_KR.UTF-8'), ('GPG_AGENT_INFO', '/run/user/1000/gnupg/S.gpg-agent:0:1'), ('LC_IDENTIFICATION', 'ko_KR.UTF-8'), ('QT_IM_MODULE', 'ibus'), ('PWD', '/home/amrl_sunny/ros2_autonomous_vehicle_simulation/build/interfaces_pkg'), ('LC_ALL', 'en_US.UTF-8'), ('XDG_CONFIG_DIRS', '/etc/xdg/xdg-ubuntu:/etc/xdg'), ('XDG_DATA_DIRS', '/usr/share/ubuntu:/usr/share/gnome:/usr/local/share:/usr/share:/var/lib/snapd/desktop'), ('PYTHONPATH', '/home/amrl_sunny/ros2_autonomous_vehicle_simulation/build/simulation_pkg:/home/amrl_sunny/ros2_autonomous_vehicle_simulation/install/simulation_pkg/lib/python3.10/site-packages:/home/amrl_sunny/ros2_autonomous_vehicle_simulation/build/lidar_perception_pkg:/home/amrl_sunny/ros2_autonomous_vehicle_simulation/install/lidar_perception_pkg/lib/python3.10/site-packages:/home/amrl_sunny/ros2_autonomous_vehicle_simulation/install/interfaces_pkg/local/lib/python3.10/dist-packages:/home/amrl_sunny/ros2_autonomous_vehicle_simulation/build/decision_making_pkg:/home/amrl_sunny/ros2_autonomous_vehicle_simulation/install/decision_making_pkg/lib/python3.10/site-packages:/home/amrl_sunny/ros2_autonomous_vehicle_simulation/build/debug_pkg:/home/amrl_sunny/ros2_autonomous_vehicle_simulation/install/debug_pkg/lib/python3.10/site-packages:/home/amrl_sunny/ros2_autonomous_vehicle_simulation/build/camera_perception_pkg:/home/amrl_sunny/ros2_autonomous_vehicle_simulation/install/camera_perception_pkg/lib/python3.10/site-packages:/home/amrl_sunny/2025_jacapdi/build/simulation_pkg:/home/amrl_sunny/2025_jacapdi/install/simulation_pkg/lib/python3.10/site-packages:/home/amrl_sunny/2025_jacapdi/build/decision_making_pkg:/home/amrl_sunny/2025_jacapdi/install/decision_making_pkg/lib/python3.10/site-packages:/home/amrl_sunny/2025_jacapdi/build/debug_pkg:/home/amrl_sunny/2025_jacapdi/install/debug_pkg/lib/python3.10/site-packages:/home/amrl_sunny/2025_jacapdi/build/camera_perception_pkg:/home/amrl_sunny/2025_jacapdi/install/camera_perception_pkg/lib/python3.10/site-packages:/opt/ros/humble/lib/python3.10/site-packages:/opt/ros/humble/local/lib/python3.10/dist-packages'), ('LC_NUMERIC', 'ko_KR.UTF-8'), ('LC_PAPER', 'ko_KR.UTF-8'), ('COLCON', '1'), ('VTE_VERSION', '6800'), ('CMAKE_PREFIX_PATH', '/home/amrl_sunny/ros2_autonomous_vehicle_simulation/install/interfaces_pkg:/home/amrl_sunny/ros2_autonomous_vehicle_simulation/install/simulation_pkg:/home/amrl_sunny/ros2_autonomous_vehicle_simulation/install/lidar_perception_pkg:/home/amrl_sunny/ros2_autonomous_vehicle_simulation/install/decision_making_pkg:/home/amrl_sunny/ros2_autonomous_vehicle_simulation/install/debug_pkg:/home/amrl_sunny/ros2_autonomous_vehicle_simulation/install/camera_perception_pkg:/home/amrl_sunny/2025_jacapdi/install/simulation_pkg:/home/amrl_sunny/2025_jacapdi/install/decision_making_pkg:/home/amrl_sunny/2025_jacapdi/install/debug_pkg:/home/amrl_sunny/2025_jacapdi/install/camera_perception_pkg:/opt/ros/humble')]), 'shell': False}
[0.700879] (-) TimerEvent: {}
[0.703835] (interfaces_pkg) StdoutLine: {'line': b'-- Install configuration: ""\n'}
[0.704517] (interfaces_pkg) StdoutLine: {'line': b'-- Execute custom install script\n'}
[0.704612] (interfaces_pkg) StdoutLine: {'line': b'-- Up-to-date symlink: /home/amrl_sunny/ros2_autonomous_vehicle_simulation/install/interfaces_pkg/share/ament_index/resource_index/rosidl_interfaces/interfaces_pkg\n'}
[0.705148] (interfaces_pkg) StdoutLine: {'line': b'-- Up-to-date symlink: /home/amrl_sunny/ros2_autonomous_vehicle_simulation/install/interfaces_pkg/include/interfaces_pkg/interfaces_pkg/msg/bounding_box2_d.h\n'}
[0.705259] (interfaces_pkg) StdoutLine: {'line': b'-- Up-to-date symlink: /home/amrl_sunny/ros2_autonomous_vehicle_simulation/install/interfaces_pkg/include/interfaces_pkg/interfaces_pkg/msg/bounding_box3_d.h\n'}
[0.705337] (interfaces_pkg) StdoutLine: {'line': b'-- Up-to-date symlink: /home/amrl_sunny/ros2_autonomous_vehicle_simulation/install/interfaces_pkg/include/interfaces_pkg/interfaces_pkg/msg/detail/bounding_box2_d__functions.h\n'}
[0.705366] (interfaces_pkg) StdoutLine: {'line': b'-- Up-to-date symlink: /home/amrl_sunny/ros2_autonomous_vehicle_simulation/install/interfaces_pkg/include/interfaces_pkg/interfaces_pkg/msg/detail/bounding_box2_d__struct.h\n'}
[0.705411] (interfaces_pkg) StdoutLine: {'line': b'-- Up-to-date symlink: /home/amrl_sunny/ros2_autonomous_vehicle_simulation/install/interfaces_pkg/include/interfaces_pkg/interfaces_pkg/msg/detail/bounding_box2_d__type_support.h\n'}
[0.705464] (interfaces_pkg) StdoutLine: {'line': b'-- Up-to-date symlink: /home/amrl_sunny/ros2_autonomous_vehicle_simulation/install/interfaces_pkg/include/interfaces_pkg/interfaces_pkg/msg/detail/bounding_box3_d__functions.h\n'}
[0.705508] (interfaces_pkg) StdoutLine: {'line': b'-- Up-to-date symlink: /home/amrl_sunny/ros2_autonomous_vehicle_simulation/install/interfaces_pkg/include/interfaces_pkg/interfaces_pkg/msg/detail/bounding_box3_d__struct.h\n'}
[0.705533] (interfaces_pkg) StdoutLine: {'line': b'-- Up-to-date symlink: /home/amrl_sunny/ros2_autonomous_vehicle_simulation/install/interfaces_pkg/include/interfaces_pkg/interfaces_pkg/msg/detail/bounding_box3_d__type_support.h\n'}
[0.705557] (interfaces_pkg) StdoutLine: {'line': b'-- Up-to-date symlink: /home/amrl_sunny/ros2_autonomous_vehicle_simulation/install/interfaces_pkg/include/interfaces_pkg/interfaces_pkg/msg/detail/detection__functions.h\n'}
[0.705595] (interfaces_pkg) StdoutLine: {'line': b'-- Up-to-date symlink: /home/amrl_sunny/ros2_autonomous_vehicle_simulation/install/interfaces_pkg/include/interfaces_pkg/interfaces_pkg/msg/detail/detection__struct.h\n'}
[0.705626] (interfaces_pkg) StdoutLine: {'line': b'-- Up-to-date symlink: /home/amrl_sunny/ros2_autonomous_vehicle_simulation/install/interfaces_pkg/include/interfaces_pkg/interfaces_pkg/msg/detail/detection__type_support.h\n'}
[0.705649] (interfaces_pkg) StdoutLine: {'line': b'-- Up-to-date symlink: /home/amrl_sunny/ros2_autonomous_vehicle_simulation/install/interfaces_pkg/include/interfaces_pkg/interfaces_pkg/msg/detail/detection_array__functions.h\n'}
[0.705672] (interfaces_pkg) StdoutLine: {'line': b'-- Up-to-date symlink: /home/amrl_sunny/ros2_autonomous_vehicle_simulation/install/interfaces_pkg/include/interfaces_pkg/interfaces_pkg/msg/detail/detection_array__struct.h\n'}
[0.705704] (interfaces_pkg) StdoutLine: {'line': b'-- Up-to-date symlink: /home/amrl_sunny/ros2_autonomous_vehicle_simulation/install/interfaces_pkg/include/interfaces_pkg/interfaces_pkg/msg/detail/detection_array__type_support.h\n'}
[0.705727] (interfaces_pkg) StdoutLine: {'line': b'-- Up-to-date symlink: /home/amrl_sunny/ros2_autonomous_vehicle_simulation/install/interfaces_pkg/include/interfaces_pkg/interfaces_pkg/msg/detail/key_point2_d__functions.h\n'}
[0.705768] (interfaces_pkg) StdoutLine: {'line': b'-- Up-to-date symlink: /home/amrl_sunny/ros2_autonomous_vehicle_simulation/install/interfaces_pkg/include/interfaces_pkg/interfaces_pkg/msg/detail/key_point2_d__struct.h\n'}
[0.705811] (interfaces_pkg) StdoutLine: {'line': b'-- Up-to-date symlink: /home/amrl_sunny/ros2_autonomous_vehicle_simulation/install/interfaces_pkg/include/interfaces_pkg/interfaces_pkg/msg/detail/key_point2_d__type_support.h\n'}
[0.705834] (interfaces_pkg) StdoutLine: {'line': b'-- Up-to-date symlink: /home/amrl_sunny/ros2_autonomous_vehicle_simulation/install/interfaces_pkg/include/interfaces_pkg/interfaces_pkg/msg/detail/key_point2_d_array__functions.h\n'}
[0.705858] (interfaces_pkg) StdoutLine: {'line': b'-- Up-to-date symlink: /home/amrl_sunny/ros2_autonomous_vehicle_simulation/install/interfaces_pkg/include/interfaces_pkg/interfaces_pkg/msg/detail/key_point2_d_array__struct.h\n'}
[0.705905] (interfaces_pkg) StdoutLine: {'line': b'-- Up-to-date symlink: /home/amrl_sunny/ros2_autonomous_vehicle_simulation/install/interfaces_pkg/include/interfaces_pkg/interfaces_pkg/msg/detail/key_point2_d_array__type_support.h\n'}
[0.705929] (interfaces_pkg) StdoutLine: {'line': b'-- Up-to-date symlink: /home/amrl_sunny/ros2_autonomous_vehicle_simulation/install/interfaces_pkg/include/interfaces_pkg/interfaces_pkg/msg/detail/key_point3_d__functions.h\n'}
[0.705952] (interfaces_pkg) StdoutLine: {'line': b'-- Up-to-date symlink: /home/amrl_sunny/ros2_autonomous_vehicle_simulation/install/interfaces_pkg/include/interfaces_pkg/interfaces_pkg/msg/detail/key_point3_d__struct.h\n'}
[0.705996] (interfaces_pkg) StdoutLine: {'line': b'-- Up-to-date symlink: /home/amrl_sunny/ros2_autonomous_vehicle_simulation/install/interfaces_pkg/include/interfaces_pkg/interfaces_pkg/msg/detail/key_point3_d__type_support.h\n'}
[0.706026] (interfaces_pkg) StdoutLine: {'line': b'-- Up-to-date symlink: /home/amrl_sunny/ros2_autonomous_vehicle_simulation/install/interfaces_pkg/include/interfaces_pkg/interfaces_pkg/msg/detail/key_point3_d_array__functions.h\n'}
[0.706047] (interfaces_pkg) StdoutLine: {'line': b'-- Up-to-date symlink: /home/amrl_sunny/ros2_autonomous_vehicle_simulation/install/interfaces_pkg/include/interfaces_pkg/interfaces_pkg/msg/detail/key_point3_d_array__struct.h\n'}
[0.706069] (interfaces_pkg) StdoutLine: {'line': b'-- Up-to-date symlink: /home/amrl_sunny/ros2_autonomous_vehicle_simulation/install/interfaces_pkg/include/interfaces_pkg/interfaces_pkg/msg/detail/key_point3_d_array__type_support.h\n'}
[0.706106] (interfaces_pkg) StdoutLine: {'line': b'-- Up-to-date symlink: /home/amrl_sunny/ros2_autonomous_vehicle_simulation/install/interfaces_pkg/include/interfaces_pkg/interfaces_pkg/msg/detail/lane_info__functions.h\n'}
[0.706151] (interfaces_pkg) StdoutLine: {'line': b'-- Up-to-date symlink: /home/amrl_sunny/ros2_autonomous_vehicle_simulation/install/interfaces_pkg/include/interfaces_pkg/interfaces_pkg/msg/detail/lane_info__struct.h\n'}
[0.706175] (interfaces_pkg) StdoutLine: {'line': b'-- Up-to-date symlink: /home/amrl_sunny/ros2_autonomous_vehicle_simulation/install/interfaces_pkg/include/interfaces_pkg/interfaces_pkg/msg/detail/lane_info__type_support.h\n'}
[0.706236] (interfaces_pkg) StdoutLine: {'line': b'-- Up-to-date symlink: /home/amrl_sunny/ros2_autonomous_vehicle_simulation/install/interfaces_pkg/include/interfaces_pkg/interfaces_pkg/msg/detail/mask__functions.h\n'}
[0.706261] (interfaces_pkg) StdoutLine: {'line': b'-- Up-to-date symlink: /home/amrl_sunny/ros2_autonomous_vehicle_simulation/install/interfaces_pkg/include/interfaces_pkg/interfaces_pkg/msg/detail/mask__struct.h\n'}
[0.706292] (interfaces_pkg) StdoutLine: {'line': b'-- Up-to-date symlink: /home/amrl_sunny/ros2_autonomous_vehicle_simulation/install/interfaces_pkg/include/interfaces_pkg/interfaces_pkg/msg/detail/mask__type_support.h\n'}
[0.706315] (interfaces_pkg) StdoutLine: {'line': b'-- Up-to-date symlink: /home/amrl_sunny/ros2_autonomous_vehicle_simulation/install/interfaces_pkg/include/interfaces_pkg/interfaces_pkg/msg/detail/motion_command__functions.h\n'}
[0.706359] (interfaces_pkg) StdoutLine: {'line': b'-- Up-to-date symlink: /home/amrl_sunny/ros2_autonomous_vehicle_simulation/install/interfaces_pkg/include/interfaces_pkg/interfaces_pkg/msg/detail/motion_command__struct.h\n'}
[0.706381] (interfaces_pkg) StdoutLine: {'line': b'-- Up-to-date symlink: /home/amrl_sunny/ros2_autonomous_vehicle_simulation/install/interfaces_pkg/include/interfaces_pkg/interfaces_pkg/msg/detail/motion_command__type_support.h\n'}
[0.706425] (interfaces_pkg) StdoutLine: {'line': b'-- Up-to-date symlink: /home/amrl_sunny/ros2_autonomous_vehicle_simulation/install/interfaces_pkg/include/interfaces_pkg/interfaces_pkg/msg/detail/path_planning_result__functions.h\n'}
[0.706461] (interfaces_pkg) StdoutLine: {'line': b'-- Up-to-date symlink: /home/amrl_sunny/ros2_autonomous_vehicle_simulation/install/interfaces_pkg/include/interfaces_pkg/interfaces_pkg/msg/detail/path_planning_result__struct.h\n'}
[0.706483] (interfaces_pkg) StdoutLine: {'line': b'-- Up-to-date symlink: /home/amrl_sunny/ros2_autonomous_vehicle_simulation/install/interfaces_pkg/include/interfaces_pkg/interfaces_pkg/msg/detail/path_planning_result__type_support.h\n'}
[0.706521] (interfaces_pkg) StdoutLine: {'line': b'-- Up-to-date symlink: /home/amrl_sunny/ros2_autonomous_vehicle_simulation/install/interfaces_pkg/include/interfaces_pkg/interfaces_pkg/msg/detail/point2_d__functions.h\n'}
[0.706568] (interfaces_pkg) StdoutLine: {'line': b'-- Up-to-date symlink: /home/amrl_sunny/ros2_autonomous_vehicle_simulation/install/interfaces_pkg/include/interfaces_pkg/interfaces_pkg/msg/detail/point2_d__struct.h\n'}
[0.706590] (interfaces_pkg) StdoutLine: {'line': b'-- Up-to-date symlink: /home/amrl_sunny/ros2_autonomous_vehicle_simulation/install/interfaces_pkg/include/interfaces_pkg/interfaces_pkg/msg/detail/point2_d__type_support.h\n'}
[0.706634] (interfaces_pkg) StdoutLine: {'line': b'-- Up-to-date symlink: /home/amrl_sunny/ros2_autonomous_vehicle_simulation/install/interfaces_pkg/include/interfaces_pkg/interfaces_pkg/msg/detail/pose2_d__functions.h\n'}
[0.706655] (interfaces_pkg) StdoutLine: {'line': b'-- Up-to-date symlink: /home/amrl_sunny/ros2_autonomous_vehicle_simulation/install/interfaces_pkg/include/interfaces_pkg/interfaces_pkg/msg/detail/pose2_d__struct.h\n'}
[0.706685] (interfaces_pkg) StdoutLine: {'line': b'-- Up-to-date symlink: /home/amrl_sunny/ros2_autonomous_vehicle_simulation/install/interfaces_pkg/include/interfaces_pkg/interfaces_pkg/msg/detail/pose2_d__type_support.h\n'}
[0.706720] (interfaces_pkg) StdoutLine: {'line': b'-- Up-to-date symlink: /home/amrl_sunny/ros2_autonomous_vehicle_simulation/install/interfaces_pkg/include/interfaces_pkg/interfaces_pkg/msg/detail/target_point__functions.h\n'}
[0.706751] (interfaces_pkg) StdoutLine: {'line': b'-- Up-to-date symlink: /home/amrl_sunny/ros2_autonomous_vehicle_simulation/install/interfaces_pkg/include/interfaces_pkg/interfaces_pkg/msg/detail/target_point__struct.h\n'}
[0.706782] (interfaces_pkg) StdoutLine: {'line': b'-- Up-to-date symlink: /home/amrl_sunny/ros2_autonomous_vehicle_simulation/install/interfaces_pkg/include/interfaces_pkg/interfaces_pkg/msg/detail/target_point__type_support.h\n'}
[0.706812] (interfaces_pkg) StdoutLine: {'line': b'-- Up-to-date symlink: /home/amrl_sunny/ros2_autonomous_vehicle_simulation/install/interfaces_pkg/include/interfaces_pkg/interfaces_pkg/msg/detail/vector2__functions.h\n'}
[0.706844] (interfaces_pkg) StdoutLine: {'line': b'-- Up-to-date symlink: /home/amrl_sunny/ros2_autonomous_vehicle_simulation/install/interfaces_pkg/include/interfaces_pkg/interfaces_pkg/msg/detail/vector2__struct.h\n'}
[0.706895] (interfaces_pkg) StdoutLine: {'line': b'-- Up-to-date symlink: /home/amrl_sunny/ros2_autonomous_vehicle_simulation/install/interfaces_pkg/include/interfaces_pkg/interfaces_pkg/msg/detail/vector2__type_support.h\n'}
[0.706960] (interfaces_pkg) StdoutLine: {'line': b'-- Up-to-date symlink: /home/amrl_sunny/ros2_autonomous_vehicle_simulation/install/interfaces_pkg/include/interfaces_pkg/interfaces_pkg/msg/detection.h\n'}
[0.707010] (interfaces_pkg) StdoutLine: {'line': b'-- Up-to-date symlink: /home/amrl_sunny/ros2_autonomous_vehicle_simulation/install/interfaces_pkg/include/interfaces_pkg/interfaces_pkg/msg/detection_array.h\n'}
[0.707046] (interfaces_pkg) StdoutLine: {'line': b'-- Up-to-date symlink: /home/amrl_sunny/ros2_autonomous_vehicle_simulation/install/interfaces_pkg/include/interfaces_pkg/interfaces_pkg/msg/key_point2_d.h\n'}
[0.707081] (interfaces_pkg) StdoutLine: {'line': b'-- Up-to-date symlink: /home/amrl_sunny/ros2_autonomous_vehicle_simulation/install/interfaces_pkg/include/interfaces_pkg/interfaces_pkg/msg/key_point2_d_array.h\n'}
[0.707116] (interfaces_pkg) StdoutLine: {'line': b'-- Up-to-date symlink: /home/amrl_sunny/ros2_autonomous_vehicle_simulation/install/interfaces_pkg/include/interfaces_pkg/interfaces_pkg/msg/key_point3_d.h\n'}
[0.707150] (interfaces_pkg) StdoutLine: {'line': b'-- Up-to-date symlink: /home/amrl_sunny/ros2_autonomous_vehicle_simulation/install/interfaces_pkg/include/interfaces_pkg/interfaces_pkg/msg/key_point3_d_array.h\n'}
[0.707188] (interfaces_pkg) StdoutLine: {'line': b'-- Up-to-date symlink: /home/amrl_sunny/ros2_autonomous_vehicle_simulation/install/interfaces_pkg/include/interfaces_pkg/interfaces_pkg/msg/lane_info.h\n'}
[0.707228] (interfaces_pkg) StdoutLine: {'line': b'-- Up-to-date symlink: /home/amrl_sunny/ros2_autonomous_vehicle_simulation/install/interfaces_pkg/include/interfaces_pkg/interfaces_pkg/msg/mask.h\n'}
[0.707263] (interfaces_pkg) StdoutLine: {'line': b'-- Up-to-date symlink: /home/amrl_sunny/ros2_autonomous_vehicle_simulation/install/interfaces_pkg/include/interfaces_pkg/interfaces_pkg/msg/motion_command.h\n'}
[0.707297] (interfaces_pkg) StdoutLine: {'line': b'-- Up-to-date symlink: /home/amrl_sunny/ros2_autonomous_vehicle_simulation/install/interfaces_pkg/include/interfaces_pkg/interfaces_pkg/msg/path_planning_result.h\n'}
[0.707333] (interfaces_pkg) StdoutLine: {'line': b'-- Up-to-date symlink: /home/amrl_sunny/ros2_autonomous_vehicle_simulation/install/interfaces_pkg/include/interfaces_pkg/interfaces_pkg/msg/point2_d.h\n'}
[0.707368] (interfaces_pkg) StdoutLine: {'line': b'-- Up-to-date symlink: /home/amrl_sunny/ros2_autonomous_vehicle_simulation/install/interfaces_pkg/include/interfaces_pkg/interfaces_pkg/msg/pose2_d.h\n'}
[0.707403] (interfaces_pkg) StdoutLine: {'line': b'-- Up-to-date symlink: /home/amrl_sunny/ros2_autonomous_vehicle_simulation/install/interfaces_pkg/include/interfaces_pkg/interfaces_pkg/msg/rosidl_generator_c__visibility_control.h\n'}
[0.707438] (interfaces_pkg) StdoutLine: {'line': b'-- Up-to-date symlink: /home/amrl_sunny/ros2_autonomous_vehicle_simulation/install/interfaces_pkg/include/interfaces_pkg/interfaces_pkg/msg/target_point.h\n'}
[0.707478] (interfaces_pkg) StdoutLine: {'line': b'-- Up-to-date symlink: /home/amrl_sunny/ros2_autonomous_vehicle_simulation/install/interfaces_pkg/include/interfaces_pkg/interfaces_pkg/msg/vector2.h\n'}
[0.707543] (interfaces_pkg) StdoutLine: {'line': b'-- Up-to-date symlink: /home/amrl_sunny/ros2_autonomous_vehicle_simulation/install/interfaces_pkg/share/interfaces_pkg/environment/library_path.sh\n'}
[0.707601] (interfaces_pkg) StdoutLine: {'line': b'-- Up-to-date symlink: /home/amrl_sunny/ros2_autonomous_vehicle_simulation/install/interfaces_pkg/share/interfaces_pkg/environment/library_path.dsv\n'}
[0.707935] (interfaces_pkg) StdoutLine: {'line': b'-- Up-to-date symlink: /home/amrl_sunny/ros2_autonomous_vehicle_simulation/install/interfaces_pkg/include/interfaces_pkg/interfaces_pkg/msg/detail/bounding_box2_d__rosidl_typesupport_fastrtps_c.h\n'}
[0.707982] (interfaces_pkg) StdoutLine: {'line': b'-- Up-to-date symlink: /home/amrl_sunny/ros2_autonomous_vehicle_simulation/install/interfaces_pkg/include/interfaces_pkg/interfaces_pkg/msg/detail/bounding_box3_d__rosidl_typesupport_fastrtps_c.h\n'}
[0.708063] (interfaces_pkg) StdoutLine: {'line': b'-- Up-to-date symlink: /home/amrl_sunny/ros2_autonomous_vehicle_simulation/install/interfaces_pkg/include/interfaces_pkg/interfaces_pkg/msg/detail/detection__rosidl_typesupport_fastrtps_c.h\n'}
[0.708193] (interfaces_pkg) StdoutLine: {'line': b'-- Up-to-date symlink: /home/amrl_sunny/ros2_autonomous_vehicle_simulation/install/interfaces_pkg/include/interfaces_pkg/interfaces_pkg/msg/detail/detection_array__rosidl_typesupport_fastrtps_c.h\n'}
[0.708289] (interfaces_pkg) StdoutLine: {'line': b'-- Up-to-date symlink: /home/amrl_sunny/ros2_autonomous_vehicle_simulation/install/interfaces_pkg/include/interfaces_pkg/interfaces_pkg/msg/detail/key_point2_d__rosidl_typesupport_fastrtps_c.h\n'}
[0.708352] (interfaces_pkg) StdoutLine: {'line': b'-- Up-to-date symlink: /home/amrl_sunny/ros2_autonomous_vehicle_simulation/install/interfaces_pkg/include/interfaces_pkg/interfaces_pkg/msg/detail/key_point2_d_array__rosidl_typesupport_fastrtps_c.h\n'}
[0.708452] (interfaces_pkg) StdoutLine: {'line': b'-- Up-to-date symlink: /home/amrl_sunny/ros2_autonomous_vehicle_simulation/install/interfaces_pkg/include/interfaces_pkg/interfaces_pkg/msg/detail/key_point3_d__rosidl_typesupport_fastrtps_c.h\n'}
[0.708511] (interfaces_pkg) StdoutLine: {'line': b'-- Up-to-date symlink: /home/amrl_sunny/ros2_autonomous_vehicle_simulation/install/interfaces_pkg/include/interfaces_pkg/interfaces_pkg/msg/detail/key_point3_d_array__rosidl_typesupport_fastrtps_c.h\n'}
[0.708567] (interfaces_pkg) StdoutLine: {'line': b'-- Up-to-date symlink: /home/amrl_sunny/ros2_autonomous_vehicle_simulation/install/interfaces_pkg/include/interfaces_pkg/interfaces_pkg/msg/detail/lane_info__rosidl_typesupport_fastrtps_c.h\n'}
[0.708624] (interfaces_pkg) StdoutLine: {'line': b'-- Up-to-date symlink: /home/amrl_sunny/ros2_autonomous_vehicle_simulation/install/interfaces_pkg/include/interfaces_pkg/interfaces_pkg/msg/detail/mask__rosidl_typesupport_fastrtps_c.h\n'}
[0.708680] (interfaces_pkg) StdoutLine: {'line': b'-- Up-to-date symlink: /home/amrl_sunny/ros2_autonomous_vehicle_simulation/install/interfaces_pkg/include/interfaces_pkg/interfaces_pkg/msg/detail/motion_command__rosidl_typesupport_fastrtps_c.h\n'}
[0.708735] (interfaces_pkg) StdoutLine: {'line': b'-- Up-to-date symlink: /home/amrl_sunny/ros2_autonomous_vehicle_simulation/install/interfaces_pkg/include/interfaces_pkg/interfaces_pkg/msg/detail/path_planning_result__rosidl_typesupport_fastrtps_c.h\n'}
[0.708790] (interfaces_pkg) StdoutLine: {'line': b'-- Up-to-date symlink: /home/amrl_sunny/ros2_autonomous_vehicle_simulation/install/interfaces_pkg/include/interfaces_pkg/interfaces_pkg/msg/detail/point2_d__rosidl_typesupport_fastrtps_c.h\n'}
[0.708865] (interfaces_pkg) StdoutLine: {'line': b'-- Up-to-date symlink: /home/amrl_sunny/ros2_autonomous_vehicle_simulation/install/interfaces_pkg/include/interfaces_pkg/interfaces_pkg/msg/detail/pose2_d__rosidl_typesupport_fastrtps_c.h\n'}
[0.708959] (interfaces_pkg) StdoutLine: {'line': b'-- Up-to-date symlink: /home/amrl_sunny/ros2_autonomous_vehicle_simulation/install/interfaces_pkg/include/interfaces_pkg/interfaces_pkg/msg/detail/target_point__rosidl_typesupport_fastrtps_c.h\n'}
[0.709014] (interfaces_pkg) StdoutLine: {'line': b'-- Up-to-date symlink: /home/amrl_sunny/ros2_autonomous_vehicle_simulation/install/interfaces_pkg/include/interfaces_pkg/interfaces_pkg/msg/detail/vector2__rosidl_typesupport_fastrtps_c.h\n'}
[0.709068] (interfaces_pkg) StdoutLine: {'line': b'-- Up-to-date symlink: /home/amrl_sunny/ros2_autonomous_vehicle_simulation/install/interfaces_pkg/include/interfaces_pkg/interfaces_pkg/msg/rosidl_typesupport_fastrtps_c__visibility_control.h\n'}
[0.709122] (interfaces_pkg) StdoutLine: {'line': b'-- Up-to-date symlink: /home/amrl_sunny/ros2_autonomous_vehicle_simulation/install/interfaces_pkg/include/interfaces_pkg/interfaces_pkg/msg/detail/bounding_box2_d__rosidl_typesupport_introspection_c.h\n'}
[0.709176] (interfaces_pkg) StdoutLine: {'line': b'-- Up-to-date symlink: /home/amrl_sunny/ros2_autonomous_vehicle_simulation/install/interfaces_pkg/include/interfaces_pkg/interfaces_pkg/msg/detail/bounding_box3_d__rosidl_typesupport_introspection_c.h\n'}
[0.709276] (interfaces_pkg) StdoutLine: {'line': b'-- Up-to-date symlink: /home/amrl_sunny/ros2_autonomous_vehicle_simulation/install/interfaces_pkg/include/interfaces_pkg/interfaces_pkg/msg/detail/detection__rosidl_typesupport_introspection_c.h\n'}
[0.709342] (interfaces_pkg) StdoutLine: {'line': b'-- Up-to-date symlink: /home/amrl_sunny/ros2_autonomous_vehicle_simulation/install/interfaces_pkg/include/interfaces_pkg/interfaces_pkg/msg/detail/detection_array__rosidl_typesupport_introspection_c.h\n'}
[0.709397] (interfaces_pkg) StdoutLine: {'line': b'-- Up-to-date symlink: /home/amrl_sunny/ros2_autonomous_vehicle_simulation/install/interfaces_pkg/include/interfaces_pkg/interfaces_pkg/msg/detail/key_point2_d__rosidl_typesupport_introspection_c.h\n'}
[0.709451] (interfaces_pkg) StdoutLine: {'line': b'-- Up-to-date symlink: /home/amrl_sunny/ros2_autonomous_vehicle_simulation/install/interfaces_pkg/include/interfaces_pkg/interfaces_pkg/msg/detail/key_point2_d_array__rosidl_typesupport_introspection_c.h\n'}
[0.709502] (interfaces_pkg) StdoutLine: {'line': b'-- Up-to-date symlink: /home/amrl_sunny/ros2_autonomous_vehicle_simulation/install/interfaces_pkg/include/interfaces_pkg/interfaces_pkg/msg/detail/key_point3_d__rosidl_typesupport_introspection_c.h\n'}
[0.709551] (interfaces_pkg) StdoutLine: {'line': b'-- Up-to-date symlink: /home/amrl_sunny/ros2_autonomous_vehicle_simulation/install/interfaces_pkg/include/interfaces_pkg/interfaces_pkg/msg/detail/key_point3_d_array__rosidl_typesupport_introspection_c.h\n'}
[0.709602] (interfaces_pkg) StdoutLine: {'line': b'-- Up-to-date symlink: /home/amrl_sunny/ros2_autonomous_vehicle_simulation/install/interfaces_pkg/include/interfaces_pkg/interfaces_pkg/msg/detail/lane_info__rosidl_typesupport_introspection_c.h\n'}
[0.709653] (interfaces_pkg) StdoutLine: {'line': b'-- Up-to-date symlink: /home/amrl_sunny/ros2_autonomous_vehicle_simulation/install/interfaces_pkg/include/interfaces_pkg/interfaces_pkg/msg/detail/mask__rosidl_typesupport_introspection_c.h\n'}
[0.709705] (interfaces_pkg) StdoutLine: {'line': b'-- Up-to-date symlink: /home/amrl_sunny/ros2_autonomous_vehicle_simulation/install/interfaces_pkg/include/interfaces_pkg/interfaces_pkg/msg/detail/motion_command__rosidl_typesupport_introspection_c.h\n'}
[0.709758] (interfaces_pkg) StdoutLine: {'line': b'-- Up-to-date symlink: /home/amrl_sunny/ros2_autonomous_vehicle_simulation/install/interfaces_pkg/include/interfaces_pkg/interfaces_pkg/msg/detail/path_planning_result__rosidl_typesupport_introspection_c.h\n'}
[0.709812] (interfaces_pkg) StdoutLine: {'line': b'-- Up-to-date symlink: /home/amrl_sunny/ros2_autonomous_vehicle_simulation/install/interfaces_pkg/include/interfaces_pkg/interfaces_pkg/msg/detail/point2_d__rosidl_typesupport_introspection_c.h\n'}
[0.709889] (interfaces_pkg) StdoutLine: {'line': b'-- Up-to-date symlink: /home/amrl_sunny/ros2_autonomous_vehicle_simulation/install/interfaces_pkg/include/interfaces_pkg/interfaces_pkg/msg/detail/pose2_d__rosidl_typesupport_introspection_c.h\n'}
[0.709943] (interfaces_pkg) StdoutLine: {'line': b'-- Up-to-date symlink: /home/amrl_sunny/ros2_autonomous_vehicle_simulation/install/interfaces_pkg/include/interfaces_pkg/interfaces_pkg/msg/detail/target_point__rosidl_typesupport_introspection_c.h\n'}
[0.709996] (interfaces_pkg) StdoutLine: {'line': b'-- Up-to-date symlink: /home/amrl_sunny/ros2_autonomous_vehicle_simulation/install/interfaces_pkg/include/interfaces_pkg/interfaces_pkg/msg/detail/vector2__rosidl_typesupport_introspection_c.h\n'}
[0.710050] (interfaces_pkg) StdoutLine: {'line': b'-- Up-to-date symlink: /home/amrl_sunny/ros2_autonomous_vehicle_simulation/install/interfaces_pkg/include/interfaces_pkg/interfaces_pkg/msg/rosidl_typesupport_introspection_c__visibility_control.h\n'}
[0.710103] (interfaces_pkg) StdoutLine: {'line': b'-- Up-to-date symlink: /home/amrl_sunny/ros2_autonomous_vehicle_simulation/install/interfaces_pkg/include/interfaces_pkg/interfaces_pkg/msg/bounding_box2_d.hpp\n'}
[0.710155] (interfaces_pkg) StdoutLine: {'line': b'-- Up-to-date symlink: /home/amrl_sunny/ros2_autonomous_vehicle_simulation/install/interfaces_pkg/include/interfaces_pkg/interfaces_pkg/msg/bounding_box3_d.hpp\n'}
[0.710224] (interfaces_pkg) StdoutLine: {'line': b'-- Up-to-date symlink: /home/amrl_sunny/ros2_autonomous_vehicle_simulation/install/interfaces_pkg/include/interfaces_pkg/interfaces_pkg/msg/detail/bounding_box2_d__builder.hpp\n'}
[0.710324] (interfaces_pkg) StdoutLine: {'line': b'-- Up-to-date symlink: /home/amrl_sunny/ros2_autonomous_vehicle_simulation/install/interfaces_pkg/include/interfaces_pkg/interfaces_pkg/msg/detail/bounding_box2_d__struct.hpp\n'}
[0.710378] (interfaces_pkg) StdoutLine: {'line': b'-- Up-to-date symlink: /home/amrl_sunny/ros2_autonomous_vehicle_simulation/install/interfaces_pkg/include/interfaces_pkg/interfaces_pkg/msg/detail/bounding_box2_d__traits.hpp\n'}
[0.710461] (interfaces_pkg) StdoutLine: {'line': b'-- Up-to-date symlink: /home/amrl_sunny/ros2_autonomous_vehicle_simulation/install/interfaces_pkg/include/interfaces_pkg/interfaces_pkg/msg/detail/bounding_box2_d__type_support.hpp\n'}
[0.710515] (interfaces_pkg) StdoutLine: {'line': b'-- Up-to-date symlink: /home/amrl_sunny/ros2_autonomous_vehicle_simulation/install/interfaces_pkg/include/interfaces_pkg/interfaces_pkg/msg/detail/bounding_box3_d__builder.hpp\n'}
[0.710601] (interfaces_pkg) StdoutLine: {'line': b'-- Up-to-date symlink: /home/amrl_sunny/ros2_autonomous_vehicle_simulation/install/interfaces_pkg/include/interfaces_pkg/interfaces_pkg/msg/detail/bounding_box3_d__struct.hpp\n'}
[0.710672] (interfaces_pkg) StdoutLine: {'line': b'-- Up-to-date symlink: /home/amrl_sunny/ros2_autonomous_vehicle_simulation/install/interfaces_pkg/include/interfaces_pkg/interfaces_pkg/msg/detail/bounding_box3_d__traits.hpp\n'}
[0.710727] (interfaces_pkg) StdoutLine: {'line': b'-- Up-to-date symlink: /home/amrl_sunny/ros2_autonomous_vehicle_simulation/install/interfaces_pkg/include/interfaces_pkg/interfaces_pkg/msg/detail/bounding_box3_d__type_support.hpp\n'}
[0.710781] (interfaces_pkg) StdoutLine: {'line': b'-- Up-to-date symlink: /home/amrl_sunny/ros2_autonomous_vehicle_simulation/install/interfaces_pkg/include/interfaces_pkg/interfaces_pkg/msg/detail/detection__builder.hpp\n'}
[0.710834] (interfaces_pkg) StdoutLine: {'line': b'-- Up-to-date symlink: /home/amrl_sunny/ros2_autonomous_vehicle_simulation/install/interfaces_pkg/include/interfaces_pkg/interfaces_pkg/msg/detail/detection__struct.hpp\n'}
[0.710915] (interfaces_pkg) StdoutLine: {'line': b'-- Up-to-date symlink: /home/amrl_sunny/ros2_autonomous_vehicle_simulation/install/interfaces_pkg/include/interfaces_pkg/interfaces_pkg/msg/detail/detection__traits.hpp\n'}
[0.710968] (interfaces_pkg) StdoutLine: {'line': b'-- Up-to-date symlink: /home/amrl_sunny/ros2_autonomous_vehicle_simulation/install/interfaces_pkg/include/interfaces_pkg/interfaces_pkg/msg/detail/detection__type_support.hpp\n'}
[0.711022] (interfaces_pkg) StdoutLine: {'line': b'-- Up-to-date symlink: /home/amrl_sunny/ros2_autonomous_vehicle_simulation/install/interfaces_pkg/include/interfaces_pkg/interfaces_pkg/msg/detail/detection_array__builder.hpp\n'}
[0.711103] (interfaces_pkg) StdoutLine: {'line': b'-- Up-to-date symlink: /home/amrl_sunny/ros2_autonomous_vehicle_simulation/install/interfaces_pkg/include/interfaces_pkg/interfaces_pkg/msg/detail/detection_array__struct.hpp\n'}
[0.711158] (interfaces_pkg) StdoutLine: {'line': b'-- Up-to-date symlink: /home/amrl_sunny/ros2_autonomous_vehicle_simulation/install/interfaces_pkg/include/interfaces_pkg/interfaces_pkg/msg/detail/detection_array__traits.hpp\n'}
[0.711234] (interfaces_pkg) StdoutLine: {'line': b'-- Up-to-date symlink: /home/amrl_sunny/ros2_autonomous_vehicle_simulation/install/interfaces_pkg/include/interfaces_pkg/interfaces_pkg/msg/detail/detection_array__type_support.hpp\n'}
[0.711323] (interfaces_pkg) StdoutLine: {'line': b'-- Up-to-date symlink: /home/amrl_sunny/ros2_autonomous_vehicle_simulation/install/interfaces_pkg/include/interfaces_pkg/interfaces_pkg/msg/detail/key_point2_d__builder.hpp\n'}
[0.711377] (interfaces_pkg) StdoutLine: {'line': b'-- Up-to-date symlink: /home/amrl_sunny/ros2_autonomous_vehicle_simulation/install/interfaces_pkg/include/interfaces_pkg/interfaces_pkg/msg/detail/key_point2_d__struct.hpp\n'}
[0.711430] (interfaces_pkg) StdoutLine: {'line': b'-- Up-to-date symlink: /home/amrl_sunny/ros2_autonomous_vehicle_simulation/install/interfaces_pkg/include/interfaces_pkg/interfaces_pkg/msg/detail/key_point2_d__traits.hpp\n'}
[0.711483] (interfaces_pkg) StdoutLine: {'line': b'-- Up-to-date symlink: /home/amrl_sunny/ros2_autonomous_vehicle_simulation/install/interfaces_pkg/include/interfaces_pkg/interfaces_pkg/msg/detail/key_point2_d__type_support.hpp\n'}
[0.711536] (interfaces_pkg) StdoutLine: {'line': b'-- Up-to-date symlink: /home/amrl_sunny/ros2_autonomous_vehicle_simulation/install/interfaces_pkg/include/interfaces_pkg/interfaces_pkg/msg/detail/key_point2_d_array__builder.hpp\n'}
[0.711600] (interfaces_pkg) StdoutLine: {'line': b'-- Up-to-date symlink: /home/amrl_sunny/ros2_autonomous_vehicle_simulation/install/interfaces_pkg/include/interfaces_pkg/interfaces_pkg/msg/detail/key_point2_d_array__struct.hpp\n'}
[0.711653] (interfaces_pkg) StdoutLine: {'line': b'-- Up-to-date symlink: /home/amrl_sunny/ros2_autonomous_vehicle_simulation/install/interfaces_pkg/include/interfaces_pkg/interfaces_pkg/msg/detail/key_point2_d_array__traits.hpp\n'}
[0.711705] (interfaces_pkg) StdoutLine: {'line': b'-- Up-to-date symlink: /home/amrl_sunny/ros2_autonomous_vehicle_simulation/install/interfaces_pkg/include/interfaces_pkg/interfaces_pkg/msg/detail/key_point2_d_array__type_support.hpp\n'}
[0.711758] (interfaces_pkg) StdoutLine: {'line': b'-- Up-to-date symlink: /home/amrl_sunny/ros2_autonomous_vehicle_simulation/install/interfaces_pkg/include/interfaces_pkg/interfaces_pkg/msg/detail/key_point3_d__builder.hpp\n'}
[0.711811] (interfaces_pkg) StdoutLine: {'line': b'-- Up-to-date symlink: /home/amrl_sunny/ros2_autonomous_vehicle_simulation/install/interfaces_pkg/include/interfaces_pkg/interfaces_pkg/msg/detail/key_point3_d__struct.hpp\n'}
[0.711909] (interfaces_pkg) StdoutLine: {'line': b'-- Up-to-date symlink: /home/amrl_sunny/ros2_autonomous_vehicle_simulation/install/interfaces_pkg/include/interfaces_pkg/interfaces_pkg/msg/detail/key_point3_d__traits.hpp\n'}
[0.711961] (interfaces_pkg) StdoutLine: {'line': b'-- Up-to-date symlink: /home/amrl_sunny/ros2_autonomous_vehicle_simulation/install/interfaces_pkg/include/interfaces_pkg/interfaces_pkg/msg/detail/key_point3_d__type_support.hpp\n'}
[0.712042] (interfaces_pkg) StdoutLine: {'line': b'-- Up-to-date symlink: /home/amrl_sunny/ros2_autonomous_vehicle_simulation/install/interfaces_pkg/include/interfaces_pkg/interfaces_pkg/msg/detail/key_point3_d_array__builder.hpp\n'}
[0.712096] (interfaces_pkg) StdoutLine: {'line': b'-- Up-to-date symlink: /home/amrl_sunny/ros2_autonomous_vehicle_simulation/install/interfaces_pkg/include/interfaces_pkg/interfaces_pkg/msg/detail/key_point3_d_array__struct.hpp\n'}
[0.712149] (interfaces_pkg) StdoutLine: {'line': b'-- Up-to-date symlink: /home/amrl_sunny/ros2_autonomous_vehicle_simulation/install/interfaces_pkg/include/interfaces_pkg/interfaces_pkg/msg/detail/key_point3_d_array__traits.hpp\n'}
[0.712312] (interfaces_pkg) StdoutLine: {'line': b'-- Up-to-date symlink: /home/amrl_sunny/ros2_autonomous_vehicle_simulation/install/interfaces_pkg/include/interfaces_pkg/interfaces_pkg/msg/detail/key_point3_d_array__type_support.hpp\n'}
[0.712413] (interfaces_pkg) StdoutLine: {'line': b'-- Up-to-date symlink: /home/amrl_sunny/ros2_autonomous_vehicle_simulation/install/interfaces_pkg/include/interfaces_pkg/interfaces_pkg/msg/detail/lane_info__builder.hpp\n'}
[0.712473] (interfaces_pkg) StdoutLine: {'line': b'-- Up-to-date symlink: /home/amrl_sunny/ros2_autonomous_vehicle_simulation/install/interfaces_pkg/include/interfaces_pkg/interfaces_pkg/msg/detail/lane_info__struct.hpp\n'}
[0.712526] (interfaces_pkg) StdoutLine: {'line': b'-- Up-to-date symlink: /home/amrl_sunny/ros2_autonomous_vehicle_simulation/install/interfaces_pkg/include/interfaces_pkg/interfaces_pkg/msg/detail/lane_info__traits.hpp\n'}
[0.712579] (interfaces_pkg) StdoutLine: {'line': b'-- Up-to-date symlink: /home/amrl_sunny/ros2_autonomous_vehicle_simulation/install/interfaces_pkg/include/interfaces_pkg/interfaces_pkg/msg/detail/lane_info__type_support.hpp\n'}
[0.712631] (interfaces_pkg) StdoutLine: {'line': b'-- Up-to-date symlink: /home/amrl_sunny/ros2_autonomous_vehicle_simulation/install/interfaces_pkg/include/interfaces_pkg/interfaces_pkg/msg/detail/mask__builder.hpp\n'}
[0.712684] (interfaces_pkg) StdoutLine: {'line': b'-- Up-to-date symlink: /home/amrl_sunny/ros2_autonomous_vehicle_simulation/install/interfaces_pkg/include/interfaces_pkg/interfaces_pkg/msg/detail/mask__struct.hpp\n'}
[0.712737] (interfaces_pkg) StdoutLine: {'line': b'-- Up-to-date symlink: /home/amrl_sunny/ros2_autonomous_vehicle_simulation/install/interfaces_pkg/include/interfaces_pkg/interfaces_pkg/msg/detail/mask__traits.hpp\n'}
[0.712807] (interfaces_pkg) StdoutLine: {'line': b'-- Up-to-date symlink: /home/amrl_sunny/ros2_autonomous_vehicle_simulation/install/interfaces_pkg/include/interfaces_pkg/interfaces_pkg/msg/detail/mask__type_support.hpp\n'}
[0.712857] (interfaces_pkg) StdoutLine: {'line': b'-- Up-to-date symlink: /home/amrl_sunny/ros2_autonomous_vehicle_simulation/install/interfaces_pkg/include/interfaces_pkg/interfaces_pkg/msg/detail/motion_command__builder.hpp\n'}
[0.712906] (interfaces_pkg) StdoutLine: {'line': b'-- Up-to-date symlink: /home/amrl_sunny/ros2_autonomous_vehicle_simulation/install/interfaces_pkg/include/interfaces_pkg/interfaces_pkg/msg/detail/motion_command__struct.hpp\n'}
[0.712971] (interfaces_pkg) StdoutLine: {'line': b'-- Up-to-date symlink: /home/amrl_sunny/ros2_autonomous_vehicle_simulation/install/interfaces_pkg/include/interfaces_pkg/interfaces_pkg/msg/detail/motion_command__traits.hpp\n'}
[0.713024] (interfaces_pkg) StdoutLine: {'line': b'-- Up-to-date symlink: /home/amrl_sunny/ros2_autonomous_vehicle_simulation/install/interfaces_pkg/include/interfaces_pkg/interfaces_pkg/msg/detail/motion_command__type_support.hpp\n'}
[0.713076] (interfaces_pkg) StdoutLine: {'line': b'-- Up-to-date symlink: /home/amrl_sunny/ros2_autonomous_vehicle_simulation/install/interfaces_pkg/include/interfaces_pkg/interfaces_pkg/msg/detail/path_planning_result__builder.hpp\n'}
[0.713129] (interfaces_pkg) StdoutLine: {'line': b'-- Up-to-date symlink: /home/amrl_sunny/ros2_autonomous_vehicle_simulation/install/interfaces_pkg/include/interfaces_pkg/interfaces_pkg/msg/detail/path_planning_result__struct.hpp\n'}
[0.713182] (interfaces_pkg) StdoutLine: {'line': b'-- Up-to-date symlink: /home/amrl_sunny/ros2_autonomous_vehicle_simulation/install/interfaces_pkg/include/interfaces_pkg/interfaces_pkg/msg/detail/path_planning_result__traits.hpp\n'}
[0.713276] (interfaces_pkg) StdoutLine: {'line': b'-- Up-to-date symlink: /home/amrl_sunny/ros2_autonomous_vehicle_simulation/install/interfaces_pkg/include/interfaces_pkg/interfaces_pkg/msg/detail/path_planning_result__type_support.hpp\n'}
[0.713345] (interfaces_pkg) StdoutLine: {'line': b'-- Up-to-date symlink: /home/amrl_sunny/ros2_autonomous_vehicle_simulation/install/interfaces_pkg/include/interfaces_pkg/interfaces_pkg/msg/detail/point2_d__builder.hpp\n'}
[0.713397] (interfaces_pkg) StdoutLine: {'line': b'-- Up-to-date symlink: /home/amrl_sunny/ros2_autonomous_vehicle_simulation/install/interfaces_pkg/include/interfaces_pkg/interfaces_pkg/msg/detail/point2_d__struct.hpp\n'}
[0.713450] (interfaces_pkg) StdoutLine: {'line': b'-- Up-to-date symlink: /home/amrl_sunny/ros2_autonomous_vehicle_simulation/install/interfaces_pkg/include/interfaces_pkg/interfaces_pkg/msg/detail/point2_d__traits.hpp\n'}
[0.713527] (interfaces_pkg) StdoutLine: {'line': b'-- Up-to-date symlink: /home/amrl_sunny/ros2_autonomous_vehicle_simulation/install/interfaces_pkg/include/interfaces_pkg/interfaces_pkg/msg/detail/point2_d__type_support.hpp\n'}
[0.713585] (interfaces_pkg) StdoutLine: {'line': b'-- Up-to-date symlink: /home/amrl_sunny/ros2_autonomous_vehicle_simulation/install/interfaces_pkg/include/interfaces_pkg/interfaces_pkg/msg/detail/pose2_d__builder.hpp\n'}
[0.713634] (interfaces_pkg) StdoutLine: {'line': b'-- Up-to-date symlink: /home/amrl_sunny/ros2_autonomous_vehicle_simulation/install/interfaces_pkg/include/interfaces_pkg/interfaces_pkg/msg/detail/pose2_d__struct.hpp\n'}
[0.713684] (interfaces_pkg) StdoutLine: {'line': b'-- Up-to-date symlink: /home/amrl_sunny/ros2_autonomous_vehicle_simulation/install/interfaces_pkg/include/interfaces_pkg/interfaces_pkg/msg/detail/pose2_d__traits.hpp\n'}
[0.713736] (interfaces_pkg) StdoutLine: {'line': b'-- Up-to-date symlink: /home/amrl_sunny/ros2_autonomous_vehicle_simulation/install/interfaces_pkg/include/interfaces_pkg/interfaces_pkg/msg/detail/pose2_d__type_support.hpp\n'}
[0.713789] (interfaces_pkg) StdoutLine: {'line': b'-- Up-to-date symlink: /home/amrl_sunny/ros2_autonomous_vehicle_simulation/install/interfaces_pkg/include/interfaces_pkg/interfaces_pkg/msg/detail/target_point__builder.hpp\n'}
[0.713861] (interfaces_pkg) StdoutLine: {'line': b'-- Up-to-date symlink: /home/amrl_sunny/ros2_autonomous_vehicle_simulation/install/interfaces_pkg/include/interfaces_pkg/interfaces_pkg/msg/detail/target_point__struct.hpp\n'}
[0.713935] (interfaces_pkg) StdoutLine: {'line': b'-- Up-to-date symlink: /home/amrl_sunny/ros2_autonomous_vehicle_simulation/install/interfaces_pkg/include/interfaces_pkg/interfaces_pkg/msg/detail/target_point__traits.hpp\n'}
[0.713987] (interfaces_pkg) StdoutLine: {'line': b'-- Up-to-date symlink: /home/amrl_sunny/ros2_autonomous_vehicle_simulation/install/interfaces_pkg/include/interfaces_pkg/interfaces_pkg/msg/detail/target_point__type_support.hpp\n'}
[0.714039] (interfaces_pkg) StdoutLine: {'line': b'-- Up-to-date symlink: /home/amrl_sunny/ros2_autonomous_vehicle_simulation/install/interfaces_pkg/include/interfaces_pkg/interfaces_pkg/msg/detail/vector2__builder.hpp\n'}
[0.714092] (interfaces_pkg) StdoutLine: {'line': b'-- Up-to-date symlink: /home/amrl_sunny/ros2_autonomous_vehicle_simulation/install/interfaces_pkg/include/interfaces_pkg/interfaces_pkg/msg/detail/vector2__struct.hpp\n'}
[0.714143] (interfaces_pkg) StdoutLine: {'line': b'-- Up-to-date symlink: /home/amrl_sunny/ros2_autonomous_vehicle_simulation/install/interfaces_pkg/include/interfaces_pkg/interfaces_pkg/msg/detail/vector2__traits.hpp\n'}
[0.714196] (interfaces_pkg) StdoutLine: {'line': b'-- Up-to-date symlink: /home/amrl_sunny/ros2_autonomous_vehicle_simulation/install/interfaces_pkg/include/interfaces_pkg/interfaces_pkg/msg/detail/vector2__type_support.hpp\n'}
[0.714285] (interfaces_pkg) StdoutLine: {'line': b'-- Up-to-date symlink: /home/amrl_sunny/ros2_autonomous_vehicle_simulation/install/interfaces_pkg/include/interfaces_pkg/interfaces_pkg/msg/detection.hpp\n'}
[0.714338] (interfaces_pkg) StdoutLine: {'line': b'-- Up-to-date symlink: /home/amrl_sunny/ros2_autonomous_vehicle_simulation/install/interfaces_pkg/include/interfaces_pkg/interfaces_pkg/msg/detection_array.hpp\n'}
[0.714390] (interfaces_pkg) StdoutLine: {'line': b'-- Up-to-date symlink: /home/amrl_sunny/ros2_autonomous_vehicle_simulation/install/interfaces_pkg/include/interfaces_pkg/interfaces_pkg/msg/key_point2_d.hpp\n'}
[0.714442] (interfaces_pkg) StdoutLine: {'line': b'-- Up-to-date symlink: /home/amrl_sunny/ros2_autonomous_vehicle_simulation/install/interfaces_pkg/include/interfaces_pkg/interfaces_pkg/msg/key_point2_d_array.hpp\n'}
[0.714495] (interfaces_pkg) StdoutLine: {'line': b'-- Up-to-date symlink: /home/amrl_sunny/ros2_autonomous_vehicle_simulation/install/interfaces_pkg/include/interfaces_pkg/interfaces_pkg/msg/key_point3_d.hpp\n'}
[0.714547] (interfaces_pkg) StdoutLine: {'line': b'-- Up-to-date symlink: /home/amrl_sunny/ros2_autonomous_vehicle_simulation/install/interfaces_pkg/include/interfaces_pkg/interfaces_pkg/msg/key_point3_d_array.hpp\n'}
[0.714599] (interfaces_pkg) StdoutLine: {'line': b'-- Up-to-date symlink: /home/amrl_sunny/ros2_autonomous_vehicle_simulation/install/interfaces_pkg/include/interfaces_pkg/interfaces_pkg/msg/lane_info.hpp\n'}
[0.714652] (interfaces_pkg) StdoutLine: {'line': b'-- Up-to-date symlink: /home/amrl_sunny/ros2_autonomous_vehicle_simulation/install/interfaces_pkg/include/interfaces_pkg/interfaces_pkg/msg/mask.hpp\n'}
[0.714704] (interfaces_pkg) StdoutLine: {'line': b'-- Up-to-date symlink: /home/amrl_sunny/ros2_autonomous_vehicle_simulation/install/interfaces_pkg/include/interfaces_pkg/interfaces_pkg/msg/motion_command.hpp\n'}
[0.714756] (interfaces_pkg) StdoutLine: {'line': b'-- Up-to-date symlink: /home/amrl_sunny/ros2_autonomous_vehicle_simulation/install/interfaces_pkg/include/interfaces_pkg/interfaces_pkg/msg/path_planning_result.hpp\n'}
[0.714835] (interfaces_pkg) StdoutLine: {'line': b'-- Up-to-date symlink: /home/amrl_sunny/ros2_autonomous_vehicle_simulation/install/interfaces_pkg/include/interfaces_pkg/interfaces_pkg/msg/point2_d.hpp\n'}
[0.714889] (interfaces_pkg) StdoutLine: {'line': b'-- Up-to-date symlink: /home/amrl_sunny/ros2_autonomous_vehicle_simulation/install/interfaces_pkg/include/interfaces_pkg/interfaces_pkg/msg/pose2_d.hpp\n'}
[0.714950] (interfaces_pkg) StdoutLine: {'line': b'-- Up-to-date symlink: /home/amrl_sunny/ros2_autonomous_vehicle_simulation/install/interfaces_pkg/include/interfaces_pkg/interfaces_pkg/msg/rosidl_generator_cpp__visibility_control.hpp\n'}
[0.715020] (interfaces_pkg) StdoutLine: {'line': b'-- Up-to-date symlink: /home/amrl_sunny/ros2_autonomous_vehicle_simulation/install/interfaces_pkg/include/interfaces_pkg/interfaces_pkg/msg/target_point.hpp\n'}
[0.715073] (interfaces_pkg) StdoutLine: {'line': b'-- Up-to-date symlink: /home/amrl_sunny/ros2_autonomous_vehicle_simulation/install/interfaces_pkg/include/interfaces_pkg/interfaces_pkg/msg/vector2.hpp\n'}
[0.715125] (interfaces_pkg) StdoutLine: {'line': b'-- Up-to-date symlink: /home/amrl_sunny/ros2_autonomous_vehicle_simulation/install/interfaces_pkg/include/interfaces_pkg/interfaces_pkg/msg/detail/bounding_box2_d__rosidl_typesupport_fastrtps_cpp.hpp\n'}
[0.715179] (interfaces_pkg) StdoutLine: {'line': b'-- Up-to-date symlink: /home/amrl_sunny/ros2_autonomous_vehicle_simulation/install/interfaces_pkg/include/interfaces_pkg/interfaces_pkg/msg/detail/bounding_box3_d__rosidl_typesupport_fastrtps_cpp.hpp\n'}
[0.715260] (interfaces_pkg) StdoutLine: {'line': b'-- Up-to-date symlink: /home/amrl_sunny/ros2_autonomous_vehicle_simulation/install/interfaces_pkg/include/interfaces_pkg/interfaces_pkg/msg/detail/detection__rosidl_typesupport_fastrtps_cpp.hpp\n'}
[0.715323] (interfaces_pkg) StdoutLine: {'line': b'-- Up-to-date symlink: /home/amrl_sunny/ros2_autonomous_vehicle_simulation/install/interfaces_pkg/include/interfaces_pkg/interfaces_pkg/msg/detail/detection_array__rosidl_typesupport_fastrtps_cpp.hpp\n'}
[0.715376] (interfaces_pkg) StdoutLine: {'line': b'-- Up-to-date symlink: /home/amrl_sunny/ros2_autonomous_vehicle_simulation/install/interfaces_pkg/include/interfaces_pkg/interfaces_pkg/msg/detail/key_point2_d__rosidl_typesupport_fastrtps_cpp.hpp\n'}
[0.715428] (interfaces_pkg) StdoutLine: {'line': b'-- Up-to-date symlink: /home/amrl_sunny/ros2_autonomous_vehicle_simulation/install/interfaces_pkg/include/interfaces_pkg/interfaces_pkg/msg/detail/key_point2_d_array__rosidl_typesupport_fastrtps_cpp.hpp\n'}
[0.715481] (interfaces_pkg) StdoutLine: {'line': b'-- Up-to-date symlink: /home/amrl_sunny/ros2_autonomous_vehicle_simulation/install/interfaces_pkg/include/interfaces_pkg/interfaces_pkg/msg/detail/key_point3_d__rosidl_typesupport_fastrtps_cpp.hpp\n'}
[0.715533] (interfaces_pkg) StdoutLine: {'line': b'-- Up-to-date symlink: /home/amrl_sunny/ros2_autonomous_vehicle_simulation/install/interfaces_pkg/include/interfaces_pkg/interfaces_pkg/msg/detail/key_point3_d_array__rosidl_typesupport_fastrtps_cpp.hpp\n'}
[0.715586] (interfaces_pkg) StdoutLine: {'line': b'-- Up-to-date symlink: /home/amrl_sunny/ros2_autonomous_vehicle_simulation/install/interfaces_pkg/include/interfaces_pkg/interfaces_pkg/msg/detail/lane_info__rosidl_typesupport_fastrtps_cpp.hpp\n'}
[0.715638] (interfaces_pkg) StdoutLine: {'line': b'-- Up-to-date symlink: /home/amrl_sunny/ros2_autonomous_vehicle_simulation/install/interfaces_pkg/include/interfaces_pkg/interfaces_pkg/msg/detail/mask__rosidl_typesupport_fastrtps_cpp.hpp\n'}
[0.715691] (interfaces_pkg) StdoutLine: {'line': b'-- Up-to-date symlink: /home/amrl_sunny/ros2_autonomous_vehicle_simulation/install/interfaces_pkg/include/interfaces_pkg/interfaces_pkg/msg/detail/motion_command__rosidl_typesupport_fastrtps_cpp.hpp\n'}
[0.715754] (interfaces_pkg) StdoutLine: {'line': b'-- Up-to-date symlink: /home/amrl_sunny/ros2_autonomous_vehicle_simulation/install/interfaces_pkg/include/interfaces_pkg/interfaces_pkg/msg/detail/path_planning_result__rosidl_typesupport_fastrtps_cpp.hpp\n'}
[0.715807] (interfaces_pkg) StdoutLine: {'line': b'-- Up-to-date symlink: /home/amrl_sunny/ros2_autonomous_vehicle_simulation/install/interfaces_pkg/include/interfaces_pkg/interfaces_pkg/msg/detail/point2_d__rosidl_typesupport_fastrtps_cpp.hpp\n'}
[0.715902] (interfaces_pkg) StdoutLine: {'line': b'-- Up-to-date symlink: /home/amrl_sunny/ros2_autonomous_vehicle_simulation/install/interfaces_pkg/include/interfaces_pkg/interfaces_pkg/msg/detail/pose2_d__rosidl_typesupport_fastrtps_cpp.hpp\n'}
[0.715955] (interfaces_pkg) StdoutLine: {'line': b'-- Up-to-date symlink: /home/amrl_sunny/ros2_autonomous_vehicle_simulation/install/interfaces_pkg/include/interfaces_pkg/interfaces_pkg/msg/detail/target_point__rosidl_typesupport_fastrtps_cpp.hpp\n'}
[0.716030] (interfaces_pkg) StdoutLine: {'line': b'-- Up-to-date symlink: /home/amrl_sunny/ros2_autonomous_vehicle_simulation/install/interfaces_pkg/include/interfaces_pkg/interfaces_pkg/msg/detail/vector2__rosidl_typesupport_fastrtps_cpp.hpp\n'}
[0.716098] (interfaces_pkg) StdoutLine: {'line': b'-- Up-to-date symlink: /home/amrl_sunny/ros2_autonomous_vehicle_simulation/install/interfaces_pkg/include/interfaces_pkg/interfaces_pkg/msg/rosidl_typesupport_fastrtps_cpp__visibility_control.h\n'}
[0.716152] (interfaces_pkg) StdoutLine: {'line': b'-- Up-to-date symlink: /home/amrl_sunny/ros2_autonomous_vehicle_simulation/install/interfaces_pkg/include/interfaces_pkg/interfaces_pkg/msg/detail/bounding_box2_d__rosidl_typesupport_introspection_cpp.hpp\n'}
[0.716208] (interfaces_pkg) StdoutLine: {'line': b'-- Up-to-date symlink: /home/amrl_sunny/ros2_autonomous_vehicle_simulation/install/interfaces_pkg/include/interfaces_pkg/interfaces_pkg/msg/detail/bounding_box3_d__rosidl_typesupport_introspection_cpp.hpp\n'}
[0.716296] (interfaces_pkg) StdoutLine: {'line': b'-- Up-to-date symlink: /home/amrl_sunny/ros2_autonomous_vehicle_simulation/install/interfaces_pkg/include/interfaces_pkg/interfaces_pkg/msg/detail/detection__rosidl_typesupport_introspection_cpp.hpp\n'}
[0.716350] (interfaces_pkg) StdoutLine: {'line': b'-- Up-to-date symlink: /home/amrl_sunny/ros2_autonomous_vehicle_simulation/install/interfaces_pkg/include/interfaces_pkg/interfaces_pkg/msg/detail/detection_array__rosidl_typesupport_introspection_cpp.hpp\n'}
[0.716403] (interfaces_pkg) StdoutLine: {'line': b'-- Up-to-date symlink: /home/amrl_sunny/ros2_autonomous_vehicle_simulation/install/interfaces_pkg/include/interfaces_pkg/interfaces_pkg/msg/detail/key_point2_d__rosidl_typesupport_introspection_cpp.hpp\n'}
[0.716456] (interfaces_pkg) StdoutLine: {'line': b'-- Up-to-date symlink: /home/amrl_sunny/ros2_autonomous_vehicle_simulation/install/interfaces_pkg/include/interfaces_pkg/interfaces_pkg/msg/detail/key_point2_d_array__rosidl_typesupport_introspection_cpp.hpp\n'}
[0.716510] (interfaces_pkg) StdoutLine: {'line': b'-- Up-to-date symlink: /home/amrl_sunny/ros2_autonomous_vehicle_simulation/install/interfaces_pkg/include/interfaces_pkg/interfaces_pkg/msg/detail/key_point3_d__rosidl_typesupport_introspection_cpp.hpp\n'}
[0.716562] (interfaces_pkg) StdoutLine: {'line': b'-- Up-to-date symlink: /home/amrl_sunny/ros2_autonomous_vehicle_simulation/install/interfaces_pkg/include/interfaces_pkg/interfaces_pkg/msg/detail/key_point3_d_array__rosidl_typesupport_introspection_cpp.hpp\n'}
[0.716615] (interfaces_pkg) StdoutLine: {'line': b'-- Up-to-date symlink: /home/amrl_sunny/ros2_autonomous_vehicle_simulation/install/interfaces_pkg/include/interfaces_pkg/interfaces_pkg/msg/detail/lane_info__rosidl_typesupport_introspection_cpp.hpp\n'}
[0.716668] (interfaces_pkg) StdoutLine: {'line': b'-- Up-to-date symlink: /home/amrl_sunny/ros2_autonomous_vehicle_simulation/install/interfaces_pkg/include/interfaces_pkg/interfaces_pkg/msg/detail/mask__rosidl_typesupport_introspection_cpp.hpp\n'}
[0.716722] (interfaces_pkg) StdoutLine: {'line': b'-- Up-to-date symlink: /home/amrl_sunny/ros2_autonomous_vehicle_simulation/install/interfaces_pkg/include/interfaces_pkg/interfaces_pkg/msg/detail/motion_command__rosidl_typesupport_introspection_cpp.hpp\n'}
[0.716774] (interfaces_pkg) StdoutLine: {'line': b'-- Up-to-date symlink: /home/amrl_sunny/ros2_autonomous_vehicle_simulation/install/interfaces_pkg/include/interfaces_pkg/interfaces_pkg/msg/detail/path_planning_result__rosidl_typesupport_introspection_cpp.hpp\n'}
[0.716847] (interfaces_pkg) StdoutLine: {'line': b'-- Up-to-date symlink: /home/amrl_sunny/ros2_autonomous_vehicle_simulation/install/interfaces_pkg/include/interfaces_pkg/interfaces_pkg/msg/detail/point2_d__rosidl_typesupport_introspection_cpp.hpp\n'}
[0.716906] (interfaces_pkg) StdoutLine: {'line': b'-- Up-to-date symlink: /home/amrl_sunny/ros2_autonomous_vehicle_simulation/install/interfaces_pkg/include/interfaces_pkg/interfaces_pkg/msg/detail/pose2_d__rosidl_typesupport_introspection_cpp.hpp\n'}
[0.716958] (interfaces_pkg) StdoutLine: {'line': b'-- Up-to-date symlink: /home/amrl_sunny/ros2_autonomous_vehicle_simulation/install/interfaces_pkg/include/interfaces_pkg/interfaces_pkg/msg/detail/target_point__rosidl_typesupport_introspection_cpp.hpp\n'}
[0.717011] (interfaces_pkg) StdoutLine: {'line': b'-- Up-to-date symlink: /home/amrl_sunny/ros2_autonomous_vehicle_simulation/install/interfaces_pkg/include/interfaces_pkg/interfaces_pkg/msg/detail/vector2__rosidl_typesupport_introspection_cpp.hpp\n'}
[0.717063] (interfaces_pkg) StdoutLine: {'line': b'-- Up-to-date symlink: /home/amrl_sunny/ros2_autonomous_vehicle_simulation/install/interfaces_pkg/share/interfaces_pkg/environment/pythonpath.sh\n'}
[0.717115] (interfaces_pkg) StdoutLine: {'line': b'-- Up-to-date symlink: /home/amrl_sunny/ros2_autonomous_vehicle_simulation/install/interfaces_pkg/share/interfaces_pkg/environment/pythonpath.dsv\n'}
[0.717168] (interfaces_pkg) StdoutLine: {'line': b'-- Up-to-date symlink: /home/amrl_sunny/ros2_autonomous_vehicle_simulation/install/interfaces_pkg/local/lib/python3.10/dist-packages/interfaces_pkg-0.0.0-py3.10.egg-info/PKG-INFO\n'}
[0.717249] (interfaces_pkg) StdoutLine: {'line': b'-- Up-to-date symlink: /home/amrl_sunny/ros2_autonomous_vehicle_simulation/install/interfaces_pkg/local/lib/python3.10/dist-packages/interfaces_pkg-0.0.0-py3.10.egg-info/SOURCES.txt\n'}
[0.717319] (interfaces_pkg) StdoutLine: {'line': b'-- Up-to-date symlink: /home/amrl_sunny/ros2_autonomous_vehicle_simulation/install/interfaces_pkg/local/lib/python3.10/dist-packages/interfaces_pkg-0.0.0-py3.10.egg-info/dependency_links.txt\n'}
[0.717379] (interfaces_pkg) StdoutLine: {'line': b'-- Up-to-date symlink: /home/amrl_sunny/ros2_autonomous_vehicle_simulation/install/interfaces_pkg/local/lib/python3.10/dist-packages/interfaces_pkg-0.0.0-py3.10.egg-info/top_level.txt\n'}
[0.717432] (interfaces_pkg) StdoutLine: {'line': b'-- Up-to-date symlink: /home/amrl_sunny/ros2_autonomous_vehicle_simulation/install/interfaces_pkg/local/lib/python3.10/dist-packages/interfaces_pkg/__init__.py\n'}
[0.717502] (interfaces_pkg) StdoutLine: {'line': b'-- Up-to-date symlink: /home/amrl_sunny/ros2_autonomous_vehicle_simulation/install/interfaces_pkg/local/lib/python3.10/dist-packages/interfaces_pkg/_interfaces_pkg_s.ep.rosidl_typesupport_c.c\n'}
[0.717556] (interfaces_pkg) StdoutLine: {'line': b'-- Up-to-date symlink: /home/amrl_sunny/ros2_autonomous_vehicle_simulation/install/interfaces_pkg/local/lib/python3.10/dist-packages/interfaces_pkg/_interfaces_pkg_s.ep.rosidl_typesupport_fastrtps_c.c\n'}
[0.717608] (interfaces_pkg) StdoutLine: {'line': b'-- Up-to-date symlink: /home/amrl_sunny/ros2_autonomous_vehicle_simulation/install/interfaces_pkg/local/lib/python3.10/dist-packages/interfaces_pkg/_interfaces_pkg_s.ep.rosidl_typesupport_introspection_c.c\n'}
[0.717661] (interfaces_pkg) StdoutLine: {'line': b'-- Up-to-date symlink: /home/amrl_sunny/ros2_autonomous_vehicle_simulation/install/interfaces_pkg/local/lib/python3.10/dist-packages/interfaces_pkg/interfaces_pkg_s__rosidl_typesupport_c.cpython-310-x86_64-linux-gnu.so\n'}
[0.717714] (interfaces_pkg) StdoutLine: {'line': b'-- Up-to-date symlink: /home/amrl_sunny/ros2_autonomous_vehicle_simulation/install/interfaces_pkg/local/lib/python3.10/dist-packages/interfaces_pkg/interfaces_pkg_s__rosidl_typesupport_fastrtps_c.cpython-310-x86_64-linux-gnu.so\n'}
[0.717766] (interfaces_pkg) StdoutLine: {'line': b'-- Up-to-date symlink: /home/amrl_sunny/ros2_autonomous_vehicle_simulation/install/interfaces_pkg/local/lib/python3.10/dist-packages/interfaces_pkg/interfaces_pkg_s__rosidl_typesupport_introspection_c.cpython-310-x86_64-linux-gnu.so\n'}
[0.717849] (interfaces_pkg) StdoutLine: {'line': b'-- Up-to-date symlink: /home/amrl_sunny/ros2_autonomous_vehicle_simulation/install/interfaces_pkg/local/lib/python3.10/dist-packages/interfaces_pkg/libinterfaces_pkg__rosidl_generator_py.so\n'}
[0.717902] (interfaces_pkg) StdoutLine: {'line': b'-- Up-to-date symlink: /home/amrl_sunny/ros2_autonomous_vehicle_simulation/install/interfaces_pkg/local/lib/python3.10/dist-packages/interfaces_pkg/msg/__init__.py\n'}
[0.717954] (interfaces_pkg) StdoutLine: {'line': b'-- Up-to-date symlink: /home/amrl_sunny/ros2_autonomous_vehicle_simulation/install/interfaces_pkg/local/lib/python3.10/dist-packages/interfaces_pkg/msg/_bounding_box2_d.py\n'}
[0.718007] (interfaces_pkg) StdoutLine: {'line': b'-- Up-to-date symlink: /home/amrl_sunny/ros2_autonomous_vehicle_simulation/install/interfaces_pkg/local/lib/python3.10/dist-packages/interfaces_pkg/msg/_bounding_box2_d_s.c\n'}
[0.718060] (interfaces_pkg) StdoutLine: {'line': b'-- Up-to-date symlink: /home/amrl_sunny/ros2_autonomous_vehicle_simulation/install/interfaces_pkg/local/lib/python3.10/dist-packages/interfaces_pkg/msg/_bounding_box3_d.py\n'}
[0.718113] (interfaces_pkg) StdoutLine: {'line': b'-- Up-to-date symlink: /home/amrl_sunny/ros2_autonomous_vehicle_simulation/install/interfaces_pkg/local/lib/python3.10/dist-packages/interfaces_pkg/msg/_bounding_box3_d_s.c\n'}
[0.718165] (interfaces_pkg) StdoutLine: {'line': b'-- Up-to-date symlink: /home/amrl_sunny/ros2_autonomous_vehicle_simulation/install/interfaces_pkg/local/lib/python3.10/dist-packages/interfaces_pkg/msg/_detection.py\n'}
[0.718248] (interfaces_pkg) StdoutLine: {'line': b'-- Up-to-date symlink: /home/amrl_sunny/ros2_autonomous_vehicle_simulation/install/interfaces_pkg/local/lib/python3.10/dist-packages/interfaces_pkg/msg/_detection_array.py\n'}
[0.718312] (interfaces_pkg) StdoutLine: {'line': b'-- Up-to-date symlink: /home/amrl_sunny/ros2_autonomous_vehicle_simulation/install/interfaces_pkg/local/lib/python3.10/dist-packages/interfaces_pkg/msg/_detection_array_s.c\n'}
[0.718366] (interfaces_pkg) StdoutLine: {'line': b'-- Up-to-date symlink: /home/amrl_sunny/ros2_autonomous_vehicle_simulation/install/interfaces_pkg/local/lib/python3.10/dist-packages/interfaces_pkg/msg/_detection_s.c\n'}
[0.718418] (interfaces_pkg) StdoutLine: {'line': b'-- Up-to-date symlink: /home/amrl_sunny/ros2_autonomous_vehicle_simulation/install/interfaces_pkg/local/lib/python3.10/dist-packages/interfaces_pkg/msg/_key_point2_d.py\n'}
[0.718489] (interfaces_pkg) StdoutLine: {'line': b'-- Up-to-date symlink: /home/amrl_sunny/ros2_autonomous_vehicle_simulation/install/interfaces_pkg/local/lib/python3.10/dist-packages/interfaces_pkg/msg/_key_point2_d_array.py\n'}
[0.718542] (interfaces_pkg) StdoutLine: {'line': b'-- Up-to-date symlink: /home/amrl_sunny/ros2_autonomous_vehicle_simulation/install/interfaces_pkg/local/lib/python3.10/dist-packages/interfaces_pkg/msg/_key_point2_d_array_s.c\n'}
[0.718595] (interfaces_pkg) StdoutLine: {'line': b'-- Up-to-date symlink: /home/amrl_sunny/ros2_autonomous_vehicle_simulation/install/interfaces_pkg/local/lib/python3.10/dist-packages/interfaces_pkg/msg/_key_point2_d_s.c\n'}
[0.718648] (interfaces_pkg) StdoutLine: {'line': b'-- Up-to-date symlink: /home/amrl_sunny/ros2_autonomous_vehicle_simulation/install/interfaces_pkg/local/lib/python3.10/dist-packages/interfaces_pkg/msg/_key_point3_d.py\n'}
[0.718700] (interfaces_pkg) StdoutLine: {'line': b'-- Up-to-date symlink: /home/amrl_sunny/ros2_autonomous_vehicle_simulation/install/interfaces_pkg/local/lib/python3.10/dist-packages/interfaces_pkg/msg/_key_point3_d_array.py\n'}
[0.718776] (interfaces_pkg) StdoutLine: {'line': b'-- Up-to-date symlink: /home/amrl_sunny/ros2_autonomous_vehicle_simulation/install/interfaces_pkg/local/lib/python3.10/dist-packages/interfaces_pkg/msg/_key_point3_d_array_s.c\n'}
[0.718828] (interfaces_pkg) StdoutLine: {'line': b'-- Up-to-date symlink: /home/amrl_sunny/ros2_autonomous_vehicle_simulation/install/interfaces_pkg/local/lib/python3.10/dist-packages/interfaces_pkg/msg/_key_point3_d_s.c\n'}
[0.718897] (interfaces_pkg) StdoutLine: {'line': b'-- Up-to-date symlink: /home/amrl_sunny/ros2_autonomous_vehicle_simulation/install/interfaces_pkg/local/lib/python3.10/dist-packages/interfaces_pkg/msg/_lane_info.py\n'}
[0.718949] (interfaces_pkg) StdoutLine: {'line': b'-- Up-to-date symlink: /home/amrl_sunny/ros2_autonomous_vehicle_simulation/install/interfaces_pkg/local/lib/python3.10/dist-packages/interfaces_pkg/msg/_lane_info_s.c\n'}
[0.719002] (interfaces_pkg) StdoutLine: {'line': b'-- Up-to-date symlink: /home/amrl_sunny/ros2_autonomous_vehicle_simulation/install/interfaces_pkg/local/lib/python3.10/dist-packages/interfaces_pkg/msg/_mask.py\n'}
[0.719055] (interfaces_pkg) StdoutLine: {'line': b'-- Up-to-date symlink: /home/amrl_sunny/ros2_autonomous_vehicle_simulation/install/interfaces_pkg/local/lib/python3.10/dist-packages/interfaces_pkg/msg/_mask_s.c\n'}
[0.719108] (interfaces_pkg) StdoutLine: {'line': b'-- Up-to-date symlink: /home/amrl_sunny/ros2_autonomous_vehicle_simulation/install/interfaces_pkg/local/lib/python3.10/dist-packages/interfaces_pkg/msg/_motion_command.py\n'}
[0.719160] (interfaces_pkg) StdoutLine: {'line': b'-- Up-to-date symlink: /home/amrl_sunny/ros2_autonomous_vehicle_simulation/install/interfaces_pkg/local/lib/python3.10/dist-packages/interfaces_pkg/msg/_motion_command_s.c\n'}
[0.719237] (interfaces_pkg) StdoutLine: {'line': b'-- Up-to-date symlink: /home/amrl_sunny/ros2_autonomous_vehicle_simulation/install/interfaces_pkg/local/lib/python3.10/dist-packages/interfaces_pkg/msg/_path_planning_result.py\n'}
[0.719291] (interfaces_pkg) StdoutLine: {'line': b'-- Up-to-date symlink: /home/amrl_sunny/ros2_autonomous_vehicle_simulation/install/interfaces_pkg/local/lib/python3.10/dist-packages/interfaces_pkg/msg/_path_planning_result_s.c\n'}
[0.719341] (interfaces_pkg) StdoutLine: {'line': b'-- Up-to-date symlink: /home/amrl_sunny/ros2_autonomous_vehicle_simulation/install/interfaces_pkg/local/lib/python3.10/dist-packages/interfaces_pkg/msg/_point2_d.py\n'}
[0.719391] (interfaces_pkg) StdoutLine: {'line': b'-- Up-to-date symlink: /home/amrl_sunny/ros2_autonomous_vehicle_simulation/install/interfaces_pkg/local/lib/python3.10/dist-packages/interfaces_pkg/msg/_point2_d_s.c\n'}
[0.719440] (interfaces_pkg) StdoutLine: {'line': b'-- Up-to-date symlink: /home/amrl_sunny/ros2_autonomous_vehicle_simulation/install/interfaces_pkg/local/lib/python3.10/dist-packages/interfaces_pkg/msg/_pose2_d.py\n'}
[0.719489] (interfaces_pkg) StdoutLine: {'line': b'-- Up-to-date symlink: /home/amrl_sunny/ros2_autonomous_vehicle_simulation/install/interfaces_pkg/local/lib/python3.10/dist-packages/interfaces_pkg/msg/_pose2_d_s.c\n'}
[0.719538] (interfaces_pkg) StdoutLine: {'line': b'-- Up-to-date symlink: /home/amrl_sunny/ros2_autonomous_vehicle_simulation/install/interfaces_pkg/local/lib/python3.10/dist-packages/interfaces_pkg/msg/_target_point.py\n'}
[0.719589] (interfaces_pkg) StdoutLine: {'line': b'-- Up-to-date symlink: /home/amrl_sunny/ros2_autonomous_vehicle_simulation/install/interfaces_pkg/local/lib/python3.10/dist-packages/interfaces_pkg/msg/_target_point_s.c\n'}
[0.719639] (interfaces_pkg) StdoutLine: {'line': b'-- Up-to-date symlink: /home/amrl_sunny/ros2_autonomous_vehicle_simulation/install/interfaces_pkg/local/lib/python3.10/dist-packages/interfaces_pkg/msg/_vector2.py\n'}
[0.719689] (interfaces_pkg) StdoutLine: {'line': b'-- Up-to-date symlink: /home/amrl_sunny/ros2_autonomous_vehicle_simulation/install/interfaces_pkg/local/lib/python3.10/dist-packages/interfaces_pkg/msg/_vector2_s.c\n'}
[0.719745] (interfaces_pkg) StdoutLine: {'line': b'-- Up-to-date symlink: /home/amrl_sunny/ros2_autonomous_vehicle_simulation/install/interfaces_pkg/local/lib/python3.10/dist-packages/interfaces_pkg/interfaces_pkg_s__rosidl_typesupport_fastrtps_c.cpython-310-x86_64-linux-gnu.so\n'}
[0.719796] (interfaces_pkg) StdoutLine: {'line': b'-- Up-to-date symlink: /home/amrl_sunny/ros2_autonomous_vehicle_simulation/install/interfaces_pkg/local/lib/python3.10/dist-packages/interfaces_pkg/interfaces_pkg_s__rosidl_typesupport_introspection_c.cpython-310-x86_64-linux-gnu.so\n'}
[0.719849] (interfaces_pkg) StdoutLine: {'line': b'-- Up-to-date symlink: /home/amrl_sunny/ros2_autonomous_vehicle_simulation/install/interfaces_pkg/local/lib/python3.10/dist-packages/interfaces_pkg/interfaces_pkg_s__rosidl_typesupport_c.cpython-310-x86_64-linux-gnu.so\n'}
[0.719898] (interfaces_pkg) StdoutLine: {'line': b'-- Up-to-date symlink: /home/amrl_sunny/ros2_autonomous_vehicle_simulation/install/interfaces_pkg/share/interfaces_pkg/msg/Point2D.idl\n'}
[0.719948] (interfaces_pkg) StdoutLine: {'line': b'-- Up-to-date symlink: /home/amrl_sunny/ros2_autonomous_vehicle_simulation/install/interfaces_pkg/share/interfaces_pkg/msg/Vector2.idl\n'}
[0.719997] (interfaces_pkg) StdoutLine: {'line': b'-- Up-to-date symlink: /home/amrl_sunny/ros2_autonomous_vehicle_simulation/install/interfaces_pkg/share/interfaces_pkg/msg/Pose2D.idl\n'}
[0.720055] (interfaces_pkg) StdoutLine: {'line': b'-- Up-to-date symlink: /home/amrl_sunny/ros2_autonomous_vehicle_simulation/install/interfaces_pkg/share/interfaces_pkg/msg/BoundingBox2D.idl\n'}
[0.720105] (interfaces_pkg) StdoutLine: {'line': b'-- Up-to-date symlink: /home/amrl_sunny/ros2_autonomous_vehicle_simulation/install/interfaces_pkg/share/interfaces_pkg/msg/BoundingBox3D.idl\n'}
[0.720154] (interfaces_pkg) StdoutLine: {'line': b'-- Up-to-date symlink: /home/amrl_sunny/ros2_autonomous_vehicle_simulation/install/interfaces_pkg/share/interfaces_pkg/msg/Mask.idl\n'}
[0.720207] (interfaces_pkg) StdoutLine: {'line': b'-- Up-to-date symlink: /home/amrl_sunny/ros2_autonomous_vehicle_simulation/install/interfaces_pkg/share/interfaces_pkg/msg/KeyPoint2D.idl\n'}
[0.720262] (interfaces_pkg) StdoutLine: {'line': b'-- Up-to-date symlink: /home/amrl_sunny/ros2_autonomous_vehicle_simulation/install/interfaces_pkg/share/interfaces_pkg/msg/KeyPoint2DArray.idl\n'}
[0.720313] (interfaces_pkg) StdoutLine: {'line': b'-- Up-to-date symlink: /home/amrl_sunny/ros2_autonomous_vehicle_simulation/install/interfaces_pkg/share/interfaces_pkg/msg/KeyPoint3D.idl\n'}
[0.720362] (interfaces_pkg) StdoutLine: {'line': b'-- Up-to-date symlink: /home/amrl_sunny/ros2_autonomous_vehicle_simulation/install/interfaces_pkg/share/interfaces_pkg/msg/KeyPoint3DArray.idl\n'}
[0.720411] (interfaces_pkg) StdoutLine: {'line': b'-- Up-to-date symlink: /home/amrl_sunny/ros2_autonomous_vehicle_simulation/install/interfaces_pkg/share/interfaces_pkg/msg/Detection.idl\n'}
[0.720460] (interfaces_pkg) StdoutLine: {'line': b'-- Up-to-date symlink: /home/amrl_sunny/ros2_autonomous_vehicle_simulation/install/interfaces_pkg/share/interfaces_pkg/msg/DetectionArray.idl\n'}
[0.720510] (interfaces_pkg) StdoutLine: {'line': b'-- Up-to-date symlink: /home/amrl_sunny/ros2_autonomous_vehicle_simulation/install/interfaces_pkg/share/interfaces_pkg/msg/LaneInfo.idl\n'}
[0.720559] (interfaces_pkg) StdoutLine: {'line': b'-- Up-to-date symlink: /home/amrl_sunny/ros2_autonomous_vehicle_simulation/install/interfaces_pkg/share/interfaces_pkg/msg/MotionCommand.idl\n'}
[0.720608] (interfaces_pkg) StdoutLine: {'line': b'-- Up-to-date symlink: /home/amrl_sunny/ros2_autonomous_vehicle_simulation/install/interfaces_pkg/share/interfaces_pkg/msg/TargetPoint.idl\n'}
[0.720657] (interfaces_pkg) StdoutLine: {'line': b'-- Up-to-date symlink: /home/amrl_sunny/ros2_autonomous_vehicle_simulation/install/interfaces_pkg/share/interfaces_pkg/msg/PathPlanningResult.idl\n'}
[0.720706] (interfaces_pkg) StdoutLine: {'line': b'-- Up-to-date symlink: /home/amrl_sunny/ros2_autonomous_vehicle_simulation/install/interfaces_pkg/share/interfaces_pkg/msg/Point2D.msg\n'}
[0.720756] (interfaces_pkg) StdoutLine: {'line': b'-- Up-to-date symlink: /home/amrl_sunny/ros2_autonomous_vehicle_simulation/install/interfaces_pkg/share/interfaces_pkg/msg/Vector2.msg\n'}
[0.720805] (interfaces_pkg) StdoutLine: {'line': b'-- Up-to-date symlink: /home/amrl_sunny/ros2_autonomous_vehicle_simulation/install/interfaces_pkg/share/interfaces_pkg/msg/Pose2D.msg\n'}
[0.720859] (interfaces_pkg) StdoutLine: {'line': b'-- Up-to-date symlink: /home/amrl_sunny/ros2_autonomous_vehicle_simulation/install/interfaces_pkg/share/interfaces_pkg/msg/BoundingBox2D.msg\n'}
[0.720909] (interfaces_pkg) StdoutLine: {'line': b'-- Up-to-date symlink: /home/amrl_sunny/ros2_autonomous_vehicle_simulation/install/interfaces_pkg/share/interfaces_pkg/msg/BoundingBox3D.msg\n'}
[0.720958] (interfaces_pkg) StdoutLine: {'line': b'-- Up-to-date symlink: /home/amrl_sunny/ros2_autonomous_vehicle_simulation/install/interfaces_pkg/share/interfaces_pkg/msg/Mask.msg\n'}
[0.721008] (interfaces_pkg) StdoutLine: {'line': b'-- Up-to-date symlink: /home/amrl_sunny/ros2_autonomous_vehicle_simulation/install/interfaces_pkg/share/interfaces_pkg/msg/KeyPoint2D.msg\n'}
[0.721062] (interfaces_pkg) StdoutLine: {'line': b'-- Up-to-date symlink: /home/amrl_sunny/ros2_autonomous_vehicle_simulation/install/interfaces_pkg/share/interfaces_pkg/msg/KeyPoint2DArray.msg\n'}
[0.721112] (interfaces_pkg) StdoutLine: {'line': b'-- Up-to-date symlink: /home/amrl_sunny/ros2_autonomous_vehicle_simulation/install/interfaces_pkg/share/interfaces_pkg/msg/KeyPoint3D.msg\n'}
[0.721161] (interfaces_pkg) StdoutLine: {'line': b'-- Up-to-date symlink: /home/amrl_sunny/ros2_autonomous_vehicle_simulation/install/interfaces_pkg/share/interfaces_pkg/msg/KeyPoint3DArray.msg\n'}
[0.721230] (interfaces_pkg) StdoutLine: {'line': b'-- Up-to-date symlink: /home/amrl_sunny/ros2_autonomous_vehicle_simulation/install/interfaces_pkg/share/interfaces_pkg/msg/Detection.msg\n'}
[0.721284] (interfaces_pkg) StdoutLine: {'line': b'-- Up-to-date symlink: /home/amrl_sunny/ros2_autonomous_vehicle_simulation/install/interfaces_pkg/share/interfaces_pkg/msg/DetectionArray.msg\n'}
[0.721334] (interfaces_pkg) StdoutLine: {'line': b'-- Up-to-date symlink: /home/amrl_sunny/ros2_autonomous_vehicle_simulation/install/interfaces_pkg/share/interfaces_pkg/msg/LaneInfo.msg\n'}
[0.721383] (interfaces_pkg) StdoutLine: {'line': b'-- Up-to-date symlink: /home/amrl_sunny/ros2_autonomous_vehicle_simulation/install/interfaces_pkg/share/interfaces_pkg/msg/MotionCommand.msg\n'}
[0.721433] (interfaces_pkg) StdoutLine: {'line': b'-- Up-to-date symlink: /home/amrl_sunny/ros2_autonomous_vehicle_simulation/install/interfaces_pkg/share/interfaces_pkg/msg/TargetPoint.msg\n'}
[0.721482] (interfaces_pkg) StdoutLine: {'line': b'-- Up-to-date symlink: /home/amrl_sunny/ros2_autonomous_vehicle_simulation/install/interfaces_pkg/share/interfaces_pkg/msg/PathPlanningResult.msg\n'}
[0.721532] (interfaces_pkg) StdoutLine: {'line': b'-- Up-to-date symlink: /home/amrl_sunny/ros2_autonomous_vehicle_simulation/install/interfaces_pkg/share/ament_index/resource_index/package_run_dependencies/interfaces_pkg\n'}
[0.721590] (interfaces_pkg) StdoutLine: {'line': b'-- Up-to-date symlink: /home/amrl_sunny/ros2_autonomous_vehicle_simulation/install/interfaces_pkg/share/ament_index/resource_index/parent_prefix_path/interfaces_pkg\n'}
[0.721641] (interfaces_pkg) StdoutLine: {'line': b'-- Up-to-date symlink: /home/amrl_sunny/ros2_autonomous_vehicle_simulation/install/interfaces_pkg/share/interfaces_pkg/environment/ament_prefix_path.sh\n'}
[0.721693] (interfaces_pkg) StdoutLine: {'line': b'-- Up-to-date symlink: /home/amrl_sunny/ros2_autonomous_vehicle_simulation/install/interfaces_pkg/share/interfaces_pkg/environment/ament_prefix_path.dsv\n'}
[0.721749] (interfaces_pkg) StdoutLine: {'line': b'-- Up-to-date symlink: /home/amrl_sunny/ros2_autonomous_vehicle_simulation/install/interfaces_pkg/share/interfaces_pkg/environment/path.sh\n'}
[0.721805] (interfaces_pkg) StdoutLine: {'line': b'-- Up-to-date symlink: /home/amrl_sunny/ros2_autonomous_vehicle_simulation/install/interfaces_pkg/share/interfaces_pkg/environment/path.dsv\n'}
[0.721857] (interfaces_pkg) StdoutLine: {'line': b'-- Up-to-date symlink: /home/amrl_sunny/ros2_autonomous_vehicle_simulation/install/interfaces_pkg/share/interfaces_pkg/local_setup.bash\n'}
[0.721907] (interfaces_pkg) StdoutLine: {'line': b'-- Up-to-date symlink: /home/amrl_sunny/ros2_autonomous_vehicle_simulation/install/interfaces_pkg/share/interfaces_pkg/local_setup.sh\n'}
[0.721961] (interfaces_pkg) StdoutLine: {'line': b'-- Up-to-date symlink: /home/amrl_sunny/ros2_autonomous_vehicle_simulation/install/interfaces_pkg/share/interfaces_pkg/local_setup.zsh\n'}
[0.722012] (interfaces_pkg) StdoutLine: {'line': b'-- Up-to-date symlink: /home/amrl_sunny/ros2_autonomous_vehicle_simulation/install/interfaces_pkg/share/interfaces_pkg/local_setup.dsv\n'}
[0.722062] (interfaces_pkg) StdoutLine: {'line': b'-- Symlinking: /home/amrl_sunny/ros2_autonomous_vehicle_simulation/install/interfaces_pkg/share/interfaces_pkg/package.dsv\n'}
[0.723522] (interfaces_pkg) StdoutLine: {'line': b'-- Up-to-date symlink: /home/amrl_sunny/ros2_autonomous_vehicle_simulation/install/interfaces_pkg/share/ament_index/resource_index/packages/interfaces_pkg\n'}
[0.723618] (interfaces_pkg) StdoutLine: {'line': b'-- Up-to-date symlink: /home/amrl_sunny/ros2_autonomous_vehicle_simulation/install/interfaces_pkg/share/interfaces_pkg/cmake/rosidl_cmake-extras.cmake\n'}
[0.723688] (interfaces_pkg) StdoutLine: {'line': b'-- Up-to-date symlink: /home/amrl_sunny/ros2_autonomous_vehicle_simulation/install/interfaces_pkg/share/interfaces_pkg/cmake/ament_cmake_export_dependencies-extras.cmake\n'}
[0.723754] (interfaces_pkg) StdoutLine: {'line': b'-- Up-to-date symlink: /home/amrl_sunny/ros2_autonomous_vehicle_simulation/install/interfaces_pkg/share/interfaces_pkg/cmake/ament_cmake_export_include_directories-extras.cmake\n'}
[0.723820] (interfaces_pkg) StdoutLine: {'line': b'-- Up-to-date symlink: /home/amrl_sunny/ros2_autonomous_vehicle_simulation/install/interfaces_pkg/share/interfaces_pkg/cmake/ament_cmake_export_libraries-extras.cmake\n'}
[0.723888] (interfaces_pkg) StdoutLine: {'line': b'-- Up-to-date symlink: /home/amrl_sunny/ros2_autonomous_vehicle_simulation/install/interfaces_pkg/share/interfaces_pkg/cmake/ament_cmake_export_targets-extras.cmake\n'}
[0.723949] (interfaces_pkg) StdoutLine: {'line': b'-- Up-to-date symlink: /home/amrl_sunny/ros2_autonomous_vehicle_simulation/install/interfaces_pkg/share/interfaces_pkg/cmake/rosidl_cmake_export_typesupport_targets-extras.cmake\n'}
[0.724023] (interfaces_pkg) StdoutLine: {'line': b'-- Up-to-date symlink: /home/amrl_sunny/ros2_autonomous_vehicle_simulation/install/interfaces_pkg/share/interfaces_pkg/cmake/rosidl_cmake_export_typesupport_libraries-extras.cmake\n'}
[0.724079] (interfaces_pkg) StdoutLine: {'line': b'-- Up-to-date symlink: /home/amrl_sunny/ros2_autonomous_vehicle_simulation/install/interfaces_pkg/share/interfaces_pkg/cmake/interfaces_pkgConfig.cmake\n'}
[0.724154] (interfaces_pkg) StdoutLine: {'line': b'-- Up-to-date symlink: /home/amrl_sunny/ros2_autonomous_vehicle_simulation/install/interfaces_pkg/share/interfaces_pkg/cmake/interfaces_pkgConfig-version.cmake\n'}
[0.724211] (interfaces_pkg) StdoutLine: {'line': b'-- Up-to-date symlink: /home/amrl_sunny/ros2_autonomous_vehicle_simulation/install/interfaces_pkg/share/interfaces_pkg/package.xml\n'}
[0.724284] (interfaces_pkg) StdoutLine: {'line': b'-- Up-to-date: /home/amrl_sunny/ros2_autonomous_vehicle_simulation/install/interfaces_pkg/lib/libinterfaces_pkg__rosidl_generator_c.so\n'}
[0.724371] (interfaces_pkg) StdoutLine: {'line': b'-- Up-to-date: /home/amrl_sunny/ros2_autonomous_vehicle_simulation/install/interfaces_pkg/lib/libinterfaces_pkg__rosidl_typesupport_fastrtps_c.so\n'}
[0.724471] (interfaces_pkg) StdoutLine: {'line': b'-- Up-to-date: /home/amrl_sunny/ros2_autonomous_vehicle_simulation/install/interfaces_pkg/lib/libinterfaces_pkg__rosidl_typesupport_introspection_c.so\n'}
[0.724557] (interfaces_pkg) StdoutLine: {'line': b'-- Up-to-date: /home/amrl_sunny/ros2_autonomous_vehicle_simulation/install/interfaces_pkg/lib/libinterfaces_pkg__rosidl_typesupport_c.so\n'}
[0.724919] (interfaces_pkg) StdoutLine: {'line': b'-- Up-to-date: /home/amrl_sunny/ros2_autonomous_vehicle_simulation/install/interfaces_pkg/lib/libinterfaces_pkg__rosidl_typesupport_fastrtps_cpp.so\n'}
[0.725284] (interfaces_pkg) StdoutLine: {'line': b'-- Up-to-date: /home/amrl_sunny/ros2_autonomous_vehicle_simulation/install/interfaces_pkg/lib/libinterfaces_pkg__rosidl_typesupport_introspection_cpp.so\n'}
[0.725678] (interfaces_pkg) StdoutLine: {'line': b'-- Up-to-date: /home/amrl_sunny/ros2_autonomous_vehicle_simulation/install/interfaces_pkg/lib/libinterfaces_pkg__rosidl_typesupport_cpp.so\n'}
[0.749600] (interfaces_pkg) StdoutLine: {'line': b"Listing '/home/amrl_sunny/ros2_autonomous_vehicle_simulation/install/interfaces_pkg/local/lib/python3.10/dist-packages/interfaces_pkg'...\n"}
[0.749729] (interfaces_pkg) StdoutLine: {'line': b"Listing '/home/amrl_sunny/ros2_autonomous_vehicle_simulation/install/interfaces_pkg/local/lib/python3.10/dist-packages/interfaces_pkg/msg'...\n"}
[0.751822] (interfaces_pkg) StdoutLine: {'line': b'-- Up-to-date: /home/amrl_sunny/ros2_autonomous_vehicle_simulation/install/interfaces_pkg/lib/libinterfaces_pkg__rosidl_generator_py.so\n'}
[0.752130] (interfaces_pkg) StdoutLine: {'line': b'-- Up-to-date: /home/amrl_sunny/ros2_autonomous_vehicle_simulation/install/interfaces_pkg/share/interfaces_pkg/cmake/export_interfaces_pkg__rosidl_generator_cExport.cmake\n'}
[0.752186] (interfaces_pkg) StdoutLine: {'line': b'-- Up-to-date: /home/amrl_sunny/ros2_autonomous_vehicle_simulation/install/interfaces_pkg/share/interfaces_pkg/cmake/export_interfaces_pkg__rosidl_generator_cExport-noconfig.cmake\n'}
[0.752376] (interfaces_pkg) StdoutLine: {'line': b'-- Up-to-date: /home/amrl_sunny/ros2_autonomous_vehicle_simulation/install/interfaces_pkg/share/interfaces_pkg/cmake/export_interfaces_pkg__rosidl_typesupport_fastrtps_cExport.cmake\n'}
[0.752432] (interfaces_pkg) StdoutLine: {'line': b'-- Up-to-date: /home/amrl_sunny/ros2_autonomous_vehicle_simulation/install/interfaces_pkg/share/interfaces_pkg/cmake/export_interfaces_pkg__rosidl_typesupport_fastrtps_cExport-noconfig.cmake\n'}
[0.752601] (interfaces_pkg) StdoutLine: {'line': b'-- Up-to-date: /home/amrl_sunny/ros2_autonomous_vehicle_simulation/install/interfaces_pkg/share/interfaces_pkg/cmake/interfaces_pkg__rosidl_typesupport_introspection_cExport.cmake\n'}
[0.752654] (interfaces_pkg) StdoutLine: {'line': b'-- Up-to-date: /home/amrl_sunny/ros2_autonomous_vehicle_simulation/install/interfaces_pkg/share/interfaces_pkg/cmake/interfaces_pkg__rosidl_typesupport_introspection_cExport-noconfig.cmake\n'}
[0.752791] (interfaces_pkg) StdoutLine: {'line': b'-- Up-to-date: /home/amrl_sunny/ros2_autonomous_vehicle_simulation/install/interfaces_pkg/share/interfaces_pkg/cmake/interfaces_pkg__rosidl_typesupport_cExport.cmake\n'}
[0.752845] (interfaces_pkg) StdoutLine: {'line': b'-- Up-to-date: /home/amrl_sunny/ros2_autonomous_vehicle_simulation/install/interfaces_pkg/share/interfaces_pkg/cmake/interfaces_pkg__rosidl_typesupport_cExport-noconfig.cmake\n'}
[0.753000] (interfaces_pkg) StdoutLine: {'line': b'-- Up-to-date: /home/amrl_sunny/ros2_autonomous_vehicle_simulation/install/interfaces_pkg/share/interfaces_pkg/cmake/export_interfaces_pkg__rosidl_generator_cppExport.cmake\n'}
[0.753219] (interfaces_pkg) StdoutLine: {'line': b'-- Up-to-date: /home/amrl_sunny/ros2_autonomous_vehicle_simulation/install/interfaces_pkg/share/interfaces_pkg/cmake/export_interfaces_pkg__rosidl_typesupport_fastrtps_cppExport.cmake\n'}
[0.753285] (interfaces_pkg) StdoutLine: {'line': b'-- Up-to-date: /home/amrl_sunny/ros2_autonomous_vehicle_simulation/install/interfaces_pkg/share/interfaces_pkg/cmake/export_interfaces_pkg__rosidl_typesupport_fastrtps_cppExport-noconfig.cmake\n'}
[0.753356] (interfaces_pkg) StdoutLine: {'line': b'-- Up-to-date: /home/amrl_sunny/ros2_autonomous_vehicle_simulation/install/interfaces_pkg/share/interfaces_pkg/cmake/interfaces_pkg__rosidl_typesupport_introspection_cppExport.cmake\n'}
[0.753457] (interfaces_pkg) StdoutLine: {'line': b'-- Up-to-date: /home/amrl_sunny/ros2_autonomous_vehicle_simulation/install/interfaces_pkg/share/interfaces_pkg/cmake/interfaces_pkg__rosidl_typesupport_introspection_cppExport-noconfig.cmake\n'}
[0.753580] (interfaces_pkg) StdoutLine: {'line': b'-- Up-to-date: /home/amrl_sunny/ros2_autonomous_vehicle_simulation/install/interfaces_pkg/share/interfaces_pkg/cmake/interfaces_pkg__rosidl_typesupport_cppExport.cmake\n'}
[0.753645] (interfaces_pkg) StdoutLine: {'line': b'-- Up-to-date: /home/amrl_sunny/ros2_autonomous_vehicle_simulation/install/interfaces_pkg/share/interfaces_pkg/cmake/interfaces_pkg__rosidl_typesupport_cppExport-noconfig.cmake\n'}
[0.753797] (interfaces_pkg) StdoutLine: {'line': b'-- Up-to-date: /home/amrl_sunny/ros2_autonomous_vehicle_simulation/install/interfaces_pkg/share/interfaces_pkg/cmake/export_interfaces_pkg__rosidl_generator_pyExport.cmake\n'}
[0.753866] (interfaces_pkg) StdoutLine: {'line': b'-- Up-to-date: /home/amrl_sunny/ros2_autonomous_vehicle_simulation/install/interfaces_pkg/share/interfaces_pkg/cmake/export_interfaces_pkg__rosidl_generator_pyExport-noconfig.cmake\n'}
[0.755305] (interfaces_pkg) CommandEnded: {'returncode': 0}
[0.768483] (interfaces_pkg) JobEnded: {'identifier': 'interfaces_pkg', 'rc': 0}
[0.801066] (-) TimerEvent: {}
[0.834668] (decision_making_pkg) Command: {'cmd': ['/usr/bin/python3', '-W', 'ignore:setup.py install is deprecated', '-W', 'ignore:easy_install command is deprecated', 'setup.py', 'develop', '--editable', '--build-directory', '/home/amrl_sunny/ros2_autonomous_vehicle_simulation/build/decision_making_pkg/build', '--no-deps', 'symlink_data'], 'cwd': '/home/amrl_sunny/ros2_autonomous_vehicle_simulation/build/decision_making_pkg', 'env': {'LESSOPEN': '| /usr/bin/lesspipe %s', 'LANGUAGE': 'ko:en', 'USER': 'amrl_sunny', 'LC_TIME': 'ko_KR.UTF-8', 'XDG_SESSION_TYPE': 'x11', 'SHLVL': '1', 'LD_LIBRARY_PATH': '/home/amrl_sunny/ros2_autonomous_vehicle_simulation/install/interfaces_pkg/lib:/usr/lib/x86_64-linux-gnu/gazebo-11/plugins:/opt/ros/humble/opt/rviz_ogre_vendor/lib:/opt/ros/humble/lib/x86_64-linux-gnu:/opt/ros/humble/lib', 'HOME': '/home/amrl_sunny', 'OLDPWD': '/home/amrl_sunny', 'DESKTOP_SESSION': 'ubuntu', 'ROS_PYTHON_VERSION': '3', 'GNOME_SHELL_SESSION_MODE': 'ubuntu', 'GTK_MODULES': 'gail:atk-bridge', 'XDG_SEAT_PATH': '/org/freedesktop/DisplayManager/Seat0', 'LC_MONETARY': 'ko_KR.UTF-8', 'SYSTEMD_EXEC_PID': '2068', 'DBUS_SESSION_BUS_ADDRESS': 'unix:path=/run/user/1000/bus', 'COLORTERM': 'truecolor', 'COLCON_PREFIX_PATH': '/home/amrl_sunny/ros2_autonomous_vehicle_simulation/install:/home/amrl_sunny/2025_jacapdi/install', 'ROS_DISTRO': 'humble', 'GTK_IM_MODULE': 'ibus', 'LOGNAME': 'amrl_sunny', '_': '/usr/bin/colcon', 'ROS_VERSION': '2', 'XDG_SESSION_CLASS': 'user', 'TERM': 'xterm-256color', 'GNOME_DESKTOP_SESSION_ID': 'this-is-deprecated', 'ROS_LOCALHOST_ONLY': '0', 'PATH': '/opt/ros/humble/bin:/home/amrl_sunny/.local/bin:/usr/local/sbin:/usr/local/bin:/usr/sbin:/usr/bin:/sbin:/bin:/usr/games:/usr/local/games:/snap/bin', 'SESSION_MANAGER': 'local/amrl-desktop:@/tmp/.ICE-unix/1842,unix/amrl-desktop:/tmp/.ICE-unix/1842', 'GDM_LANG': 'ko', 'PAPERSIZE': 'a4', 'XDG_SESSION_PATH': '/org/freedesktop/DisplayManager/Session0', 'XDG_MENU_PREFIX': 'gnome-', 'LC_ADDRESS': 'ko_KR.UTF-8', 'GNOME_TERMINAL_SCREEN': '/org/gnome/Terminal/screen/6cd5074f_4d35_4689_bb56_934ada4c7cec', 'XDG_RUNTIME_DIR': '/run/user/1000', 'DISPLAY': ':0', 'LANG': 'ko_KR.UTF-8', 'XDG_CURRENT_DESKTOP': 'ubuntu:GNOME', 'LC_TELEPHONE': 'ko_KR.UTF-8', 'XMODIFIERS': '@im=ibus', 'XDG_SESSION_DESKTOP': 'ubuntu', 'XAUTHORITY': '/home/amrl_sunny/.Xauthority', 'LS_COLORS': 'rs=0:di=01;34:ln=01;36:mh=00:pi=40;33:so=01;35:do=01;35:bd=40;33;01:cd=40;33;01:or=40;31;01:mi=00:su=37;41:sg=30;43:ca=30;41:tw=30;42:ow=34;42:st=37;44:ex=01;32:*.tar=01;31:*.tgz=01;31:*.arc=01;31:*.arj=01;31:*.taz=01;31:*.lha=01;31:*.lz4=01;31:*.lzh=01;31:*.lzma=01;31:*.tlz=01;31:*.txz=01;31:*.tzo=01;31:*.t7z=01;31:*.zip=01;31:*.z=01;31:*.dz=01;31:*.gz=01;31:*.lrz=01;31:*.lz=01;31:*.lzo=01;31:*.xz=01;31:*.zst=01;31:*.tzst=01;31:*.bz2=01;31:*.bz=01;31:*.tbz=01;31:*.tbz2=01;31:*.tz=01;31:*.deb=01;31:*.rpm=01;31:*.jar=01;31:*.war=01;31:*.ear=01;31:*.sar=01;31:*.rar=01;31:*.alz=01;31:*.ace=01;31:*.zoo=01;31:*.cpio=01;31:*.7z=01;31:*.rz=01;31:*.cab=01;31:*.wim=01;31:*.swm=01;31:*.dwm=01;31:*.esd=01;31:*.jpg=01;35:*.jpeg=01;35:*.mjpg=01;35:*.mjpeg=01;35:*.gif=01;35:*.bmp=01;35:*.pbm=01;35:*.pgm=01;35:*.ppm=01;35:*.tga=01;35:*.xbm=01;35:*.xpm=01;35:*.tif=01;35:*.tiff=01;35:*.png=01;35:*.svg=01;35:*.svgz=01;35:*.mng=01;35:*.pcx=01;35:*.mov=01;35:*.mpg=01;35:*.mpeg=01;35:*.m2v=01;35:*.mkv=01;35:*.webm=01;35:*.webp=01;35:*.ogm=01;35:*.mp4=01;35:*.m4v=01;35:*.mp4v=01;35:*.vob=01;35:*.qt=01;35:*.nuv=01;35:*.wmv=01;35:*.asf=01;35:*.rm=01;35:*.rmvb=01;35:*.flc=01;35:*.avi=01;35:*.fli=01;35:*.flv=01;35:*.gl=01;35:*.dl=01;35:*.xcf=01;35:*.xwd=01;35:*.yuv=01;35:*.cgm=01;35:*.emf=01;35:*.ogv=01;35:*.ogx=01;35:*.aac=00;36:*.au=00;36:*.flac=00;36:*.m4a=00;36:*.mid=00;36:*.midi=00;36:*.mka=00;36:*.mp3=00;36:*.mpc=00;36:*.ogg=00;36:*.ra=00;36:*.wav=00;36:*.oga=00;36:*.opus=00;36:*.spx=00;36:*.xspf=00;36:', 'GNOME_TERMINAL_SERVICE': ':1.92', 'SSH_AGENT_LAUNCHER': 'gnome-keyring', 'SSH_AUTH_SOCK': '/run/user/1000/keyring/ssh', 'ROS_DOMAIN_ID': '0', 'XDG_GREETER_DATA_DIR': '/var/lib/lightdm-data/amrl_sunny', 'AMENT_PREFIX_PATH': '/home/amrl_sunny/ros2_autonomous_vehicle_simulation/install/simulation_pkg:/home/amrl_sunny/ros2_autonomous_vehicle_simulation/install/lidar_perception_pkg:/home/amrl_sunny/ros2_autonomous_vehicle_simulation/install/interfaces_pkg:/home/amrl_sunny/ros2_autonomous_vehicle_simulation/install/decision_making_pkg:/home/amrl_sunny/ros2_autonomous_vehicle_simulation/install/debug_pkg:/home/amrl_sunny/ros2_autonomous_vehicle_simulation/install/camera_perception_pkg:/home/amrl_sunny/2025_jacapdi/install/simulation_pkg:/home/amrl_sunny/2025_jacapdi/install/decision_making_pkg:/home/amrl_sunny/2025_jacapdi/install/debug_pkg:/home/amrl_sunny/2025_jacapdi/install/camera_perception_pkg:/opt/ros/humble', 'SHELL': '/bin/bash', 'LC_NAME': 'ko_KR.UTF-8', 'QT_ACCESSIBILITY': '1', 'GDMSESSION': 'ubuntu', 'LESSCLOSE': '/usr/bin/lesspipe %s %s', 'LC_MEASUREMENT': 'ko_KR.UTF-8', 'GPG_AGENT_INFO': '/run/user/1000/gnupg/S.gpg-agent:0:1', 'LC_IDENTIFICATION': 'ko_KR.UTF-8', 'QT_IM_MODULE': 'ibus', 'PWD': '/home/amrl_sunny/ros2_autonomous_vehicle_simulation/build/decision_making_pkg', 'LC_ALL': 'en_US.UTF-8', 'XDG_CONFIG_DIRS': '/etc/xdg/xdg-ubuntu:/etc/xdg', 'XDG_DATA_DIRS': '/usr/share/ubuntu:/usr/share/gnome:/usr/local/share:/usr/share:/var/lib/snapd/desktop', 'PYTHONPATH': '/home/amrl_sunny/ros2_autonomous_vehicle_simulation/build/decision_making_pkg/prefix_override:/usr/lib/python3/dist-packages/colcon_core/task/python/colcon_distutils_commands:/home/amrl_sunny/ros2_autonomous_vehicle_simulation/install/decision_making_pkg/lib/python3.10/site-packages:/home/amrl_sunny/ros2_autonomous_vehicle_simulation/build/simulation_pkg:/home/amrl_sunny/ros2_autonomous_vehicle_simulation/install/simulation_pkg/lib/python3.10/site-packages:/home/amrl_sunny/ros2_autonomous_vehicle_simulation/build/lidar_perception_pkg:/home/amrl_sunny/ros2_autonomous_vehicle_simulation/install/lidar_perception_pkg/lib/python3.10/site-packages:/home/amrl_sunny/ros2_autonomous_vehicle_simulation/install/interfaces_pkg/local/lib/python3.10/dist-packages:/home/amrl_sunny/ros2_autonomous_vehicle_simulation/build/decision_making_pkg:/home/amrl_sunny/ros2_autonomous_vehicle_simulation/install/decision_making_pkg/lib/python3.10/site-packages:/home/amrl_sunny/ros2_autonomous_vehicle_simulation/build/debug_pkg:/home/amrl_sunny/ros2_autonomous_vehicle_simulation/install/debug_pkg/lib/python3.10/site-packages:/home/amrl_sunny/ros2_autonomous_vehicle_simulation/build/camera_perception_pkg:/home/amrl_sunny/ros2_autonomous_vehicle_simulation/install/camera_perception_pkg/lib/python3.10/site-packages:/home/amrl_sunny/2025_jacapdi/build/simulation_pkg:/home/amrl_sunny/2025_jacapdi/install/simulation_pkg/lib/python3.10/site-packages:/home/amrl_sunny/2025_jacapdi/build/decision_making_pkg:/home/amrl_sunny/2025_jacapdi/install/decision_making_pkg/lib/python3.10/site-packages:/home/amrl_sunny/2025_jacapdi/build/debug_pkg:/home/amrl_sunny/2025_jacapdi/install/debug_pkg/lib/python3.10/site-packages:/home/amrl_sunny/2025_jacapdi/build/camera_perception_pkg:/home/amrl_sunny/2025_jacapdi/install/camera_perception_pkg/lib/python3.10/site-packages:/opt/ros/humble/lib/python3.10/site-packages:/opt/ros/humble/local/lib/python3.10/dist-packages', 'LC_NUMERIC': 'ko_KR.UTF-8', 'LC_PAPER': 'ko_KR.UTF-8', 'COLCON': '1', 'VTE_VERSION': '6800', 'CMAKE_PREFIX_PATH': '/home/amrl_sunny/ros2_autonomous_vehicle_simulation/install/interfaces_pkg'}, 'shell': False}
[0.835832] (lidar_perception_pkg) Command: {'cmd': ['/usr/bin/python3', '-W', 'ignore:setup.py install is deprecated', '-W', 'ignore:easy_install command is deprecated', 'setup.py', 'develop', '--editable', '--build-directory', '/home/amrl_sunny/ros2_autonomous_vehicle_simulation/build/lidar_perception_pkg/build', '--no-deps', 'symlink_data'], 'cwd': '/home/amrl_sunny/ros2_autonomous_vehicle_simulation/build/lidar_perception_pkg', 'env': {'LESSOPEN': '| /usr/bin/lesspipe %s', 'LANGUAGE': 'ko:en', 'USER': 'amrl_sunny', 'LC_TIME': 'ko_KR.UTF-8', 'XDG_SESSION_TYPE': 'x11', 'SHLVL': '1', 'LD_LIBRARY_PATH': '/home/amrl_sunny/ros2_autonomous_vehicle_simulation/install/interfaces_pkg/lib:/usr/lib/x86_64-linux-gnu/gazebo-11/plugins:/opt/ros/humble/opt/rviz_ogre_vendor/lib:/opt/ros/humble/lib/x86_64-linux-gnu:/opt/ros/humble/lib', 'HOME': '/home/amrl_sunny', 'OLDPWD': '/home/amrl_sunny', 'DESKTOP_SESSION': 'ubuntu', 'ROS_PYTHON_VERSION': '3', 'GNOME_SHELL_SESSION_MODE': 'ubuntu', 'GTK_MODULES': 'gail:atk-bridge', 'XDG_SEAT_PATH': '/org/freedesktop/DisplayManager/Seat0', 'LC_MONETARY': 'ko_KR.UTF-8', 'SYSTEMD_EXEC_PID': '2068', 'DBUS_SESSION_BUS_ADDRESS': 'unix:path=/run/user/1000/bus', 'COLORTERM': 'truecolor', 'COLCON_PREFIX_PATH': '/home/amrl_sunny/ros2_autonomous_vehicle_simulation/install:/home/amrl_sunny/2025_jacapdi/install', 'ROS_DISTRO': 'humble', 'GTK_IM_MODULE': 'ibus', 'LOGNAME': 'amrl_sunny', '_': '/usr/bin/colcon', 'ROS_VERSION': '2', 'XDG_SESSION_CLASS': 'user', 'TERM': 'xterm-256color', 'GNOME_DESKTOP_SESSION_ID': 'this-is-deprecated', 'ROS_LOCALHOST_ONLY': '0', 'PATH': '/opt/ros/humble/bin:/home/amrl_sunny/.local/bin:/usr/local/sbin:/usr/local/bin:/usr/sbin:/usr/bin:/sbin:/bin:/usr/games:/usr/local/games:/snap/bin', 'SESSION_MANAGER': 'local/amrl-desktop:@/tmp/.ICE-unix/1842,unix/amrl-desktop:/tmp/.ICE-unix/1842', 'GDM_LANG': 'ko', 'PAPERSIZE': 'a4', 'XDG_SESSION_PATH': '/org/freedesktop/DisplayManager/Session0', 'XDG_MENU_PREFIX': 'gnome-', 'LC_ADDRESS': 'ko_KR.UTF-8', 'GNOME_TERMINAL_SCREEN': '/org/gnome/Terminal/screen/6cd5074f_4d35_4689_bb56_934ada4c7cec', 'XDG_RUNTIME_DIR': '/run/user/1000', 'DISPLAY': ':0', 'LANG': 'ko_KR.UTF-8', 'XDG_CURRENT_DESKTOP': 'ubuntu:GNOME', 'LC_TELEPHONE': 'ko_KR.UTF-8', 'XMODIFIERS': '@im=ibus', 'XDG_SESSION_DESKTOP': 'ubuntu', 'XAUTHORITY': '/home/amrl_sunny/.Xauthority', 'LS_COLORS': 'rs=0:di=01;34:ln=01;36:mh=00:pi=40;33:so=01;35:do=01;35:bd=40;33;01:cd=40;33;01:or=40;31;01:mi=00:su=37;41:sg=30;43:ca=30;41:tw=30;42:ow=34;42:st=37;44:ex=01;32:*.tar=01;31:*.tgz=01;31:*.arc=01;31:*.arj=01;31:*.taz=01;31:*.lha=01;31:*.lz4=01;31:*.lzh=01;31:*.lzma=01;31:*.tlz=01;31:*.txz=01;31:*.tzo=01;31:*.t7z=01;31:*.zip=01;31:*.z=01;31:*.dz=01;31:*.gz=01;31:*.lrz=01;31:*.lz=01;31:*.lzo=01;31:*.xz=01;31:*.zst=01;31:*.tzst=01;31:*.bz2=01;31:*.bz=01;31:*.tbz=01;31:*.tbz2=01;31:*.tz=01;31:*.deb=01;31:*.rpm=01;31:*.jar=01;31:*.war=01;31:*.ear=01;31:*.sar=01;31:*.rar=01;31:*.alz=01;31:*.ace=01;31:*.zoo=01;31:*.cpio=01;31:*.7z=01;31:*.rz=01;31:*.cab=01;31:*.wim=01;31:*.swm=01;31:*.dwm=01;31:*.esd=01;31:*.jpg=01;35:*.jpeg=01;35:*.mjpg=01;35:*.mjpeg=01;35:*.gif=01;35:*.bmp=01;35:*.pbm=01;35:*.pgm=01;35:*.ppm=01;35:*.tga=01;35:*.xbm=01;35:*.xpm=01;35:*.tif=01;35:*.tiff=01;35:*.png=01;35:*.svg=01;35:*.svgz=01;35:*.mng=01;35:*.pcx=01;35:*.mov=01;35:*.mpg=01;35:*.mpeg=01;35:*.m2v=01;35:*.mkv=01;35:*.webm=01;35:*.webp=01;35:*.ogm=01;35:*.mp4=01;35:*.m4v=01;35:*.mp4v=01;35:*.vob=01;35:*.qt=01;35:*.nuv=01;35:*.wmv=01;35:*.asf=01;35:*.rm=01;35:*.rmvb=01;35:*.flc=01;35:*.avi=01;35:*.fli=01;35:*.flv=01;35:*.gl=01;35:*.dl=01;35:*.xcf=01;35:*.xwd=01;35:*.yuv=01;35:*.cgm=01;35:*.emf=01;35:*.ogv=01;35:*.ogx=01;35:*.aac=00;36:*.au=00;36:*.flac=00;36:*.m4a=00;36:*.mid=00;36:*.midi=00;36:*.mka=00;36:*.mp3=00;36:*.mpc=00;36:*.ogg=00;36:*.ra=00;36:*.wav=00;36:*.oga=00;36:*.opus=00;36:*.spx=00;36:*.xspf=00;36:', 'GNOME_TERMINAL_SERVICE': ':1.92', 'SSH_AGENT_LAUNCHER': 'gnome-keyring', 'SSH_AUTH_SOCK': '/run/user/1000/keyring/ssh', 'ROS_DOMAIN_ID': '0', 'XDG_GREETER_DATA_DIR': '/var/lib/lightdm-data/amrl_sunny', 'AMENT_PREFIX_PATH': '/home/amrl_sunny/ros2_autonomous_vehicle_simulation/install/simulation_pkg:/home/amrl_sunny/ros2_autonomous_vehicle_simulation/install/lidar_perception_pkg:/home/amrl_sunny/ros2_autonomous_vehicle_simulation/install/interfaces_pkg:/home/amrl_sunny/ros2_autonomous_vehicle_simulation/install/decision_making_pkg:/home/amrl_sunny/ros2_autonomous_vehicle_simulation/install/debug_pkg:/home/amrl_sunny/ros2_autonomous_vehicle_simulation/install/camera_perception_pkg:/home/amrl_sunny/2025_jacapdi/install/simulation_pkg:/home/amrl_sunny/2025_jacapdi/install/decision_making_pkg:/home/amrl_sunny/2025_jacapdi/install/debug_pkg:/home/amrl_sunny/2025_jacapdi/install/camera_perception_pkg:/opt/ros/humble', 'SHELL': '/bin/bash', 'LC_NAME': 'ko_KR.UTF-8', 'QT_ACCESSIBILITY': '1', 'GDMSESSION': 'ubuntu', 'LESSCLOSE': '/usr/bin/lesspipe %s %s', 'LC_MEASUREMENT': 'ko_KR.UTF-8', 'GPG_AGENT_INFO': '/run/user/1000/gnupg/S.gpg-agent:0:1', 'LC_IDENTIFICATION': 'ko_KR.UTF-8', 'QT_IM_MODULE': 'ibus', 'PWD': '/home/amrl_sunny/ros2_autonomous_vehicle_simulation/build/lidar_perception_pkg', 'LC_ALL': 'en_US.UTF-8', 'XDG_CONFIG_DIRS': '/etc/xdg/xdg-ubuntu:/etc/xdg', 'XDG_DATA_DIRS': '/usr/share/ubuntu:/usr/share/gnome:/usr/local/share:/usr/share:/var/lib/snapd/desktop', 'PYTHONPATH': '/home/amrl_sunny/ros2_autonomous_vehicle_simulation/build/lidar_perception_pkg/prefix_override:/usr/lib/python3/dist-packages/colcon_core/task/python/colcon_distutils_commands:/home/amrl_sunny/ros2_autonomous_vehicle_simulation/install/lidar_perception_pkg/lib/python3.10/site-packages:/home/amrl_sunny/ros2_autonomous_vehicle_simulation/build/simulation_pkg:/home/amrl_sunny/ros2_autonomous_vehicle_simulation/install/simulation_pkg/lib/python3.10/site-packages:/home/amrl_sunny/ros2_autonomous_vehicle_simulation/build/lidar_perception_pkg:/home/amrl_sunny/ros2_autonomous_vehicle_simulation/install/lidar_perception_pkg/lib/python3.10/site-packages:/home/amrl_sunny/ros2_autonomous_vehicle_simulation/install/interfaces_pkg/local/lib/python3.10/dist-packages:/home/amrl_sunny/ros2_autonomous_vehicle_simulation/build/decision_making_pkg:/home/amrl_sunny/ros2_autonomous_vehicle_simulation/install/decision_making_pkg/lib/python3.10/site-packages:/home/amrl_sunny/ros2_autonomous_vehicle_simulation/build/debug_pkg:/home/amrl_sunny/ros2_autonomous_vehicle_simulation/install/debug_pkg/lib/python3.10/site-packages:/home/amrl_sunny/ros2_autonomous_vehicle_simulation/build/camera_perception_pkg:/home/amrl_sunny/ros2_autonomous_vehicle_simulation/install/camera_perception_pkg/lib/python3.10/site-packages:/home/amrl_sunny/2025_jacapdi/build/simulation_pkg:/home/amrl_sunny/2025_jacapdi/install/simulation_pkg/lib/python3.10/site-packages:/home/amrl_sunny/2025_jacapdi/build/decision_making_pkg:/home/amrl_sunny/2025_jacapdi/install/decision_making_pkg/lib/python3.10/site-packages:/home/amrl_sunny/2025_jacapdi/build/debug_pkg:/home/amrl_sunny/2025_jacapdi/install/debug_pkg/lib/python3.10/site-packages:/home/amrl_sunny/2025_jacapdi/build/camera_perception_pkg:/home/amrl_sunny/2025_jacapdi/install/camera_perception_pkg/lib/python3.10/site-packages:/opt/ros/humble/lib/python3.10/site-packages:/opt/ros/humble/local/lib/python3.10/dist-packages', 'LC_NUMERIC': 'ko_KR.UTF-8', 'LC_PAPER': 'ko_KR.UTF-8', 'COLCON': '1', 'VTE_VERSION': '6800', 'CMAKE_PREFIX_PATH': '/home/amrl_sunny/ros2_autonomous_vehicle_simulation/install/interfaces_pkg'}, 'shell': False}
[0.836849] (debug_pkg) Command: {'cmd': ['/usr/bin/python3', '-W', 'ignore:setup.py install is deprecated', '-W', 'ignore:easy_install command is deprecated', 'setup.py', 'develop', '--editable', '--build-directory', '/home/amrl_sunny/ros2_autonomous_vehicle_simulation/build/debug_pkg/build', '--no-deps', 'symlink_data'], 'cwd': '/home/amrl_sunny/ros2_autonomous_vehicle_simulation/build/debug_pkg', 'env': {'LESSOPEN': '| /usr/bin/lesspipe %s', 'LANGUAGE': 'ko:en', 'USER': 'amrl_sunny', 'LC_TIME': 'ko_KR.UTF-8', 'XDG_SESSION_TYPE': 'x11', 'SHLVL': '1', 'LD_LIBRARY_PATH': '/home/amrl_sunny/ros2_autonomous_vehicle_simulation/install/interfaces_pkg/lib:/usr/lib/x86_64-linux-gnu/gazebo-11/plugins:/opt/ros/humble/opt/rviz_ogre_vendor/lib:/opt/ros/humble/lib/x86_64-linux-gnu:/opt/ros/humble/lib', 'HOME': '/home/amrl_sunny', 'OLDPWD': '/home/amrl_sunny', 'DESKTOP_SESSION': 'ubuntu', 'ROS_PYTHON_VERSION': '3', 'GNOME_SHELL_SESSION_MODE': 'ubuntu', 'GTK_MODULES': 'gail:atk-bridge', 'XDG_SEAT_PATH': '/org/freedesktop/DisplayManager/Seat0', 'LC_MONETARY': 'ko_KR.UTF-8', 'SYSTEMD_EXEC_PID': '2068', 'DBUS_SESSION_BUS_ADDRESS': 'unix:path=/run/user/1000/bus', 'COLORTERM': 'truecolor', 'COLCON_PREFIX_PATH': '/home/amrl_sunny/ros2_autonomous_vehicle_simulation/install:/home/amrl_sunny/2025_jacapdi/install', 'ROS_DISTRO': 'humble', 'GTK_IM_MODULE': 'ibus', 'LOGNAME': 'amrl_sunny', '_': '/usr/bin/colcon', 'ROS_VERSION': '2', 'XDG_SESSION_CLASS': 'user', 'TERM': 'xterm-256color', 'GNOME_DESKTOP_SESSION_ID': 'this-is-deprecated', 'ROS_LOCALHOST_ONLY': '0', 'PATH': '/opt/ros/humble/bin:/home/amrl_sunny/.local/bin:/usr/local/sbin:/usr/local/bin:/usr/sbin:/usr/bin:/sbin:/bin:/usr/games:/usr/local/games:/snap/bin', 'SESSION_MANAGER': 'local/amrl-desktop:@/tmp/.ICE-unix/1842,unix/amrl-desktop:/tmp/.ICE-unix/1842', 'GDM_LANG': 'ko', 'PAPERSIZE': 'a4', 'XDG_SESSION_PATH': '/org/freedesktop/DisplayManager/Session0', 'XDG_MENU_PREFIX': 'gnome-', 'LC_ADDRESS': 'ko_KR.UTF-8', 'GNOME_TERMINAL_SCREEN': '/org/gnome/Terminal/screen/6cd5074f_4d35_4689_bb56_934ada4c7cec', 'XDG_RUNTIME_DIR': '/run/user/1000', 'DISPLAY': ':0', 'LANG': 'ko_KR.UTF-8', 'XDG_CURRENT_DESKTOP': 'ubuntu:GNOME', 'LC_TELEPHONE': 'ko_KR.UTF-8', 'XMODIFIERS': '@im=ibus', 'XDG_SESSION_DESKTOP': 'ubuntu', 'XAUTHORITY': '/home/amrl_sunny/.Xauthority', 'LS_COLORS': 'rs=0:di=01;34:ln=01;36:mh=00:pi=40;33:so=01;35:do=01;35:bd=40;33;01:cd=40;33;01:or=40;31;01:mi=00:su=37;41:sg=30;43:ca=30;41:tw=30;42:ow=34;42:st=37;44:ex=01;32:*.tar=01;31:*.tgz=01;31:*.arc=01;31:*.arj=01;31:*.taz=01;31:*.lha=01;31:*.lz4=01;31:*.lzh=01;31:*.lzma=01;31:*.tlz=01;31:*.txz=01;31:*.tzo=01;31:*.t7z=01;31:*.zip=01;31:*.z=01;31:*.dz=01;31:*.gz=01;31:*.lrz=01;31:*.lz=01;31:*.lzo=01;31:*.xz=01;31:*.zst=01;31:*.tzst=01;31:*.bz2=01;31:*.bz=01;31:*.tbz=01;31:*.tbz2=01;31:*.tz=01;31:*.deb=01;31:*.rpm=01;31:*.jar=01;31:*.war=01;31:*.ear=01;31:*.sar=01;31:*.rar=01;31:*.alz=01;31:*.ace=01;31:*.zoo=01;31:*.cpio=01;31:*.7z=01;31:*.rz=01;31:*.cab=01;31:*.wim=01;31:*.swm=01;31:*.dwm=01;31:*.esd=01;31:*.jpg=01;35:*.jpeg=01;35:*.mjpg=01;35:*.mjpeg=01;35:*.gif=01;35:*.bmp=01;35:*.pbm=01;35:*.pgm=01;35:*.ppm=01;35:*.tga=01;35:*.xbm=01;35:*.xpm=01;35:*.tif=01;35:*.tiff=01;35:*.png=01;35:*.svg=01;35:*.svgz=01;35:*.mng=01;35:*.pcx=01;35:*.mov=01;35:*.mpg=01;35:*.mpeg=01;35:*.m2v=01;35:*.mkv=01;35:*.webm=01;35:*.webp=01;35:*.ogm=01;35:*.mp4=01;35:*.m4v=01;35:*.mp4v=01;35:*.vob=01;35:*.qt=01;35:*.nuv=01;35:*.wmv=01;35:*.asf=01;35:*.rm=01;35:*.rmvb=01;35:*.flc=01;35:*.avi=01;35:*.fli=01;35:*.flv=01;35:*.gl=01;35:*.dl=01;35:*.xcf=01;35:*.xwd=01;35:*.yuv=01;35:*.cgm=01;35:*.emf=01;35:*.ogv=01;35:*.ogx=01;35:*.aac=00;36:*.au=00;36:*.flac=00;36:*.m4a=00;36:*.mid=00;36:*.midi=00;36:*.mka=00;36:*.mp3=00;36:*.mpc=00;36:*.ogg=00;36:*.ra=00;36:*.wav=00;36:*.oga=00;36:*.opus=00;36:*.spx=00;36:*.xspf=00;36:', 'GNOME_TERMINAL_SERVICE': ':1.92', 'SSH_AGENT_LAUNCHER': 'gnome-keyring', 'SSH_AUTH_SOCK': '/run/user/1000/keyring/ssh', 'ROS_DOMAIN_ID': '0', 'XDG_GREETER_DATA_DIR': '/var/lib/lightdm-data/amrl_sunny', 'AMENT_PREFIX_PATH': '/home/amrl_sunny/ros2_autonomous_vehicle_simulation/install/simulation_pkg:/home/amrl_sunny/ros2_autonomous_vehicle_simulation/install/lidar_perception_pkg:/home/amrl_sunny/ros2_autonomous_vehicle_simulation/install/interfaces_pkg:/home/amrl_sunny/ros2_autonomous_vehicle_simulation/install/decision_making_pkg:/home/amrl_sunny/ros2_autonomous_vehicle_simulation/install/debug_pkg:/home/amrl_sunny/ros2_autonomous_vehicle_simulation/install/camera_perception_pkg:/home/amrl_sunny/2025_jacapdi/install/simulation_pkg:/home/amrl_sunny/2025_jacapdi/install/decision_making_pkg:/home/amrl_sunny/2025_jacapdi/install/debug_pkg:/home/amrl_sunny/2025_jacapdi/install/camera_perception_pkg:/opt/ros/humble', 'SHELL': '/bin/bash', 'LC_NAME': 'ko_KR.UTF-8', 'QT_ACCESSIBILITY': '1', 'GDMSESSION': 'ubuntu', 'LESSCLOSE': '/usr/bin/lesspipe %s %s', 'LC_MEASUREMENT': 'ko_KR.UTF-8', 'GPG_AGENT_INFO': '/run/user/1000/gnupg/S.gpg-agent:0:1', 'LC_IDENTIFICATION': 'ko_KR.UTF-8', 'QT_IM_MODULE': 'ibus', 'PWD': '/home/amrl_sunny/ros2_autonomous_vehicle_simulation/build/debug_pkg', 'LC_ALL': 'en_US.UTF-8', 'XDG_CONFIG_DIRS': '/etc/xdg/xdg-ubuntu:/etc/xdg', 'XDG_DATA_DIRS': '/usr/share/ubuntu:/usr/share/gnome:/usr/local/share:/usr/share:/var/lib/snapd/desktop', 'PYTHONPATH': '/home/amrl_sunny/ros2_autonomous_vehicle_simulation/build/debug_pkg/prefix_override:/usr/lib/python3/dist-packages/colcon_core/task/python/colcon_distutils_commands:/home/amrl_sunny/ros2_autonomous_vehicle_simulation/install/debug_pkg/lib/python3.10/site-packages:/home/amrl_sunny/ros2_autonomous_vehicle_simulation/build/simulation_pkg:/home/amrl_sunny/ros2_autonomous_vehicle_simulation/install/simulation_pkg/lib/python3.10/site-packages:/home/amrl_sunny/ros2_autonomous_vehicle_simulation/build/lidar_perception_pkg:/home/amrl_sunny/ros2_autonomous_vehicle_simulation/install/lidar_perception_pkg/lib/python3.10/site-packages:/home/amrl_sunny/ros2_autonomous_vehicle_simulation/install/interfaces_pkg/local/lib/python3.10/dist-packages:/home/amrl_sunny/ros2_autonomous_vehicle_simulation/build/decision_making_pkg:/home/amrl_sunny/ros2_autonomous_vehicle_simulation/install/decision_making_pkg/lib/python3.10/site-packages:/home/amrl_sunny/ros2_autonomous_vehicle_simulation/build/debug_pkg:/home/amrl_sunny/ros2_autonomous_vehicle_simulation/install/debug_pkg/lib/python3.10/site-packages:/home/amrl_sunny/ros2_autonomous_vehicle_simulation/build/camera_perception_pkg:/home/amrl_sunny/ros2_autonomous_vehicle_simulation/install/camera_perception_pkg/lib/python3.10/site-packages:/home/amrl_sunny/2025_jacapdi/build/simulation_pkg:/home/amrl_sunny/2025_jacapdi/install/simulation_pkg/lib/python3.10/site-packages:/home/amrl_sunny/2025_jacapdi/build/decision_making_pkg:/home/amrl_sunny/2025_jacapdi/install/decision_making_pkg/lib/python3.10/site-packages:/home/amrl_sunny/2025_jacapdi/build/debug_pkg:/home/amrl_sunny/2025_jacapdi/install/debug_pkg/lib/python3.10/site-packages:/home/amrl_sunny/2025_jacapdi/build/camera_perception_pkg:/home/amrl_sunny/2025_jacapdi/install/camera_perception_pkg/lib/python3.10/site-packages:/opt/ros/humble/lib/python3.10/site-packages:/opt/ros/humble/local/lib/python3.10/dist-packages', 'LC_NUMERIC': 'ko_KR.UTF-8', 'LC_PAPER': 'ko_KR.UTF-8', 'COLCON': '1', 'VTE_VERSION': '6800', 'CMAKE_PREFIX_PATH': '/home/amrl_sunny/ros2_autonomous_vehicle_simulation/install/interfaces_pkg'}, 'shell': False}
[0.837883] (camera_perception_pkg) Command: {'cmd': ['/usr/bin/python3', '-W', 'ignore:setup.py install is deprecated', '-W', 'ignore:easy_install command is deprecated', 'setup.py', 'develop', '--editable', '--build-directory', '/home/amrl_sunny/ros2_autonomous_vehicle_simulation/build/camera_perception_pkg/build', '--no-deps', 'symlink_data'], 'cwd': '/home/amrl_sunny/ros2_autonomous_vehicle_simulation/build/camera_perception_pkg', 'env': {'LESSOPEN': '| /usr/bin/lesspipe %s', 'LANGUAGE': 'ko:en', 'USER': 'amrl_sunny', 'LC_TIME': 'ko_KR.UTF-8', 'XDG_SESSION_TYPE': 'x11', 'SHLVL': '1', 'LD_LIBRARY_PATH': '/home/amrl_sunny/ros2_autonomous_vehicle_simulation/install/interfaces_pkg/lib:/usr/lib/x86_64-linux-gnu/gazebo-11/plugins:/opt/ros/humble/opt/rviz_ogre_vendor/lib:/opt/ros/humble/lib/x86_64-linux-gnu:/opt/ros/humble/lib', 'HOME': '/home/amrl_sunny', 'OLDPWD': '/home/amrl_sunny', 'DESKTOP_SESSION': 'ubuntu', 'ROS_PYTHON_VERSION': '3', 'GNOME_SHELL_SESSION_MODE': 'ubuntu', 'GTK_MODULES': 'gail:atk-bridge', 'XDG_SEAT_PATH': '/org/freedesktop/DisplayManager/Seat0', 'LC_MONETARY': 'ko_KR.UTF-8', 'SYSTEMD_EXEC_PID': '2068', 'DBUS_SESSION_BUS_ADDRESS': 'unix:path=/run/user/1000/bus', 'COLORTERM': 'truecolor', 'COLCON_PREFIX_PATH': '/home/amrl_sunny/ros2_autonomous_vehicle_simulation/install:/home/amrl_sunny/2025_jacapdi/install', 'ROS_DISTRO': 'humble', 'GTK_IM_MODULE': 'ibus', 'LOGNAME': 'amrl_sunny', '_': '/usr/bin/colcon', 'ROS_VERSION': '2', 'XDG_SESSION_CLASS': 'user', 'TERM': 'xterm-256color', 'GNOME_DESKTOP_SESSION_ID': 'this-is-deprecated', 'ROS_LOCALHOST_ONLY': '0', 'PATH': '/opt/ros/humble/bin:/home/amrl_sunny/.local/bin:/usr/local/sbin:/usr/local/bin:/usr/sbin:/usr/bin:/sbin:/bin:/usr/games:/usr/local/games:/snap/bin', 'SESSION_MANAGER': 'local/amrl-desktop:@/tmp/.ICE-unix/1842,unix/amrl-desktop:/tmp/.ICE-unix/1842', 'GDM_LANG': 'ko', 'PAPERSIZE': 'a4', 'XDG_SESSION_PATH': '/org/freedesktop/DisplayManager/Session0', 'XDG_MENU_PREFIX': 'gnome-', 'LC_ADDRESS': 'ko_KR.UTF-8', 'GNOME_TERMINAL_SCREEN': '/org/gnome/Terminal/screen/6cd5074f_4d35_4689_bb56_934ada4c7cec', 'XDG_RUNTIME_DIR': '/run/user/1000', 'DISPLAY': ':0', 'LANG': 'ko_KR.UTF-8', 'XDG_CURRENT_DESKTOP': 'ubuntu:GNOME', 'LC_TELEPHONE': 'ko_KR.UTF-8', 'XMODIFIERS': '@im=ibus', 'XDG_SESSION_DESKTOP': 'ubuntu', 'XAUTHORITY': '/home/amrl_sunny/.Xauthority', 'LS_COLORS': 'rs=0:di=01;34:ln=01;36:mh=00:pi=40;33:so=01;35:do=01;35:bd=40;33;01:cd=40;33;01:or=40;31;01:mi=00:su=37;41:sg=30;43:ca=30;41:tw=30;42:ow=34;42:st=37;44:ex=01;32:*.tar=01;31:*.tgz=01;31:*.arc=01;31:*.arj=01;31:*.taz=01;31:*.lha=01;31:*.lz4=01;31:*.lzh=01;31:*.lzma=01;31:*.tlz=01;31:*.txz=01;31:*.tzo=01;31:*.t7z=01;31:*.zip=01;31:*.z=01;31:*.dz=01;31:*.gz=01;31:*.lrz=01;31:*.lz=01;31:*.lzo=01;31:*.xz=01;31:*.zst=01;31:*.tzst=01;31:*.bz2=01;31:*.bz=01;31:*.tbz=01;31:*.tbz2=01;31:*.tz=01;31:*.deb=01;31:*.rpm=01;31:*.jar=01;31:*.war=01;31:*.ear=01;31:*.sar=01;31:*.rar=01;31:*.alz=01;31:*.ace=01;31:*.zoo=01;31:*.cpio=01;31:*.7z=01;31:*.rz=01;31:*.cab=01;31:*.wim=01;31:*.swm=01;31:*.dwm=01;31:*.esd=01;31:*.jpg=01;35:*.jpeg=01;35:*.mjpg=01;35:*.mjpeg=01;35:*.gif=01;35:*.bmp=01;35:*.pbm=01;35:*.pgm=01;35:*.ppm=01;35:*.tga=01;35:*.xbm=01;35:*.xpm=01;35:*.tif=01;35:*.tiff=01;35:*.png=01;35:*.svg=01;35:*.svgz=01;35:*.mng=01;35:*.pcx=01;35:*.mov=01;35:*.mpg=01;35:*.mpeg=01;35:*.m2v=01;35:*.mkv=01;35:*.webm=01;35:*.webp=01;35:*.ogm=01;35:*.mp4=01;35:*.m4v=01;35:*.mp4v=01;35:*.vob=01;35:*.qt=01;35:*.nuv=01;35:*.wmv=01;35:*.asf=01;35:*.rm=01;35:*.rmvb=01;35:*.flc=01;35:*.avi=01;35:*.fli=01;35:*.flv=01;35:*.gl=01;35:*.dl=01;35:*.xcf=01;35:*.xwd=01;35:*.yuv=01;35:*.cgm=01;35:*.emf=01;35:*.ogv=01;35:*.ogx=01;35:*.aac=00;36:*.au=00;36:*.flac=00;36:*.m4a=00;36:*.mid=00;36:*.midi=00;36:*.mka=00;36:*.mp3=00;36:*.mpc=00;36:*.ogg=00;36:*.ra=00;36:*.wav=00;36:*.oga=00;36:*.opus=00;36:*.spx=00;36:*.xspf=00;36:', 'GNOME_TERMINAL_SERVICE': ':1.92', 'SSH_AGENT_LAUNCHER': 'gnome-keyring', 'SSH_AUTH_SOCK': '/run/user/1000/keyring/ssh', 'ROS_DOMAIN_ID': '0', 'XDG_GREETER_DATA_DIR': '/var/lib/lightdm-data/amrl_sunny', 'AMENT_PREFIX_PATH': '/home/amrl_sunny/ros2_autonomous_vehicle_simulation/install/simulation_pkg:/home/amrl_sunny/ros2_autonomous_vehicle_simulation/install/lidar_perception_pkg:/home/amrl_sunny/ros2_autonomous_vehicle_simulation/install/interfaces_pkg:/home/amrl_sunny/ros2_autonomous_vehicle_simulation/install/decision_making_pkg:/home/amrl_sunny/ros2_autonomous_vehicle_simulation/install/debug_pkg:/home/amrl_sunny/ros2_autonomous_vehicle_simulation/install/camera_perception_pkg:/home/amrl_sunny/2025_jacapdi/install/simulation_pkg:/home/amrl_sunny/2025_jacapdi/install/decision_making_pkg:/home/amrl_sunny/2025_jacapdi/install/debug_pkg:/home/amrl_sunny/2025_jacapdi/install/camera_perception_pkg:/opt/ros/humble', 'SHELL': '/bin/bash', 'LC_NAME': 'ko_KR.UTF-8', 'QT_ACCESSIBILITY': '1', 'GDMSESSION': 'ubuntu', 'LESSCLOSE': '/usr/bin/lesspipe %s %s', 'LC_MEASUREMENT': 'ko_KR.UTF-8', 'GPG_AGENT_INFO': '/run/user/1000/gnupg/S.gpg-agent:0:1', 'LC_IDENTIFICATION': 'ko_KR.UTF-8', 'QT_IM_MODULE': 'ibus', 'PWD': '/home/amrl_sunny/ros2_autonomous_vehicle_simulation/build/camera_perception_pkg', 'LC_ALL': 'en_US.UTF-8', 'XDG_CONFIG_DIRS': '/etc/xdg/xdg-ubuntu:/etc/xdg', 'XDG_DATA_DIRS': '/usr/share/ubuntu:/usr/share/gnome:/usr/local/share:/usr/share:/var/lib/snapd/desktop', 'PYTHONPATH': '/home/amrl_sunny/ros2_autonomous_vehicle_simulation/build/camera_perception_pkg/prefix_override:/usr/lib/python3/dist-packages/colcon_core/task/python/colcon_distutils_commands:/home/amrl_sunny/ros2_autonomous_vehicle_simulation/install/camera_perception_pkg/lib/python3.10/site-packages:/home/amrl_sunny/ros2_autonomous_vehicle_simulation/build/simulation_pkg:/home/amrl_sunny/ros2_autonomous_vehicle_simulation/install/simulation_pkg/lib/python3.10/site-packages:/home/amrl_sunny/ros2_autonomous_vehicle_simulation/build/lidar_perception_pkg:/home/amrl_sunny/ros2_autonomous_vehicle_simulation/install/lidar_perception_pkg/lib/python3.10/site-packages:/home/amrl_sunny/ros2_autonomous_vehicle_simulation/install/interfaces_pkg/local/lib/python3.10/dist-packages:/home/amrl_sunny/ros2_autonomous_vehicle_simulation/build/decision_making_pkg:/home/amrl_sunny/ros2_autonomous_vehicle_simulation/install/decision_making_pkg/lib/python3.10/site-packages:/home/amrl_sunny/ros2_autonomous_vehicle_simulation/build/debug_pkg:/home/amrl_sunny/ros2_autonomous_vehicle_simulation/install/debug_pkg/lib/python3.10/site-packages:/home/amrl_sunny/ros2_autonomous_vehicle_simulation/build/camera_perception_pkg:/home/amrl_sunny/ros2_autonomous_vehicle_simulation/install/camera_perception_pkg/lib/python3.10/site-packages:/home/amrl_sunny/2025_jacapdi/build/simulation_pkg:/home/amrl_sunny/2025_jacapdi/install/simulation_pkg/lib/python3.10/site-packages:/home/amrl_sunny/2025_jacapdi/build/decision_making_pkg:/home/amrl_sunny/2025_jacapdi/install/decision_making_pkg/lib/python3.10/site-packages:/home/amrl_sunny/2025_jacapdi/build/debug_pkg:/home/amrl_sunny/2025_jacapdi/install/debug_pkg/lib/python3.10/site-packages:/home/amrl_sunny/2025_jacapdi/build/camera_perception_pkg:/home/amrl_sunny/2025_jacapdi/install/camera_perception_pkg/lib/python3.10/site-packages:/opt/ros/humble/lib/python3.10/site-packages:/opt/ros/humble/local/lib/python3.10/dist-packages', 'LC_NUMERIC': 'ko_KR.UTF-8', 'LC_PAPER': 'ko_KR.UTF-8', 'COLCON': '1', 'VTE_VERSION': '6800', 'CMAKE_PREFIX_PATH': '/home/amrl_sunny/ros2_autonomous_vehicle_simulation/install/interfaces_pkg'}, 'shell': False}
[0.901203] (-) TimerEvent: {}
[0.981685] (lidar_perception_pkg) StdoutLine: {'line': b'running develop\n'}
[0.981991] (camera_perception_pkg) StdoutLine: {'line': b'running develop\n'}
[0.982070] (debug_pkg) StdoutLine: {'line': b'running develop\n'}
[0.982140] (decision_making_pkg) StdoutLine: {'line': b'running develop\n'}
[1.001340] (-) TimerEvent: {}
[1.078067] (decision_making_pkg) StdoutLine: {'line': b'running egg_info\n'}
[1.078252] (decision_making_pkg) StdoutLine: {'line': b'writing decision_making_pkg.egg-info/PKG-INFO\n'}
[1.078317] (camera_perception_pkg) StdoutLine: {'line': b'running egg_info\n'}
[1.078473] (decision_making_pkg) StdoutLine: {'line': b'writing dependency_links to decision_making_pkg.egg-info/dependency_links.txt\n'}
[1.078702] (camera_perception_pkg) StdoutLine: {'line': b'writing camera_perception_pkg.egg-info/PKG-INFO\n'}
[1.078766] (decision_making_pkg) StdoutLine: {'line': b'writing entry points to decision_making_pkg.egg-info/entry_points.txt\n'}
[1.078819] (decision_making_pkg) StdoutLine: {'line': b'writing requirements to decision_making_pkg.egg-info/requires.txt\n'}
[1.078898] (decision_making_pkg) StdoutLine: {'line': b'writing top-level names to decision_making_pkg.egg-info/top_level.txt\n'}
[1.078950] (camera_perception_pkg) StdoutLine: {'line': b'writing dependency_links to camera_perception_pkg.egg-info/dependency_links.txt\n'}
[1.079001] (camera_perception_pkg) StdoutLine: {'line': b'writing entry points to camera_perception_pkg.egg-info/entry_points.txt\n'}
[1.079053] (camera_perception_pkg) StdoutLine: {'line': b'writing requirements to camera_perception_pkg.egg-info/requires.txt\n'}
[1.079116] (camera_perception_pkg) StdoutLine: {'line': b'writing top-level names to camera_perception_pkg.egg-info/top_level.txt\n'}
[1.079169] (lidar_perception_pkg) StdoutLine: {'line': b'running egg_info\n'}
[1.079330] (lidar_perception_pkg) StdoutLine: {'line': b'writing lidar_perception_pkg.egg-info/PKG-INFO\n'}
[1.079394] (lidar_perception_pkg) StdoutLine: {'line': b'writing dependency_links to lidar_perception_pkg.egg-info/dependency_links.txt\n'}
[1.079451] (lidar_perception_pkg) StdoutLine: {'line': b'writing entry points to lidar_perception_pkg.egg-info/entry_points.txt\n'}
[1.079501] (lidar_perception_pkg) StdoutLine: {'line': b'writing requirements to lidar_perception_pkg.egg-info/requires.txt\n'}
[1.079552] (lidar_perception_pkg) StdoutLine: {'line': b'writing top-level names to lidar_perception_pkg.egg-info/top_level.txt\n'}
[1.079625] (decision_making_pkg) StdoutLine: {'line': b"reading manifest file 'decision_making_pkg.egg-info/SOURCES.txt'\n"}
[1.079693] (camera_perception_pkg) StdoutLine: {'line': b"reading manifest file 'camera_perception_pkg.egg-info/SOURCES.txt'\n"}
[1.079746] (decision_making_pkg) StdoutLine: {'line': b"writing manifest file 'decision_making_pkg.egg-info/SOURCES.txt'\n"}
[1.079857] (camera_perception_pkg) StdoutLine: {'line': b"writing manifest file 'camera_perception_pkg.egg-info/SOURCES.txt'\n"}
[1.079978] (debug_pkg) StdoutLine: {'line': b'running egg_info\n'}
[1.080092] (debug_pkg) StdoutLine: {'line': b'writing debug_pkg.egg-info/PKG-INFO\n'}
[1.080163] (lidar_perception_pkg) StdoutLine: {'line': b"reading manifest file 'lidar_perception_pkg.egg-info/SOURCES.txt'\n"}
[1.080237] (debug_pkg) StdoutLine: {'line': b'writing dependency_links to debug_pkg.egg-info/dependency_links.txt\n'}
[1.080355] (debug_pkg) StdoutLine: {'line': b'writing entry points to debug_pkg.egg-info/entry_points.txt\n'}
[1.080409] (debug_pkg) StdoutLine: {'line': b'writing requirements to debug_pkg.egg-info/requires.txt\n'}
[1.080478] (decision_making_pkg) StdoutLine: {'line': b'running build_ext\n'}
[1.080608] (decision_making_pkg) StdoutLine: {'line': b'Creating /home/amrl_sunny/ros2_autonomous_vehicle_simulation/install/decision_making_pkg/lib/python3.10/site-packages/decision-making-pkg.egg-link (link to .)\n'}
[1.080664] (lidar_perception_pkg) StdoutLine: {'line': b"writing manifest file 'lidar_perception_pkg.egg-info/SOURCES.txt'\n"}
[1.080733] (debug_pkg) StdoutLine: {'line': b'writing top-level names to debug_pkg.egg-info/top_level.txt\n'}
[1.080786] (camera_perception_pkg) StdoutLine: {'line': b'running build_ext\n'}
[1.080857] (camera_perception_pkg) StdoutLine: {'line': b'Creating /home/amrl_sunny/ros2_autonomous_vehicle_simulation/install/camera_perception_pkg/lib/python3.10/site-packages/camera-perception-pkg.egg-link (link to .)\n'}
[1.080926] (decision_making_pkg) StdoutLine: {'line': b'Installing motion_planner_node script to /home/amrl_sunny/ros2_autonomous_vehicle_simulation/install/decision_making_pkg/lib/decision_making_pkg\n'}
[1.080995] (decision_making_pkg) StdoutLine: {'line': b'Installing path_planner_node script to /home/amrl_sunny/ros2_autonomous_vehicle_simulation/install/decision_making_pkg/lib/decision_making_pkg\n'}
[1.081071] (decision_making_pkg) StdoutLine: {'line': b'\n'}
[1.081125] (decision_making_pkg) StdoutLine: {'line': b'Installed /home/amrl_sunny/ros2_autonomous_vehicle_simulation/build/decision_making_pkg\n'}
[1.081178] (decision_making_pkg) StdoutLine: {'line': b'running symlink_data\n'}
[1.081269] (camera_perception_pkg) StdoutLine: {'line': b'Installing crosswalk_detector_node script to /home/amrl_sunny/ros2_autonomous_vehicle_simulation/install/camera_perception_pkg/lib/camera_perception_pkg\n'}
[1.081361] (camera_perception_pkg) StdoutLine: {'line': b'Installing image_publisher_node script to /home/amrl_sunny/ros2_autonomous_vehicle_simulation/install/camera_perception_pkg/lib/camera_perception_pkg\n'}
[1.081412] (camera_perception_pkg) StdoutLine: {'line': b'Installing lane_info_extractor_node script to /home/amrl_sunny/ros2_autonomous_vehicle_simulation/install/camera_perception_pkg/lib/camera_perception_pkg\n'}
[1.081514] (camera_perception_pkg) StdoutLine: {'line': b'Installing traffic_light_detector_node script to /home/amrl_sunny/ros2_autonomous_vehicle_simulation/install/camera_perception_pkg/lib/camera_perception_pkg\n'}
[1.081563] (camera_perception_pkg) StdoutLine: {'line': b'Installing yolov8_node script to /home/amrl_sunny/ros2_autonomous_vehicle_simulation/install/camera_perception_pkg/lib/camera_perception_pkg\n'}
[1.081612] (lidar_perception_pkg) StdoutLine: {'line': b'running build_ext\n'}
[1.081665] (debug_pkg) StdoutLine: {'line': b"reading manifest file 'debug_pkg.egg-info/SOURCES.txt'\n"}
[1.081717] (lidar_perception_pkg) StdoutLine: {'line': b'Creating /home/amrl_sunny/ros2_autonomous_vehicle_simulation/install/lidar_perception_pkg/lib/python3.10/site-packages/lidar-perception-pkg.egg-link (link to .)\n'}
[1.081768] (camera_perception_pkg) StdoutLine: {'line': b'\n'}
[1.081822] (camera_perception_pkg) StdoutLine: {'line': b'Installed /home/amrl_sunny/ros2_autonomous_vehicle_simulation/build/camera_perception_pkg\n'}
[1.081874] (camera_perception_pkg) StdoutLine: {'line': b'running symlink_data\n'}
[1.081945] (lidar_perception_pkg) StdoutLine: {'line': b'Installing lidar_obstacle_detector_node script to /home/amrl_sunny/ros2_autonomous_vehicle_simulation/install/lidar_perception_pkg/lib/lidar_perception_pkg\n'}
[1.082030] (lidar_perception_pkg) StdoutLine: {'line': b'Installing lidar_processor_node script to /home/amrl_sunny/ros2_autonomous_vehicle_simulation/install/lidar_perception_pkg/lib/lidar_perception_pkg\n'}
[1.082084] (lidar_perception_pkg) StdoutLine: {'line': b'Installing lidar_publisher_node script to /home/amrl_sunny/ros2_autonomous_vehicle_simulation/install/lidar_perception_pkg/lib/lidar_perception_pkg\n'}
[1.082137] (lidar_perception_pkg) StdoutLine: {'line': b'\n'}
[1.082190] (lidar_perception_pkg) StdoutLine: {'line': b'Installed /home/amrl_sunny/ros2_autonomous_vehicle_simulation/build/lidar_perception_pkg\n'}
[1.082267] (lidar_perception_pkg) StdoutLine: {'line': b'running symlink_data\n'}
[1.082318] (debug_pkg) StdoutLine: {'line': b"writing manifest file 'debug_pkg.egg-info/SOURCES.txt'\n"}
[1.082704] (debug_pkg) StdoutLine: {'line': b'running build_ext\n'}
[1.082852] (debug_pkg) StdoutLine: {'line': b'Creating /home/amrl_sunny/ros2_autonomous_vehicle_simulation/install/debug_pkg/lib/python3.10/site-packages/debug-pkg.egg-link (link to .)\n'}
[1.083303] (debug_pkg) StdoutLine: {'line': b'Installing image_saver_node script to /home/amrl_sunny/ros2_autonomous_vehicle_simulation/install/debug_pkg/lib/debug_pkg\n'}
[1.083385] (debug_pkg) StdoutLine: {'line': b'Installing path_visualizer_node script to /home/amrl_sunny/ros2_autonomous_vehicle_simulation/install/debug_pkg/lib/debug_pkg\n'}
[1.083455] (debug_pkg) StdoutLine: {'line': b'Installing yolov8_visualizer_node script to /home/amrl_sunny/ros2_autonomous_vehicle_simulation/install/debug_pkg/lib/debug_pkg\n'}
[1.083543] (debug_pkg) StdoutLine: {'line': b'\n'}
[1.083597] (debug_pkg) StdoutLine: {'line': b'Installed /home/amrl_sunny/ros2_autonomous_vehicle_simulation/build/debug_pkg\n'}
[1.083650] (debug_pkg) StdoutLine: {'line': b'running symlink_data\n'}
[1.101452] (-) TimerEvent: {}
[1.109781] (decision_making_pkg) CommandEnded: {'returncode': 0}
[1.114398] (decision_making_pkg) JobEnded: {'identifier': 'decision_making_pkg', 'rc': 0}
[1.115422] (lidar_perception_pkg) CommandEnded: {'returncode': 0}
[1.118268] (lidar_perception_pkg) JobEnded: {'identifier': 'lidar_perception_pkg', 'rc': 0}
[1.118718] (debug_pkg) CommandEnded: {'returncode': 0}
[1.121559] (debug_pkg) JobEnded: {'identifier': 'debug_pkg', 'rc': 0}
[1.121752] (camera_perception_pkg) CommandEnded: {'returncode': 0}
[1.124492] (camera_perception_pkg) JobEnded: {'identifier': 'camera_perception_pkg', 'rc': 0}
[1.124879] (simulation_pkg) JobStarted: {'identifier': 'simulation_pkg'}
[1.201553] (-) TimerEvent: {}
[1.301729] (-) TimerEvent: {}
[1.401974] (-) TimerEvent: {}
[1.468934] (simulation_pkg) Command: {'cmd': ['/usr/bin/python3', '-W', 'ignore:setup.py install is deprecated', '-W', 'ignore:easy_install command is deprecated', 'setup.py', 'develop', '--editable', '--build-directory', '/home/amrl_sunny/ros2_autonomous_vehicle_simulation/build/simulation_pkg/build', '--no-deps', 'symlink_data'], 'cwd': '/home/amrl_sunny/ros2_autonomous_vehicle_simulation/build/simulation_pkg', 'env': {'LESSOPEN': '| /usr/bin/lesspipe %s', 'LANGUAGE': 'ko:en', 'USER': 'amrl_sunny', 'LC_TIME': 'ko_KR.UTF-8', 'XDG_SESSION_TYPE': 'x11', 'SHLVL': '1', 'LD_LIBRARY_PATH': '/home/amrl_sunny/ros2_autonomous_vehicle_simulation/install/interfaces_pkg/lib:/usr/lib/x86_64-linux-gnu/gazebo-11/plugins:/opt/ros/humble/opt/rviz_ogre_vendor/lib:/opt/ros/humble/lib/x86_64-linux-gnu:/opt/ros/humble/lib', 'HOME': '/home/amrl_sunny', 'OLDPWD': '/home/amrl_sunny', 'DESKTOP_SESSION': 'ubuntu', 'ROS_PYTHON_VERSION': '3', 'GNOME_SHELL_SESSION_MODE': 'ubuntu', 'GTK_MODULES': 'gail:atk-bridge', 'XDG_SEAT_PATH': '/org/freedesktop/DisplayManager/Seat0', 'LC_MONETARY': 'ko_KR.UTF-8', 'SYSTEMD_EXEC_PID': '2068', 'DBUS_SESSION_BUS_ADDRESS': 'unix:path=/run/user/1000/bus', 'COLORTERM': 'truecolor', 'COLCON_PREFIX_PATH': '/home/amrl_sunny/ros2_autonomous_vehicle_simulation/install:/home/amrl_sunny/2025_jacapdi/install', 'ROS_DISTRO': 'humble', 'GTK_IM_MODULE': 'ibus', 'LOGNAME': 'amrl_sunny', '_': '/usr/bin/colcon', 'ROS_VERSION': '2', 'XDG_SESSION_CLASS': 'user', 'TERM': 'xterm-256color', 'GNOME_DESKTOP_SESSION_ID': 'this-is-deprecated', 'ROS_LOCALHOST_ONLY': '0', 'PATH': '/opt/ros/humble/bin:/home/amrl_sunny/.local/bin:/usr/local/sbin:/usr/local/bin:/usr/sbin:/usr/bin:/sbin:/bin:/usr/games:/usr/local/games:/snap/bin', 'SESSION_MANAGER': 'local/amrl-desktop:@/tmp/.ICE-unix/1842,unix/amrl-desktop:/tmp/.ICE-unix/1842', 'GDM_LANG': 'ko', 'PAPERSIZE': 'a4', 'XDG_SESSION_PATH': '/org/freedesktop/DisplayManager/Session0', 'XDG_MENU_PREFIX': 'gnome-', 'LC_ADDRESS': 'ko_KR.UTF-8', 'GNOME_TERMINAL_SCREEN': '/org/gnome/Terminal/screen/6cd5074f_4d35_4689_bb56_934ada4c7cec', 'XDG_RUNTIME_DIR': '/run/user/1000', 'DISPLAY': ':0', 'LANG': 'ko_KR.UTF-8', 'XDG_CURRENT_DESKTOP': 'ubuntu:GNOME', 'LC_TELEPHONE': 'ko_KR.UTF-8', 'XMODIFIERS': '@im=ibus', 'XDG_SESSION_DESKTOP': 'ubuntu', 'XAUTHORITY': '/home/amrl_sunny/.Xauthority', 'LS_COLORS': 'rs=0:di=01;34:ln=01;36:mh=00:pi=40;33:so=01;35:do=01;35:bd=40;33;01:cd=40;33;01:or=40;31;01:mi=00:su=37;41:sg=30;43:ca=30;41:tw=30;42:ow=34;42:st=37;44:ex=01;32:*.tar=01;31:*.tgz=01;31:*.arc=01;31:*.arj=01;31:*.taz=01;31:*.lha=01;31:*.lz4=01;31:*.lzh=01;31:*.lzma=01;31:*.tlz=01;31:*.txz=01;31:*.tzo=01;31:*.t7z=01;31:*.zip=01;31:*.z=01;31:*.dz=01;31:*.gz=01;31:*.lrz=01;31:*.lz=01;31:*.lzo=01;31:*.xz=01;31:*.zst=01;31:*.tzst=01;31:*.bz2=01;31:*.bz=01;31:*.tbz=01;31:*.tbz2=01;31:*.tz=01;31:*.deb=01;31:*.rpm=01;31:*.jar=01;31:*.war=01;31:*.ear=01;31:*.sar=01;31:*.rar=01;31:*.alz=01;31:*.ace=01;31:*.zoo=01;31:*.cpio=01;31:*.7z=01;31:*.rz=01;31:*.cab=01;31:*.wim=01;31:*.swm=01;31:*.dwm=01;31:*.esd=01;31:*.jpg=01;35:*.jpeg=01;35:*.mjpg=01;35:*.mjpeg=01;35:*.gif=01;35:*.bmp=01;35:*.pbm=01;35:*.pgm=01;35:*.ppm=01;35:*.tga=01;35:*.xbm=01;35:*.xpm=01;35:*.tif=01;35:*.tiff=01;35:*.png=01;35:*.svg=01;35:*.svgz=01;35:*.mng=01;35:*.pcx=01;35:*.mov=01;35:*.mpg=01;35:*.mpeg=01;35:*.m2v=01;35:*.mkv=01;35:*.webm=01;35:*.webp=01;35:*.ogm=01;35:*.mp4=01;35:*.m4v=01;35:*.mp4v=01;35:*.vob=01;35:*.qt=01;35:*.nuv=01;35:*.wmv=01;35:*.asf=01;35:*.rm=01;35:*.rmvb=01;35:*.flc=01;35:*.avi=01;35:*.fli=01;35:*.flv=01;35:*.gl=01;35:*.dl=01;35:*.xcf=01;35:*.xwd=01;35:*.yuv=01;35:*.cgm=01;35:*.emf=01;35:*.ogv=01;35:*.ogx=01;35:*.aac=00;36:*.au=00;36:*.flac=00;36:*.m4a=00;36:*.mid=00;36:*.midi=00;36:*.mka=00;36:*.mp3=00;36:*.mpc=00;36:*.ogg=00;36:*.ra=00;36:*.wav=00;36:*.oga=00;36:*.opus=00;36:*.spx=00;36:*.xspf=00;36:', 'GNOME_TERMINAL_SERVICE': ':1.92', 'SSH_AGENT_LAUNCHER': 'gnome-keyring', 'SSH_AUTH_SOCK': '/run/user/1000/keyring/ssh', 'ROS_DOMAIN_ID': '0', 'XDG_GREETER_DATA_DIR': '/var/lib/lightdm-data/amrl_sunny', 'AMENT_PREFIX_PATH': '/home/amrl_sunny/ros2_autonomous_vehicle_simulation/install/decision_making_pkg:/home/amrl_sunny/ros2_autonomous_vehicle_simulation/install/debug_pkg:/home/amrl_sunny/ros2_autonomous_vehicle_simulation/install/camera_perception_pkg:/home/amrl_sunny/ros2_autonomous_vehicle_simulation/install/simulation_pkg:/home/amrl_sunny/ros2_autonomous_vehicle_simulation/install/lidar_perception_pkg:/home/amrl_sunny/ros2_autonomous_vehicle_simulation/install/interfaces_pkg:/home/amrl_sunny/2025_jacapdi/install/simulation_pkg:/home/amrl_sunny/2025_jacapdi/install/decision_making_pkg:/home/amrl_sunny/2025_jacapdi/install/debug_pkg:/home/amrl_sunny/2025_jacapdi/install/camera_perception_pkg:/opt/ros/humble', 'SHELL': '/bin/bash', 'LC_NAME': 'ko_KR.UTF-8', 'QT_ACCESSIBILITY': '1', 'GDMSESSION': 'ubuntu', 'LESSCLOSE': '/usr/bin/lesspipe %s %s', 'LC_MEASUREMENT': 'ko_KR.UTF-8', 'GPG_AGENT_INFO': '/run/user/1000/gnupg/S.gpg-agent:0:1', 'LC_IDENTIFICATION': 'ko_KR.UTF-8', 'QT_IM_MODULE': 'ibus', 'PWD': '/home/amrl_sunny/ros2_autonomous_vehicle_simulation/build/simulation_pkg', 'LC_ALL': 'en_US.UTF-8', 'XDG_CONFIG_DIRS': '/etc/xdg/xdg-ubuntu:/etc/xdg', 'XDG_DATA_DIRS': '/usr/share/ubuntu:/usr/share/gnome:/usr/local/share:/usr/share:/var/lib/snapd/desktop', 'PYTHONPATH': '/home/amrl_sunny/ros2_autonomous_vehicle_simulation/build/simulation_pkg/prefix_override:/usr/lib/python3/dist-packages/colcon_core/task/python/colcon_distutils_commands:/home/amrl_sunny/ros2_autonomous_vehicle_simulation/install/simulation_pkg/lib/python3.10/site-packages:/home/amrl_sunny/ros2_autonomous_vehicle_simulation/build/decision_making_pkg:/home/amrl_sunny/ros2_autonomous_vehicle_simulation/install/decision_making_pkg/lib/python3.10/site-packages:/home/amrl_sunny/ros2_autonomous_vehicle_simulation/build/debug_pkg:/home/amrl_sunny/ros2_autonomous_vehicle_simulation/install/debug_pkg/lib/python3.10/site-packages:/home/amrl_sunny/ros2_autonomous_vehicle_simulation/build/camera_perception_pkg:/home/amrl_sunny/ros2_autonomous_vehicle_simulation/install/camera_perception_pkg/lib/python3.10/site-packages:/home/amrl_sunny/ros2_autonomous_vehicle_simulation/build/simulation_pkg:/home/amrl_sunny/ros2_autonomous_vehicle_simulation/install/simulation_pkg/lib/python3.10/site-packages:/home/amrl_sunny/ros2_autonomous_vehicle_simulation/build/lidar_perception_pkg:/home/amrl_sunny/ros2_autonomous_vehicle_simulation/install/lidar_perception_pkg/lib/python3.10/site-packages:/home/amrl_sunny/ros2_autonomous_vehicle_simulation/install/interfaces_pkg/local/lib/python3.10/dist-packages:/home/amrl_sunny/2025_jacapdi/build/simulation_pkg:/home/amrl_sunny/2025_jacapdi/install/simulation_pkg/lib/python3.10/site-packages:/home/amrl_sunny/2025_jacapdi/build/decision_making_pkg:/home/amrl_sunny/2025_jacapdi/install/decision_making_pkg/lib/python3.10/site-packages:/home/amrl_sunny/2025_jacapdi/build/debug_pkg:/home/amrl_sunny/2025_jacapdi/install/debug_pkg/lib/python3.10/site-packages:/home/amrl_sunny/2025_jacapdi/build/camera_perception_pkg:/home/amrl_sunny/2025_jacapdi/install/camera_perception_pkg/lib/python3.10/site-packages:/opt/ros/humble/lib/python3.10/site-packages:/opt/ros/humble/local/lib/python3.10/dist-packages', 'LC_NUMERIC': 'ko_KR.UTF-8', 'LC_PAPER': 'ko_KR.UTF-8', 'COLCON': '1', 'VTE_VERSION': '6800', 'CMAKE_PREFIX_PATH': '/home/amrl_sunny/ros2_autonomous_vehicle_simulation/install/interfaces_pkg'}, 'shell': False}
[1.502031] (-) TimerEvent: {}
[1.602237] (-) TimerEvent: {}
[1.608857] (simulation_pkg) StdoutLine: {'line': b'running develop\n'}
[1.700032] (simulation_pkg) StdoutLine: {'line': b'running egg_info\n'}
[1.700149] (simulation_pkg) StdoutLine: {'line': b'writing simulation_pkg.egg-info/PKG-INFO\n'}
[1.700281] (simulation_pkg) StdoutLine: {'line': b'writing dependency_links to simulation_pkg.egg-info/dependency_links.txt\n'}
[1.700357] (simulation_pkg) StdoutLine: {'line': b'writing entry points to simulation_pkg.egg-info/entry_points.txt\n'}
[1.700386] (simulation_pkg) StdoutLine: {'line': b'writing requirements to simulation_pkg.egg-info/requires.txt\n'}
[1.700509] (simulation_pkg) StdoutLine: {'line': b'writing top-level names to simulation_pkg.egg-info/top_level.txt\n'}
[1.701227] (simulation_pkg) StdoutLine: {'line': b"reading manifest file 'simulation_pkg.egg-info/SOURCES.txt'\n"}
[1.702255] (-) TimerEvent: {}
[1.708961] (simulation_pkg) StdoutLine: {'line': b"writing manifest file 'simulation_pkg.egg-info/SOURCES.txt'\n"}
[1.709653] (simulation_pkg) StdoutLine: {'line': b'running build_ext\n'}
[1.709801] (simulation_pkg) StdoutLine: {'line': b'Creating /home/amrl_sunny/ros2_autonomous_vehicle_simulation/install/simulation_pkg/lib/python3.10/site-packages/simulation-pkg.egg-link (link to .)\n'}
[1.710096] (simulation_pkg) StdoutLine: {'line': b'Installing data_collection_node script to /home/amrl_sunny/ros2_autonomous_vehicle_simulation/install/simulation_pkg/lib/simulation_pkg\n'}
[1.710278] (simulation_pkg) StdoutLine: {'line': b'Installing draw_trajectory_node script to /home/amrl_sunny/ros2_autonomous_vehicle_simulation/install/simulation_pkg/lib/simulation_pkg\n'}
[1.710338] (simulation_pkg) StdoutLine: {'line': b'Installing load_ego_car_node script to /home/amrl_sunny/ros2_autonomous_vehicle_simulation/install/simulation_pkg/lib/simulation_pkg\n'}
[1.710370] (simulation_pkg) StdoutLine: {'line': b'Installing load_obstable_car_node script to /home/amrl_sunny/ros2_autonomous_vehicle_simulation/install/simulation_pkg/lib/simulation_pkg\n'}
[1.710393] (simulation_pkg) StdoutLine: {'line': b'Installing load_parking_car_node script to /home/amrl_sunny/ros2_autonomous_vehicle_simulation/install/simulation_pkg/lib/simulation_pkg\n'}
[1.710502] (simulation_pkg) StdoutLine: {'line': b'Installing load_traffic_light_node script to /home/amrl_sunny/ros2_autonomous_vehicle_simulation/install/simulation_pkg/lib/simulation_pkg\n'}
[1.710566] (simulation_pkg) StdoutLine: {'line': b'Installing sim_debug_node script to /home/amrl_sunny/ros2_autonomous_vehicle_simulation/install/simulation_pkg/lib/simulation_pkg\n'}
[1.710594] (simulation_pkg) StdoutLine: {'line': b'Installing sim_lane_info_extractor_node script to /home/amrl_sunny/ros2_autonomous_vehicle_simulation/install/simulation_pkg/lib/simulation_pkg\n'}
[1.710618] (simulation_pkg) StdoutLine: {'line': b'Installing sim_lidar_obstacle_detector_node script to /home/amrl_sunny/ros2_autonomous_vehicle_simulation/install/simulation_pkg/lib/simulation_pkg\n'}
[1.710642] (simulation_pkg) StdoutLine: {'line': b'Installing sim_lidar_processor_node script to /home/amrl_sunny/ros2_autonomous_vehicle_simulation/install/simulation_pkg/lib/simulation_pkg\n'}
[1.710665] (simulation_pkg) StdoutLine: {'line': b'Installing sim_motion_planner_node script to /home/amrl_sunny/ros2_autonomous_vehicle_simulation/install/simulation_pkg/lib/simulation_pkg\n'}
[1.710686] (simulation_pkg) StdoutLine: {'line': b'Installing sim_simulation_sender_node script to /home/amrl_sunny/ros2_autonomous_vehicle_simulation/install/simulation_pkg/lib/simulation_pkg\n'}
[1.710707] (simulation_pkg) StdoutLine: {'line': b'Installing sim_traffic_light_detector_node script to /home/amrl_sunny/ros2_autonomous_vehicle_simulation/install/simulation_pkg/lib/simulation_pkg\n'}
[1.710729] (simulation_pkg) StdoutLine: {'line': b'Installing sim_yolov8_node script to /home/amrl_sunny/ros2_autonomous_vehicle_simulation/install/simulation_pkg/lib/simulation_pkg\n'}
[1.710750] (simulation_pkg) StdoutLine: {'line': b'Installing sonar_processor_node script to /home/amrl_sunny/ros2_autonomous_vehicle_simulation/install/simulation_pkg/lib/simulation_pkg\n'}
[1.710771] (simulation_pkg) StdoutLine: {'line': b'Installing timer_based_obstacle_mover script to /home/amrl_sunny/ros2_autonomous_vehicle_simulation/install/simulation_pkg/lib/simulation_pkg\n'}
[1.710816] (simulation_pkg) StdoutLine: {'line': b'Installing video_recording_node script to /home/amrl_sunny/ros2_autonomous_vehicle_simulation/install/simulation_pkg/lib/simulation_pkg\n'}
[1.710847] (simulation_pkg) StdoutLine: {'line': b'\n'}
[1.710868] (simulation_pkg) StdoutLine: {'line': b'Installed /home/amrl_sunny/ros2_autonomous_vehicle_simulation/build/simulation_pkg\n'}
[1.710888] (simulation_pkg) StdoutLine: {'line': b'running symlink_data\n'}
[1.724884] (simulation_pkg) CommandEnded: {'returncode': 0}
[1.728406] (simulation_pkg) JobEnded: {'identifier': 'simulation_pkg', 'rc': 0}
[1.728700] (-) EventReactorShutdown: {}
