[0.000000] (-) TimerEvent: {}
[0.000390] (-) JobUnselected: {'identifier': 'camera_perception_pkg'}
[0.000439] (-) JobUnselected: {'identifier': 'debug_pkg'}
[0.000457] (-) JobUnselected: {'identifier': 'decision_making_pkg'}
[0.000471] (-) JobUnselected: {'identifier': 'lidar_perception_pkg'}
[0.000485] (-) JobUnselected: {'identifier': 'simulation_pkg'}
[0.000501] (interfaces_pkg) JobQueued: {'identifier': 'interfaces_pkg', 'dependencies': OrderedDict()}
[0.000518] (interfaces_pkg) JobStarted: {'identifier': 'interfaces_pkg'}
[0.003941] (interfaces_pkg) JobProgress: {'identifier': 'interfaces_pkg', 'progress': 'cmake'}
[0.004198] (interfaces_pkg) Command: {'cmd': ['/usr/bin/cmake', '/home/amrl_sunny/ros2_autonomous_vehicle_simulation/src/interfaces_pkg', '-DCMAKE_INSTALL_PREFIX=/home/amrl_sunny/ros2_autonomous_vehicle_simulation/install/interfaces_pkg'], 'cwd': '/home/amrl_sunny/ros2_autonomous_vehicle_simulation/build/interfaces_pkg', 'env': OrderedDict([('LESSOPEN', '| /usr/bin/lesspipe %s'), ('LANGUAGE', 'ko:en'), ('USER', 'amrl_sunny'), ('LC_TIME', 'ko_KR.UTF-8'), ('XDG_SESSION_TYPE', 'x11'), ('SHLVL', '1'), ('LD_LIBRARY_PATH', '/opt/ros/humble/opt/rviz_ogre_vendor/lib:/usr/lib/x86_64-linux-gnu/gazebo-11/plugins:/opt/ros/humble/lib/x86_64-linux-gnu:/opt/ros/humble/lib'), ('HOME', '/home/amrl_sunny'), ('OLDPWD', '/home/amrl_sunny/ros2_autonomous_vehicle_simulation'), ('DESKTOP_SESSION', 'ubuntu'), ('ROS_PYTHON_VERSION', '3'), ('GNOME_SHELL_SESSION_MODE', 'ubuntu'), ('GTK_MODULES', 'gail:atk-bridge'), ('XDG_SEAT_PATH', '/org/freedesktop/DisplayManager/Seat0'), ('LC_MONETARY', 'ko_KR.UTF-8'), ('SYSTEMD_EXEC_PID', '1883'), ('DBUS_SESSION_BUS_ADDRESS', 'unix:path=/run/user/1000/bus'), ('COLORTERM', 'truecolor'), ('COLCON_PREFIX_PATH', '/home/amrl_sunny/2025_jacapdi/install'), ('ROS_DISTRO', 'humble'), ('GTK_IM_MODULE', 'ibus'), ('LOGNAME', 'amrl_sunny'), ('_', '/usr/bin/colcon'), ('ROS_VERSION', '2'), ('XDG_SESSION_CLASS', 'user'), ('TERM', 'xterm-256color'), ('GNOME_DESKTOP_SESSION_ID', 'this-is-deprecated'), ('ROS_LOCALHOST_ONLY', '0'), ('PATH', '/opt/ros/humble/bin:/home/amrl_sunny/.local/bin:/usr/local/sbin:/usr/local/bin:/usr/sbin:/usr/bin:/sbin:/bin:/usr/games:/usr/local/games:/snap/bin'), ('SESSION_MANAGER', 'local/amrl-desktop:@/tmp/.ICE-unix/1667,unix/amrl-desktop:/tmp/.ICE-unix/1667'), ('GDM_LANG', 'ko'), ('PAPERSIZE', 'a4'), ('XDG_SESSION_PATH', '/org/freedesktop/DisplayManager/Session0'), ('XDG_MENU_PREFIX', 'gnome-'), ('LC_ADDRESS', 'ko_KR.UTF-8'), ('GNOME_TERMINAL_SCREEN', '/org/gnome/Terminal/screen/749011a1_a9ba_417b_92ef_a087b4eec115'), ('XDG_RUNTIME_DIR', '/run/user/1000'), ('DISPLAY', ':0'), ('LANG', 'ko_KR.UTF-8'), ('XDG_CURRENT_DESKTOP', 'ubuntu:GNOME'), ('LC_TELEPHONE', 'ko_KR.UTF-8'), ('XMODIFIERS', '@im=ibus'), ('XDG_SESSION_DESKTOP', 'ubuntu'), ('XAUTHORITY', '/home/amrl_sunny/.Xauthority'), ('LS_COLORS', 'rs=0:di=01;34:ln=01;36:mh=00:pi=40;33:so=01;35:do=01;35:bd=40;33;01:cd=40;33;01:or=40;31;01:mi=00:su=37;41:sg=30;43:ca=30;41:tw=30;42:ow=34;42:st=37;44:ex=01;32:*.tar=01;31:*.tgz=01;31:*.arc=01;31:*.arj=01;31:*.taz=01;31:*.lha=01;31:*.lz4=01;31:*.lzh=01;31:*.lzma=01;31:*.tlz=01;31:*.txz=01;31:*.tzo=01;31:*.t7z=01;31:*.zip=01;31:*.z=01;31:*.dz=01;31:*.gz=01;31:*.lrz=01;31:*.lz=01;31:*.lzo=01;31:*.xz=01;31:*.zst=01;31:*.tzst=01;31:*.bz2=01;31:*.bz=01;31:*.tbz=01;31:*.tbz2=01;31:*.tz=01;31:*.deb=01;31:*.rpm=01;31:*.jar=01;31:*.war=01;31:*.ear=01;31:*.sar=01;31:*.rar=01;31:*.alz=01;31:*.ace=01;31:*.zoo=01;31:*.cpio=01;31:*.7z=01;31:*.rz=01;31:*.cab=01;31:*.wim=01;31:*.swm=01;31:*.dwm=01;31:*.esd=01;31:*.jpg=01;35:*.jpeg=01;35:*.mjpg=01;35:*.mjpeg=01;35:*.gif=01;35:*.bmp=01;35:*.pbm=01;35:*.pgm=01;35:*.ppm=01;35:*.tga=01;35:*.xbm=01;35:*.xpm=01;35:*.tif=01;35:*.tiff=01;35:*.png=01;35:*.svg=01;35:*.svgz=01;35:*.mng=01;35:*.pcx=01;35:*.mov=01;35:*.mpg=01;35:*.mpeg=01;35:*.m2v=01;35:*.mkv=01;35:*.webm=01;35:*.webp=01;35:*.ogm=01;35:*.mp4=01;35:*.m4v=01;35:*.mp4v=01;35:*.vob=01;35:*.qt=01;35:*.nuv=01;35:*.wmv=01;35:*.asf=01;35:*.rm=01;35:*.rmvb=01;35:*.flc=01;35:*.avi=01;35:*.fli=01;35:*.flv=01;35:*.gl=01;35:*.dl=01;35:*.xcf=01;35:*.xwd=01;35:*.yuv=01;35:*.cgm=01;35:*.emf=01;35:*.ogv=01;35:*.ogx=01;35:*.aac=00;36:*.au=00;36:*.flac=00;36:*.m4a=00;36:*.mid=00;36:*.midi=00;36:*.mka=00;36:*.mp3=00;36:*.mpc=00;36:*.ogg=00;36:*.ra=00;36:*.wav=00;36:*.oga=00;36:*.opus=00;36:*.spx=00;36:*.xspf=00;36:'), ('GNOME_TERMINAL_SERVICE', ':1.30987'), ('SSH_AGENT_LAUNCHER', 'gnome-keyring'), ('SSH_AUTH_SOCK', '/run/user/1000/keyring/ssh'), ('ROS_DOMAIN_ID', '0'), ('XDG_GREETER_DATA_DIR', '/var/lib/lightdm-data/amrl_sunny'), ('AMENT_PREFIX_PATH', '/home/amrl_sunny/2025_jacapdi/install/simulation_pkg:/home/amrl_sunny/2025_jacapdi/install/debug_pkg:/home/amrl_sunny/2025_jacapdi/install/decision_making_pkg:/home/amrl_sunny/2025_jacapdi/install/camera_perception_pkg:/opt/ros/humble'), ('SHELL', '/bin/bash'), ('LC_NAME', 'ko_KR.UTF-8'), ('QT_ACCESSIBILITY', '1'), ('GDMSESSION', 'ubuntu'), ('LESSCLOSE', '/usr/bin/lesspipe %s %s'), ('LC_MEASUREMENT', 'ko_KR.UTF-8'), ('GPG_AGENT_INFO', '/run/user/1000/gnupg/S.gpg-agent:0:1'), ('LC_IDENTIFICATION', 'ko_KR.UTF-8'), ('QT_IM_MODULE', 'ibus'), ('PWD', '/home/amrl_sunny/ros2_autonomous_vehicle_simulation/build/interfaces_pkg'), ('XDG_CONFIG_DIRS', '/etc/xdg/xdg-ubuntu:/etc/xdg'), ('XDG_DATA_DIRS', '/usr/share/ubuntu:/usr/share/gnome:/usr/local/share:/usr/share:/var/lib/snapd/desktop'), ('PYTHONPATH', '/home/amrl_sunny/2025_jacapdi/build/simulation_pkg:/home/amrl_sunny/2025_jacapdi/install/simulation_pkg/lib/python3.10/site-packages:/home/amrl_sunny/2025_jacapdi/build/debug_pkg:/home/amrl_sunny/2025_jacapdi/install/debug_pkg/lib/python3.10/site-packages:/home/amrl_sunny/2025_jacapdi/build/decision_making_pkg:/home/amrl_sunny/2025_jacapdi/install/decision_making_pkg/lib/python3.10/site-packages:/home/amrl_sunny/2025_jacapdi/build/camera_perception_pkg:/home/amrl_sunny/2025_jacapdi/install/camera_perception_pkg/lib/python3.10/site-packages:/opt/ros/humble/lib/python3.10/site-packages:/opt/ros/humble/local/lib/python3.10/dist-packages'), ('LC_NUMERIC', 'ko_KR.UTF-8'), ('LC_PAPER', 'ko_KR.UTF-8'), ('COLCON', '1'), ('VTE_VERSION', '6800'), ('CMAKE_PREFIX_PATH', '/home/amrl_sunny/2025_jacapdi/install/simulation_pkg:/home/amrl_sunny/2025_jacapdi/install/debug_pkg:/home/amrl_sunny/2025_jacapdi/install/decision_making_pkg:/home/amrl_sunny/2025_jacapdi/install/camera_perception_pkg:/opt/ros/humble')]), 'shell': False}
[0.042856] (interfaces_pkg) StdoutLine: {'line': b'-- The C compiler identification is GNU 11.4.0\n'}
[0.093820] (interfaces_pkg) StdoutLine: {'line': b'-- The CXX compiler identification is GNU 11.4.0\n'}
[0.097299] (interfaces_pkg) StdoutLine: {'line': b'-- Detecting C compiler ABI info\n'}
[0.099908] (-) TimerEvent: {}
[0.171170] (interfaces_pkg) StdoutLine: {'line': b'-- Detecting C compiler ABI info - done\n'}
[0.178996] (interfaces_pkg) StdoutLine: {'line': b'-- Check for working C compiler: /usr/bin/cc - skipped\n'}
[0.179147] (interfaces_pkg) StdoutLine: {'line': b'-- Detecting C compile features\n'}
[0.179324] (interfaces_pkg) StdoutLine: {'line': b'-- Detecting C compile features - done\n'}
[0.180738] (interfaces_pkg) StdoutLine: {'line': b'-- Detecting CXX compiler ABI info\n'}
[0.200089] (-) TimerEvent: {}
[0.263099] (interfaces_pkg) StdoutLine: {'line': b'-- Detecting CXX compiler ABI info - done\n'}
[0.267055] (interfaces_pkg) StdoutLine: {'line': b'-- Check for working CXX compiler: /usr/bin/c++ - skipped\n'}
[0.267211] (interfaces_pkg) StdoutLine: {'line': b'-- Detecting CXX compile features\n'}
[0.267457] (interfaces_pkg) StdoutLine: {'line': b'-- Detecting CXX compile features - done\n'}
[0.268492] (interfaces_pkg) StdoutLine: {'line': b'-- Found ament_cmake: 1.3.11 (/opt/ros/humble/share/ament_cmake/cmake)\n'}
[0.300185] (-) TimerEvent: {}
[0.376606] (interfaces_pkg) StdoutLine: {'line': b'-- Found Python3: /usr/bin/python3 (found version "3.10.12") found components: Interpreter \n'}
[0.400328] (-) TimerEvent: {}
[0.426057] (interfaces_pkg) StdoutLine: {'line': b'-- Found rosidl_default_generators: 1.2.0 (/opt/ros/humble/share/rosidl_default_generators/cmake)\n'}
[0.427917] (interfaces_pkg) StdoutLine: {'line': b'-- Using all available rosidl_typesupport_c: rosidl_typesupport_fastrtps_c;rosidl_typesupport_introspection_c\n'}
[0.431457] (interfaces_pkg) StdoutLine: {'line': b'-- Found rosidl_adapter: 3.1.6 (/opt/ros/humble/share/rosidl_adapter/cmake)\n'}
[0.450853] (interfaces_pkg) StdoutLine: {'line': b'-- Using all available rosidl_typesupport_cpp: rosidl_typesupport_fastrtps_cpp;rosidl_typesupport_introspection_cpp\n'}
[0.466191] (interfaces_pkg) StdoutLine: {'line': b'-- Found std_msgs: 4.8.0 (/opt/ros/humble/share/std_msgs/cmake)\n'}
[0.478366] (interfaces_pkg) StdoutLine: {'line': b'-- Found geometry_msgs: 4.8.0 (/opt/ros/humble/share/geometry_msgs/cmake)\n'}
[0.500392] (-) TimerEvent: {}
[0.600542] (-) TimerEvent: {}
[0.683933] (interfaces_pkg) StdoutLine: {'line': b'-- Found ament_cmake_ros: 0.10.0 (/opt/ros/humble/share/ament_cmake_ros/cmake)\n'}
[0.700606] (-) TimerEvent: {}
[0.800809] (-) TimerEvent: {}
[0.828883] (interfaces_pkg) StdoutLine: {'line': b'-- Using all available rosidl_typesupport_c: rosidl_typesupport_fastrtps_c;rosidl_typesupport_introspection_c\n'}
[0.900936] (-) TimerEvent: {}
[1.001121] (-) TimerEvent: {}
[1.006632] (interfaces_pkg) StdoutLine: {'line': b'-- Using all available rosidl_typesupport_cpp: rosidl_typesupport_fastrtps_cpp;rosidl_typesupport_introspection_cpp\n'}
[1.023506] (interfaces_pkg) StdoutLine: {'line': b'-- Found PythonInterp: /usr/bin/python3 (found suitable version "3.10.12", minimum required is "3.6") \n'}
[1.024266] (interfaces_pkg) StdoutLine: {'line': b'-- Found python_cmake_module: 0.10.0 (/opt/ros/humble/share/python_cmake_module/cmake)\n'}
[1.041347] (interfaces_pkg) StdoutLine: {'line': b'-- Found PythonLibs: /usr/lib/x86_64-linux-gnu/libpython3.10.so (found suitable version "3.10.12", minimum required is "3.5") \n'}
[1.041547] (interfaces_pkg) StdoutLine: {'line': b'-- Using PYTHON_EXECUTABLE: /usr/bin/python3\n'}
[1.041609] (interfaces_pkg) StdoutLine: {'line': b'-- Using PYTHON_INCLUDE_DIRS: /usr/include/python3.10\n'}
[1.041640] (interfaces_pkg) StdoutLine: {'line': b'-- Using PYTHON_LIBRARIES: /usr/lib/x86_64-linux-gnu/libpython3.10.so\n'}
[1.059306] (interfaces_pkg) StdoutLine: {'line': b'-- Found PythonExtra: .so  \n'}
[1.097609] (interfaces_pkg) StdoutLine: {'line': b'-- Configuring done\n'}
[1.101223] (-) TimerEvent: {}
[1.123666] (interfaces_pkg) StdoutLine: {'line': b'-- Generating done\n'}
[1.129961] (interfaces_pkg) StdoutLine: {'line': b'-- Build files have been written to: /home/amrl_sunny/ros2_autonomous_vehicle_simulation/build/interfaces_pkg\n'}
[1.133539] (interfaces_pkg) CommandEnded: {'returncode': 0}
[1.134122] (interfaces_pkg) JobProgress: {'identifier': 'interfaces_pkg', 'progress': 'build'}
[1.134393] (interfaces_pkg) Command: {'cmd': ['/usr/bin/cmake', '--build', '/home/amrl_sunny/ros2_autonomous_vehicle_simulation/build/interfaces_pkg', '--', '-j20', '-l20'], 'cwd': '/home/amrl_sunny/ros2_autonomous_vehicle_simulation/build/interfaces_pkg', 'env': OrderedDict([('LESSOPEN', '| /usr/bin/lesspipe %s'), ('LANGUAGE', 'ko:en'), ('USER', 'amrl_sunny'), ('LC_TIME', 'ko_KR.UTF-8'), ('XDG_SESSION_TYPE', 'x11'), ('SHLVL', '1'), ('LD_LIBRARY_PATH', '/opt/ros/humble/opt/rviz_ogre_vendor/lib:/usr/lib/x86_64-linux-gnu/gazebo-11/plugins:/opt/ros/humble/lib/x86_64-linux-gnu:/opt/ros/humble/lib'), ('HOME', '/home/amrl_sunny'), ('OLDPWD', '/home/amrl_sunny/ros2_autonomous_vehicle_simulation'), ('DESKTOP_SESSION', 'ubuntu'), ('ROS_PYTHON_VERSION', '3'), ('GNOME_SHELL_SESSION_MODE', 'ubuntu'), ('GTK_MODULES', 'gail:atk-bridge'), ('XDG_SEAT_PATH', '/org/freedesktop/DisplayManager/Seat0'), ('LC_MONETARY', 'ko_KR.UTF-8'), ('SYSTEMD_EXEC_PID', '1883'), ('DBUS_SESSION_BUS_ADDRESS', 'unix:path=/run/user/1000/bus'), ('COLORTERM', 'truecolor'), ('COLCON_PREFIX_PATH', '/home/amrl_sunny/2025_jacapdi/install'), ('ROS_DISTRO', 'humble'), ('GTK_IM_MODULE', 'ibus'), ('LOGNAME', 'amrl_sunny'), ('_', '/usr/bin/colcon'), ('ROS_VERSION', '2'), ('XDG_SESSION_CLASS', 'user'), ('TERM', 'xterm-256color'), ('GNOME_DESKTOP_SESSION_ID', 'this-is-deprecated'), ('ROS_LOCALHOST_ONLY', '0'), ('PATH', '/opt/ros/humble/bin:/home/amrl_sunny/.local/bin:/usr/local/sbin:/usr/local/bin:/usr/sbin:/usr/bin:/sbin:/bin:/usr/games:/usr/local/games:/snap/bin'), ('SESSION_MANAGER', 'local/amrl-desktop:@/tmp/.ICE-unix/1667,unix/amrl-desktop:/tmp/.ICE-unix/1667'), ('GDM_LANG', 'ko'), ('PAPERSIZE', 'a4'), ('XDG_SESSION_PATH', '/org/freedesktop/DisplayManager/Session0'), ('XDG_MENU_PREFIX', 'gnome-'), ('LC_ADDRESS', 'ko_KR.UTF-8'), ('GNOME_TERMINAL_SCREEN', '/org/gnome/Terminal/screen/749011a1_a9ba_417b_92ef_a087b4eec115'), ('XDG_RUNTIME_DIR', '/run/user/1000'), ('DISPLAY', ':0'), ('LANG', 'ko_KR.UTF-8'), ('XDG_CURRENT_DESKTOP', 'ubuntu:GNOME'), ('LC_TELEPHONE', 'ko_KR.UTF-8'), ('XMODIFIERS', '@im=ibus'), ('XDG_SESSION_DESKTOP', 'ubuntu'), ('XAUTHORITY', '/home/amrl_sunny/.Xauthority'), ('LS_COLORS', 'rs=0:di=01;34:ln=01;36:mh=00:pi=40;33:so=01;35:do=01;35:bd=40;33;01:cd=40;33;01:or=40;31;01:mi=00:su=37;41:sg=30;43:ca=30;41:tw=30;42:ow=34;42:st=37;44:ex=01;32:*.tar=01;31:*.tgz=01;31:*.arc=01;31:*.arj=01;31:*.taz=01;31:*.lha=01;31:*.lz4=01;31:*.lzh=01;31:*.lzma=01;31:*.tlz=01;31:*.txz=01;31:*.tzo=01;31:*.t7z=01;31:*.zip=01;31:*.z=01;31:*.dz=01;31:*.gz=01;31:*.lrz=01;31:*.lz=01;31:*.lzo=01;31:*.xz=01;31:*.zst=01;31:*.tzst=01;31:*.bz2=01;31:*.bz=01;31:*.tbz=01;31:*.tbz2=01;31:*.tz=01;31:*.deb=01;31:*.rpm=01;31:*.jar=01;31:*.war=01;31:*.ear=01;31:*.sar=01;31:*.rar=01;31:*.alz=01;31:*.ace=01;31:*.zoo=01;31:*.cpio=01;31:*.7z=01;31:*.rz=01;31:*.cab=01;31:*.wim=01;31:*.swm=01;31:*.dwm=01;31:*.esd=01;31:*.jpg=01;35:*.jpeg=01;35:*.mjpg=01;35:*.mjpeg=01;35:*.gif=01;35:*.bmp=01;35:*.pbm=01;35:*.pgm=01;35:*.ppm=01;35:*.tga=01;35:*.xbm=01;35:*.xpm=01;35:*.tif=01;35:*.tiff=01;35:*.png=01;35:*.svg=01;35:*.svgz=01;35:*.mng=01;35:*.pcx=01;35:*.mov=01;35:*.mpg=01;35:*.mpeg=01;35:*.m2v=01;35:*.mkv=01;35:*.webm=01;35:*.webp=01;35:*.ogm=01;35:*.mp4=01;35:*.m4v=01;35:*.mp4v=01;35:*.vob=01;35:*.qt=01;35:*.nuv=01;35:*.wmv=01;35:*.asf=01;35:*.rm=01;35:*.rmvb=01;35:*.flc=01;35:*.avi=01;35:*.fli=01;35:*.flv=01;35:*.gl=01;35:*.dl=01;35:*.xcf=01;35:*.xwd=01;35:*.yuv=01;35:*.cgm=01;35:*.emf=01;35:*.ogv=01;35:*.ogx=01;35:*.aac=00;36:*.au=00;36:*.flac=00;36:*.m4a=00;36:*.mid=00;36:*.midi=00;36:*.mka=00;36:*.mp3=00;36:*.mpc=00;36:*.ogg=00;36:*.ra=00;36:*.wav=00;36:*.oga=00;36:*.opus=00;36:*.spx=00;36:*.xspf=00;36:'), ('GNOME_TERMINAL_SERVICE', ':1.30987'), ('SSH_AGENT_LAUNCHER', 'gnome-keyring'), ('SSH_AUTH_SOCK', '/run/user/1000/keyring/ssh'), ('ROS_DOMAIN_ID', '0'), ('XDG_GREETER_DATA_DIR', '/var/lib/lightdm-data/amrl_sunny'), ('AMENT_PREFIX_PATH', '/home/amrl_sunny/2025_jacapdi/install/simulation_pkg:/home/amrl_sunny/2025_jacapdi/install/debug_pkg:/home/amrl_sunny/2025_jacapdi/install/decision_making_pkg:/home/amrl_sunny/2025_jacapdi/install/camera_perception_pkg:/opt/ros/humble'), ('SHELL', '/bin/bash'), ('LC_NAME', 'ko_KR.UTF-8'), ('QT_ACCESSIBILITY', '1'), ('GDMSESSION', 'ubuntu'), ('LESSCLOSE', '/usr/bin/lesspipe %s %s'), ('LC_MEASUREMENT', 'ko_KR.UTF-8'), ('GPG_AGENT_INFO', '/run/user/1000/gnupg/S.gpg-agent:0:1'), ('LC_IDENTIFICATION', 'ko_KR.UTF-8'), ('QT_IM_MODULE', 'ibus'), ('PWD', '/home/amrl_sunny/ros2_autonomous_vehicle_simulation/build/interfaces_pkg'), ('XDG_CONFIG_DIRS', '/etc/xdg/xdg-ubuntu:/etc/xdg'), ('XDG_DATA_DIRS', '/usr/share/ubuntu:/usr/share/gnome:/usr/local/share:/usr/share:/var/lib/snapd/desktop'), ('PYTHONPATH', '/home/amrl_sunny/2025_jacapdi/build/simulation_pkg:/home/amrl_sunny/2025_jacapdi/install/simulation_pkg/lib/python3.10/site-packages:/home/amrl_sunny/2025_jacapdi/build/debug_pkg:/home/amrl_sunny/2025_jacapdi/install/debug_pkg/lib/python3.10/site-packages:/home/amrl_sunny/2025_jacapdi/build/decision_making_pkg:/home/amrl_sunny/2025_jacapdi/install/decision_making_pkg/lib/python3.10/site-packages:/home/amrl_sunny/2025_jacapdi/build/camera_perception_pkg:/home/amrl_sunny/2025_jacapdi/install/camera_perception_pkg/lib/python3.10/site-packages:/opt/ros/humble/lib/python3.10/site-packages:/opt/ros/humble/local/lib/python3.10/dist-packages'), ('LC_NUMERIC', 'ko_KR.UTF-8'), ('LC_PAPER', 'ko_KR.UTF-8'), ('COLCON', '1'), ('VTE_VERSION', '6800'), ('CMAKE_PREFIX_PATH', '/home/amrl_sunny/2025_jacapdi/install/simulation_pkg:/home/amrl_sunny/2025_jacapdi/install/debug_pkg:/home/amrl_sunny/2025_jacapdi/install/decision_making_pkg:/home/amrl_sunny/2025_jacapdi/install/camera_perception_pkg:/opt/ros/humble')]), 'shell': False}
[1.164678] (interfaces_pkg) StdoutLine: {'line': b'[  0%] \x1b[34m\x1b[1mGenerating C code for ROS interfaces\x1b[0m\n'}
[1.169690] (interfaces_pkg) StdoutLine: {'line': b'[  0%] \x1b[34m\x1b[1mGenerating C++ code for ROS interfaces\x1b[0m\n'}
[1.175722] (interfaces_pkg) StdoutLine: {'line': b'[  0%] Built target ament_cmake_python_copy_interfaces_pkg\n'}
[1.201308] (-) TimerEvent: {}
[1.301499] (-) TimerEvent: {}
[1.304040] (interfaces_pkg) StdoutLine: {'line': b'running egg_info\n'}
[1.304339] (interfaces_pkg) StdoutLine: {'line': b'creating interfaces_pkg.egg-info\n'}
[1.304436] (interfaces_pkg) StdoutLine: {'line': b'writing interfaces_pkg.egg-info/PKG-INFO\n'}
[1.304477] (interfaces_pkg) StdoutLine: {'line': b'writing dependency_links to interfaces_pkg.egg-info/dependency_links.txt\n'}
[1.304594] (interfaces_pkg) StdoutLine: {'line': b'writing top-level names to interfaces_pkg.egg-info/top_level.txt\n'}
[1.304666] (interfaces_pkg) StdoutLine: {'line': b"writing manifest file 'interfaces_pkg.egg-info/SOURCES.txt'\n"}
[1.305477] (interfaces_pkg) StdoutLine: {'line': b"reading manifest file 'interfaces_pkg.egg-info/SOURCES.txt'\n"}
[1.305641] (interfaces_pkg) StdoutLine: {'line': b"writing manifest file 'interfaces_pkg.egg-info/SOURCES.txt'\n"}
[1.318536] (interfaces_pkg) StdoutLine: {'line': b'[  0%] Built target ament_cmake_python_build_interfaces_pkg_egg\n'}
[1.401573] (-) TimerEvent: {}
[1.501785] (-) TimerEvent: {}
[1.601991] (-) TimerEvent: {}
[1.702227] (-) TimerEvent: {}
[1.706841] (interfaces_pkg) StdoutLine: {'line': b'[  0%] Built target interfaces_pkg__cpp\n'}
[1.714896] (interfaces_pkg) StdoutLine: {'line': b'[  1%] \x1b[34m\x1b[1mGenerating C++ introspection for ROS interfaces\x1b[0m\n'}
[1.715284] (interfaces_pkg) StdoutLine: {'line': b'[  1%] \x1b[34m\x1b[1mGenerating C++ type support for eProsima Fast-RTPS\x1b[0m\n'}
[1.715379] (interfaces_pkg) StdoutLine: {'line': b'[  2%] \x1b[34m\x1b[1mGenerating C++ type support dispatch for ROS interfaces\x1b[0m\n'}
[1.760742] (interfaces_pkg) StdoutLine: {'line': b'[  2%] \x1b[32mBuilding C object CMakeFiles/interfaces_pkg__rosidl_generator_c.dir/rosidl_generator_c/interfaces_pkg/msg/detail/target_point__functions.c.o\x1b[0m\n'}
[1.761094] (interfaces_pkg) StdoutLine: {'line': b'[  7%] \x1b[32mBuilding C object CMakeFiles/interfaces_pkg__rosidl_generator_c.dir/rosidl_generator_c/interfaces_pkg/msg/detail/pose2_d__functions.c.o\x1b[0m\n'}
[1.761136] (interfaces_pkg) StdoutLine: {'line': b'[  7%] \x1b[32mBuilding C object CMakeFiles/interfaces_pkg__rosidl_generator_c.dir/rosidl_generator_c/interfaces_pkg/msg/detail/vector2__functions.c.o\x1b[0m\n'}
[1.761160] (interfaces_pkg) StdoutLine: {'line': b'[  7%] \x1b[32mBuilding C object CMakeFiles/interfaces_pkg__rosidl_generator_c.dir/rosidl_generator_c/interfaces_pkg/msg/detail/point2_d__functions.c.o\x1b[0m\n'}
[1.761182] (interfaces_pkg) StdoutLine: {'line': b'[  7%] \x1b[32mBuilding C object CMakeFiles/interfaces_pkg__rosidl_generator_c.dir/rosidl_generator_c/interfaces_pkg/msg/detail/key_point3_d_array__functions.c.o\x1b[0m\n'}
[1.761495] (interfaces_pkg) StdoutLine: {'line': b'[  7%] \x1b[32mBuilding C object CMakeFiles/interfaces_pkg__rosidl_generator_c.dir/rosidl_generator_c/interfaces_pkg/msg/detail/bounding_box2_d__functions.c.o\x1b[0m\n'}
[1.761609] (interfaces_pkg) StdoutLine: {'line': b'[  7%] \x1b[32mBuilding C object CMakeFiles/interfaces_pkg__rosidl_generator_c.dir/rosidl_generator_c/interfaces_pkg/msg/detail/bounding_box3_d__functions.c.o\x1b[0m\n'}
[1.761656] (interfaces_pkg) StdoutLine: {'line': b'[  8%] \x1b[32mBuilding C object CMakeFiles/interfaces_pkg__rosidl_generator_c.dir/rosidl_generator_c/interfaces_pkg/msg/detail/detection_array__functions.c.o\x1b[0m\n'}
[1.761678] (interfaces_pkg) StdoutLine: {'line': b'[  9%] \x1b[32mBuilding C object CMakeFiles/interfaces_pkg__rosidl_generator_c.dir/rosidl_generator_c/interfaces_pkg/msg/detail/detection__functions.c.o\x1b[0m\n'}
[1.761701] (interfaces_pkg) StdoutLine: {'line': b'[  9%] \x1b[32mBuilding C object CMakeFiles/interfaces_pkg__rosidl_generator_c.dir/rosidl_generator_c/interfaces_pkg/msg/detail/key_point2_d_array__functions.c.o\x1b[0m\n'}
[1.761779] (interfaces_pkg) StdoutLine: {'line': b'[  8%] \x1b[32mBuilding C object CMakeFiles/interfaces_pkg__rosidl_generator_c.dir/rosidl_generator_c/interfaces_pkg/msg/detail/mask__functions.c.o\x1b[0m\n'}
[1.761859] (interfaces_pkg) StdoutLine: {'line': b'[ 10%] \x1b[32mBuilding C object CMakeFiles/interfaces_pkg__rosidl_generator_c.dir/rosidl_generator_c/interfaces_pkg/msg/detail/key_point3_d__functions.c.o\x1b[0m\n'}
[1.761914] (interfaces_pkg) StdoutLine: {'line': b'[ 10%] \x1b[32mBuilding C object CMakeFiles/interfaces_pkg__rosidl_generator_c.dir/rosidl_generator_c/interfaces_pkg/msg/detail/motion_command__functions.c.o\x1b[0m\n'}
[1.762266] (interfaces_pkg) StdoutLine: {'line': b'[ 11%] \x1b[32mBuilding C object CMakeFiles/interfaces_pkg__rosidl_generator_c.dir/rosidl_generator_c/interfaces_pkg/msg/detail/path_planning_result__functions.c.o\x1b[0m\n'}
[1.762376] (interfaces_pkg) StdoutLine: {'line': b'[ 12%] \x1b[32mBuilding C object CMakeFiles/interfaces_pkg__rosidl_generator_c.dir/rosidl_generator_c/interfaces_pkg/msg/detail/lane_info__functions.c.o\x1b[0m\n'}
[1.762479] (interfaces_pkg) StdoutLine: {'line': b'[ 13%] \x1b[32mBuilding C object CMakeFiles/interfaces_pkg__rosidl_generator_c.dir/rosidl_generator_c/interfaces_pkg/msg/detail/key_point2_d__functions.c.o\x1b[0m\n'}
[1.802246] (-) TimerEvent: {}
[1.802421] (interfaces_pkg) StdoutLine: {'line': b'[ 14%] \x1b[32m\x1b[1mLinking C shared library libinterfaces_pkg__rosidl_generator_c.so\x1b[0m\n'}
[1.829842] (interfaces_pkg) StdoutLine: {'line': b'[ 14%] Built target interfaces_pkg__rosidl_generator_c\n'}
[1.835865] (interfaces_pkg) StdoutLine: {'line': b'[ 15%] \x1b[34m\x1b[1mGenerating C introspection for ROS interfaces\x1b[0m\n'}
[1.836829] (interfaces_pkg) StdoutLine: {'line': b'[ 16%] \x1b[34m\x1b[1mGenerating C type support for eProsima Fast-RTPS\x1b[0m\n'}
[1.837186] (interfaces_pkg) StdoutLine: {'line': b'[ 17%] \x1b[34m\x1b[1mGenerating C type support dispatch for ROS interfaces\x1b[0m\n'}
[1.902328] (-) TimerEvent: {}
[2.002516] (-) TimerEvent: {}
[2.102701] (-) TimerEvent: {}
[2.115482] (interfaces_pkg) StdoutLine: {'line': b'[ 19%] \x1b[32mBuilding CXX object CMakeFiles/interfaces_pkg__rosidl_typesupport_cpp.dir/rosidl_typesupport_cpp/interfaces_pkg/msg/point2_d__type_support.cpp.o\x1b[0m\n'}
[2.115677] (interfaces_pkg) StdoutLine: {'line': b'[ 19%] \x1b[32mBuilding CXX object CMakeFiles/interfaces_pkg__rosidl_typesupport_cpp.dir/rosidl_typesupport_cpp/interfaces_pkg/msg/vector2__type_support.cpp.o\x1b[0m\n'}
[2.115726] (interfaces_pkg) StdoutLine: {'line': b'[ 19%] \x1b[32mBuilding CXX object CMakeFiles/interfaces_pkg__rosidl_typesupport_cpp.dir/rosidl_typesupport_cpp/interfaces_pkg/msg/bounding_box3_d__type_support.cpp.o\x1b[0m\n'}
[2.115765] (interfaces_pkg) StdoutLine: {'line': b'[ 20%] \x1b[32mBuilding CXX object CMakeFiles/interfaces_pkg__rosidl_typesupport_cpp.dir/rosidl_typesupport_cpp/interfaces_pkg/msg/key_point2_d__type_support.cpp.o\x1b[0m\n'}
[2.115800] (interfaces_pkg) StdoutLine: {'line': b'[ 19%] \x1b[32mBuilding CXX object CMakeFiles/interfaces_pkg__rosidl_typesupport_cpp.dir/rosidl_typesupport_cpp/interfaces_pkg/msg/bounding_box2_d__type_support.cpp.o\x1b[0m\n'}
[2.115835] (interfaces_pkg) StdoutLine: {'line': b'[ 21%] \x1b[32mBuilding CXX object CMakeFiles/interfaces_pkg__rosidl_typesupport_cpp.dir/rosidl_typesupport_cpp/interfaces_pkg/msg/key_point3_d__type_support.cpp.o\x1b[0m\n'}
[2.115866] (interfaces_pkg) StdoutLine: {'line': b'[ 23%] \x1b[32mBuilding CXX object CMakeFiles/interfaces_pkg__rosidl_typesupport_cpp.dir/rosidl_typesupport_cpp/interfaces_pkg/msg/pose2_d__type_support.cpp.o\x1b[0m\n'}
[2.115896] (interfaces_pkg) StdoutLine: {'line': b'[ 23%] \x1b[32mBuilding CXX object CMakeFiles/interfaces_pkg__rosidl_typesupport_cpp.dir/rosidl_typesupport_cpp/interfaces_pkg/msg/mask__type_support.cpp.o\x1b[0m\n'}
[2.115930] (interfaces_pkg) StdoutLine: {'line': b'[ 23%] \x1b[32mBuilding CXX object CMakeFiles/interfaces_pkg__rosidl_typesupport_cpp.dir/rosidl_typesupport_cpp/interfaces_pkg/msg/key_point2_d_array__type_support.cpp.o\x1b[0m\n'}
[2.115960] (interfaces_pkg) StdoutLine: {'line': b'[ 24%] \x1b[32mBuilding CXX object CMakeFiles/interfaces_pkg__rosidl_typesupport_cpp.dir/rosidl_typesupport_cpp/interfaces_pkg/msg/lane_info__type_support.cpp.o\x1b[0m\n'}
[2.115991] (interfaces_pkg) StdoutLine: {'line': b'[ 24%] \x1b[32mBuilding CXX object CMakeFiles/interfaces_pkg__rosidl_typesupport_cpp.dir/rosidl_typesupport_cpp/interfaces_pkg/msg/motion_command__type_support.cpp.o\x1b[0m\n'}
[2.116025] (interfaces_pkg) StdoutLine: {'line': b'[ 25%] \x1b[32mBuilding CXX object CMakeFiles/interfaces_pkg__rosidl_typesupport_cpp.dir/rosidl_typesupport_cpp/interfaces_pkg/msg/key_point3_d_array__type_support.cpp.o\x1b[0m\n'}
[2.116056] (interfaces_pkg) StdoutLine: {'line': b'[ 25%] \x1b[32mBuilding CXX object CMakeFiles/interfaces_pkg__rosidl_typesupport_cpp.dir/rosidl_typesupport_cpp/interfaces_pkg/msg/detection__type_support.cpp.o\x1b[0m\n'}
[2.116343] (interfaces_pkg) StdoutLine: {'line': b'[ 26%] \x1b[32mBuilding CXX object CMakeFiles/interfaces_pkg__rosidl_typesupport_cpp.dir/rosidl_typesupport_cpp/interfaces_pkg/msg/detection_array__type_support.cpp.o\x1b[0m\n'}
[2.120535] (interfaces_pkg) StdoutLine: {'line': b'[ 27%] \x1b[32mBuilding CXX object CMakeFiles/interfaces_pkg__rosidl_typesupport_cpp.dir/rosidl_typesupport_cpp/interfaces_pkg/msg/target_point__type_support.cpp.o\x1b[0m\n'}
[2.202881] (-) TimerEvent: {}
[2.303342] (-) TimerEvent: {}
[2.341111] (interfaces_pkg) StdoutLine: {'line': b'[ 28%] \x1b[32mBuilding CXX object CMakeFiles/interfaces_pkg__rosidl_typesupport_cpp.dir/rosidl_typesupport_cpp/interfaces_pkg/msg/path_planning_result__type_support.cpp.o\x1b[0m\n'}
[2.370509] (interfaces_pkg) StdoutLine: {'line': b'[ 28%] \x1b[32mBuilding CXX object CMakeFiles/interfaces_pkg__rosidl_typesupport_c.dir/rosidl_typesupport_c/interfaces_pkg/msg/point2_d__type_support.cpp.o\x1b[0m\n'}
[2.374454] (interfaces_pkg) StdoutLine: {'line': b'[ 30%] \x1b[32mBuilding CXX object CMakeFiles/interfaces_pkg__rosidl_typesupport_c.dir/rosidl_typesupport_c/interfaces_pkg/msg/pose2_d__type_support.cpp.o\x1b[0m\n'}
[2.374773] (interfaces_pkg) StdoutLine: {'line': b'[ 30%] \x1b[32mBuilding CXX object CMakeFiles/interfaces_pkg__rosidl_typesupport_c.dir/rosidl_typesupport_c/interfaces_pkg/msg/vector2__type_support.cpp.o\x1b[0m\n'}
[2.374815] (interfaces_pkg) StdoutLine: {'line': b'[ 30%] \x1b[32mBuilding CXX object CMakeFiles/interfaces_pkg__rosidl_typesupport_c.dir/rosidl_typesupport_c/interfaces_pkg/msg/bounding_box2_d__type_support.cpp.o\x1b[0m\n'}
[2.380730] (interfaces_pkg) StdoutLine: {'line': b'[ 31%] \x1b[32mBuilding CXX object CMakeFiles/interfaces_pkg__rosidl_typesupport_c.dir/rosidl_typesupport_c/interfaces_pkg/msg/bounding_box3_d__type_support.cpp.o\x1b[0m\n'}
[2.381765] (interfaces_pkg) StdoutLine: {'line': b'[ 32%] \x1b[32mBuilding CXX object CMakeFiles/interfaces_pkg__rosidl_typesupport_c.dir/rosidl_typesupport_c/interfaces_pkg/msg/mask__type_support.cpp.o\x1b[0m\n'}
[2.384903] (interfaces_pkg) StdoutLine: {'line': b'[ 32%] \x1b[32mBuilding CXX object CMakeFiles/interfaces_pkg__rosidl_typesupport_c.dir/rosidl_typesupport_c/interfaces_pkg/msg/key_point2_d__type_support.cpp.o\x1b[0m\n'}
[2.387670] (interfaces_pkg) StdoutLine: {'line': b'[ 33%] \x1b[32mBuilding CXX object CMakeFiles/interfaces_pkg__rosidl_typesupport_c.dir/rosidl_typesupport_c/interfaces_pkg/msg/key_point2_d_array__type_support.cpp.o\x1b[0m\n'}
[2.389689] (interfaces_pkg) StdoutLine: {'line': b'[ 34%] \x1b[32mBuilding CXX object CMakeFiles/interfaces_pkg__rosidl_typesupport_c.dir/rosidl_typesupport_c/interfaces_pkg/msg/key_point3_d_array__type_support.cpp.o\x1b[0m\n'}
[2.389970] (interfaces_pkg) StdoutLine: {'line': b'[ 34%] \x1b[32mBuilding CXX object CMakeFiles/interfaces_pkg__rosidl_typesupport_c.dir/rosidl_typesupport_c/interfaces_pkg/msg/key_point3_d__type_support.cpp.o\x1b[0m\n'}
[2.391162] (interfaces_pkg) StdoutLine: {'line': b'[ 35%] \x1b[32mBuilding CXX object CMakeFiles/interfaces_pkg__rosidl_typesupport_c.dir/rosidl_typesupport_c/interfaces_pkg/msg/detection__type_support.cpp.o\x1b[0m\n'}
[2.395346] (interfaces_pkg) StdoutLine: {'line': b'[ 36%] \x1b[32mBuilding CXX object CMakeFiles/interfaces_pkg__rosidl_typesupport_introspection_cpp.dir/rosidl_typesupport_introspection_cpp/interfaces_pkg/msg/detail/pose2_d__type_support.cpp.o\x1b[0m\n'}
[2.395586] (interfaces_pkg) StdoutLine: {'line': b'[ 36%] \x1b[32mBuilding CXX object CMakeFiles/interfaces_pkg__rosidl_typesupport_introspection_cpp.dir/rosidl_typesupport_introspection_cpp/interfaces_pkg/msg/detail/vector2__type_support.cpp.o\x1b[0m\n'}
[2.395635] (interfaces_pkg) StdoutLine: {'line': b'[ 37%] \x1b[32mBuilding CXX object CMakeFiles/interfaces_pkg__rosidl_typesupport_introspection_cpp.dir/rosidl_typesupport_introspection_cpp/interfaces_pkg/msg/detail/point2_d__type_support.cpp.o\x1b[0m\n'}
[2.395677] (interfaces_pkg) StdoutLine: {'line': b'[ 38%] \x1b[32mBuilding CXX object CMakeFiles/interfaces_pkg__rosidl_typesupport_c.dir/rosidl_typesupport_c/interfaces_pkg/msg/lane_info__type_support.cpp.o\x1b[0m\n'}
[2.395717] (interfaces_pkg) StdoutLine: {'line': b'[ 38%] \x1b[32mBuilding CXX object CMakeFiles/interfaces_pkg__rosidl_typesupport_c.dir/rosidl_typesupport_c/interfaces_pkg/msg/detection_array__type_support.cpp.o\x1b[0m\n'}
[2.401031] (interfaces_pkg) StdoutLine: {'line': b'[ 41%] \x1b[32mBuilding CXX object CMakeFiles/interfaces_pkg__rosidl_typesupport_introspection_cpp.dir/rosidl_typesupport_introspection_cpp/interfaces_pkg/msg/detail/bounding_box2_d__type_support.cpp.o\x1b[0m\n'}
[2.401569] (interfaces_pkg) StdoutLine: {'line': b'[ 41%] \x1b[32mBuilding CXX object CMakeFiles/interfaces_pkg__rosidl_typesupport_introspection_cpp.dir/rosidl_typesupport_introspection_cpp/interfaces_pkg/msg/detail/bounding_box3_d__type_support.cpp.o\x1b[0m\n'}
[2.401625] (interfaces_pkg) StdoutLine: {'line': b'[ 41%] \x1b[32mBuilding CXX object CMakeFiles/interfaces_pkg__rosidl_typesupport_c.dir/rosidl_typesupport_c/interfaces_pkg/msg/motion_command__type_support.cpp.o\x1b[0m\n'}
[2.403476] (-) TimerEvent: {}
[2.407871] (interfaces_pkg) StdoutLine: {'line': b'[ 43%] \x1b[32mBuilding CXX object CMakeFiles/interfaces_pkg__rosidl_typesupport_c.dir/rosidl_typesupport_c/interfaces_pkg/msg/target_point__type_support.cpp.o\x1b[0m\n'}
[2.408876] (interfaces_pkg) StdoutLine: {'line': b'[ 43%] \x1b[32mBuilding CXX object CMakeFiles/interfaces_pkg__rosidl_typesupport_fastrtps_cpp.dir/rosidl_typesupport_fastrtps_cpp/interfaces_pkg/msg/detail/dds_fastrtps/point2_d__type_support.cpp.o\x1b[0m\n'}
[2.415972] (interfaces_pkg) StdoutLine: {'line': b'[ 44%] \x1b[32mBuilding CXX object CMakeFiles/interfaces_pkg__rosidl_typesupport_fastrtps_cpp.dir/rosidl_typesupport_fastrtps_cpp/interfaces_pkg/msg/detail/dds_fastrtps/vector2__type_support.cpp.o\x1b[0m\n'}
[2.416338] (interfaces_pkg) StdoutLine: {'line': b'[ 44%] \x1b[32mBuilding CXX object CMakeFiles/interfaces_pkg__rosidl_typesupport_introspection_cpp.dir/rosidl_typesupport_introspection_cpp/interfaces_pkg/msg/detail/mask__type_support.cpp.o\x1b[0m\n'}
[2.416401] (interfaces_pkg) StdoutLine: {'line': b'[ 44%] \x1b[32mBuilding CXX object CMakeFiles/interfaces_pkg__rosidl_typesupport_fastrtps_cpp.dir/rosidl_typesupport_fastrtps_cpp/interfaces_pkg/msg/detail/dds_fastrtps/pose2_d__type_support.cpp.o\x1b[0m\n'}
[2.417296] (interfaces_pkg) StdoutLine: {'line': b'[ 44%] \x1b[32mBuilding CXX object CMakeFiles/interfaces_pkg__rosidl_typesupport_c.dir/rosidl_typesupport_c/interfaces_pkg/msg/path_planning_result__type_support.cpp.o\x1b[0m\n'}
[2.421357] (interfaces_pkg) StdoutLine: {'line': b'[ 46%] \x1b[32mBuilding CXX object CMakeFiles/interfaces_pkg__rosidl_typesupport_introspection_cpp.dir/rosidl_typesupport_introspection_cpp/interfaces_pkg/msg/detail/key_point2_d__type_support.cpp.o\x1b[0m\n'}
[2.421758] (interfaces_pkg) StdoutLine: {'line': b'[ 46%] \x1b[32mBuilding CXX object CMakeFiles/interfaces_pkg__rosidl_typesupport_fastrtps_cpp.dir/rosidl_typesupport_fastrtps_cpp/interfaces_pkg/msg/detail/dds_fastrtps/bounding_box3_d__type_support.cpp.o\x1b[0m\n'}
[2.421852] (interfaces_pkg) StdoutLine: {'line': b'[ 46%] \x1b[32mBuilding CXX object CMakeFiles/interfaces_pkg__rosidl_typesupport_fastrtps_cpp.dir/rosidl_typesupport_fastrtps_cpp/interfaces_pkg/msg/detail/dds_fastrtps/bounding_box2_d__type_support.cpp.o\x1b[0m\n'}
[2.425726] (interfaces_pkg) StdoutLine: {'line': b'[ 46%] \x1b[32mBuilding CXX object CMakeFiles/interfaces_pkg__rosidl_typesupport_introspection_cpp.dir/rosidl_typesupport_introspection_cpp/interfaces_pkg/msg/detail/key_point3_d__type_support.cpp.o\x1b[0m\n'}
[2.426072] (interfaces_pkg) StdoutLine: {'line': b'[ 47%] \x1b[32mBuilding CXX object CMakeFiles/interfaces_pkg__rosidl_typesupport_introspection_cpp.dir/rosidl_typesupport_introspection_cpp/interfaces_pkg/msg/detail/key_point2_d_array__type_support.cpp.o\x1b[0m\n'}
[2.433702] (interfaces_pkg) StdoutLine: {'line': b'[ 48%] \x1b[32mBuilding CXX object CMakeFiles/interfaces_pkg__rosidl_typesupport_fastrtps_cpp.dir/rosidl_typesupport_fastrtps_cpp/interfaces_pkg/msg/detail/dds_fastrtps/mask__type_support.cpp.o\x1b[0m\n'}
[2.441737] (interfaces_pkg) StdoutLine: {'line': b'[ 49%] \x1b[32mBuilding CXX object CMakeFiles/interfaces_pkg__rosidl_typesupport_introspection_cpp.dir/rosidl_typesupport_introspection_cpp/interfaces_pkg/msg/detail/key_point3_d_array__type_support.cpp.o\x1b[0m\n'}
[2.459393] (interfaces_pkg) StdoutLine: {'line': b'[ 50%] \x1b[32m\x1b[1mLinking CXX shared library libinterfaces_pkg__rosidl_typesupport_c.so\x1b[0m\n'}
[2.503772] (-) TimerEvent: {}
[2.504179] (interfaces_pkg) StdoutLine: {'line': b'[ 50%] Built target interfaces_pkg__rosidl_typesupport_c\n'}
[2.512589] (interfaces_pkg) StdoutLine: {'line': b'[ 51%] \x1b[32mBuilding CXX object CMakeFiles/interfaces_pkg__rosidl_typesupport_introspection_cpp.dir/rosidl_typesupport_introspection_cpp/interfaces_pkg/msg/detail/detection__type_support.cpp.o\x1b[0m\n'}
[2.593054] (interfaces_pkg) StdoutLine: {'line': b'[ 51%] \x1b[32m\x1b[1mLinking CXX shared library libinterfaces_pkg__rosidl_typesupport_cpp.so\x1b[0m\n'}
[2.603902] (-) TimerEvent: {}
[2.649253] (interfaces_pkg) StdoutLine: {'line': b'[ 51%] Built target interfaces_pkg__rosidl_typesupport_cpp\n'}
[2.673037] (interfaces_pkg) StdoutLine: {'line': b'[ 51%] \x1b[32mBuilding CXX object CMakeFiles/interfaces_pkg__rosidl_typesupport_introspection_cpp.dir/rosidl_typesupport_introspection_cpp/interfaces_pkg/msg/detail/detection_array__type_support.cpp.o\x1b[0m\n'}
[2.706063] (-) TimerEvent: {}
[2.772154] (interfaces_pkg) StdoutLine: {'line': b'[ 52%] \x1b[32mBuilding CXX object CMakeFiles/interfaces_pkg__rosidl_typesupport_introspection_cpp.dir/rosidl_typesupport_introspection_cpp/interfaces_pkg/msg/detail/lane_info__type_support.cpp.o\x1b[0m\n'}
[2.772579] (interfaces_pkg) StdoutLine: {'line': b'[ 54%] \x1b[32mBuilding CXX object CMakeFiles/interfaces_pkg__rosidl_typesupport_fastrtps_cpp.dir/rosidl_typesupport_fastrtps_cpp/interfaces_pkg/msg/detail/dds_fastrtps/key_point2_d_array__type_support.cpp.o\x1b[0m\n'}
[2.772686] (interfaces_pkg) StdoutLine: {'line': b'[ 54%] \x1b[32mBuilding C object CMakeFiles/interfaces_pkg__rosidl_typesupport_introspection_c.dir/rosidl_typesupport_introspection_c/interfaces_pkg/msg/detail/point2_d__type_support.c.o\x1b[0m\n'}
[2.772734] (interfaces_pkg) StdoutLine: {'line': b'[ 54%] \x1b[32mBuilding CXX object CMakeFiles/interfaces_pkg__rosidl_typesupport_fastrtps_cpp.dir/rosidl_typesupport_fastrtps_cpp/interfaces_pkg/msg/detail/dds_fastrtps/key_point2_d__type_support.cpp.o\x1b[0m\n'}
[2.781515] (interfaces_pkg) StdoutLine: {'line': b'[ 54%] \x1b[32mBuilding C object CMakeFiles/interfaces_pkg__rosidl_typesupport_introspection_c.dir/rosidl_typesupport_introspection_c/interfaces_pkg/msg/detail/vector2__type_support.c.o\x1b[0m\n'}
[2.781823] (interfaces_pkg) StdoutLine: {'line': b'[ 55%] \x1b[32mBuilding CXX object CMakeFiles/interfaces_pkg__rosidl_typesupport_fastrtps_cpp.dir/rosidl_typesupport_fastrtps_cpp/interfaces_pkg/msg/detail/dds_fastrtps/key_point3_d__type_support.cpp.o\x1b[0m\n'}
[2.786922] (interfaces_pkg) StdoutLine: {'line': b'[ 56%] \x1b[32mBuilding C object CMakeFiles/interfaces_pkg__rosidl_typesupport_introspection_c.dir/rosidl_typesupport_introspection_c/interfaces_pkg/msg/detail/pose2_d__type_support.c.o\x1b[0m\n'}
[2.793571] (interfaces_pkg) StdoutLine: {'line': b'[ 58%] \x1b[32mBuilding CXX object CMakeFiles/interfaces_pkg__rosidl_typesupport_introspection_cpp.dir/rosidl_typesupport_introspection_cpp/interfaces_pkg/msg/detail/motion_command__type_support.cpp.o\x1b[0m\n'}
[2.793836] (interfaces_pkg) StdoutLine: {'line': b'[ 58%] \x1b[32mBuilding CXX object CMakeFiles/interfaces_pkg__rosidl_typesupport_fastrtps_cpp.dir/rosidl_typesupport_fastrtps_cpp/interfaces_pkg/msg/detail/dds_fastrtps/key_point3_d_array__type_support.cpp.o\x1b[0m\n'}
[2.802658] (interfaces_pkg) StdoutLine: {'line': b'[ 58%] \x1b[32mBuilding CXX object CMakeFiles/interfaces_pkg__rosidl_typesupport_introspection_cpp.dir/rosidl_typesupport_introspection_cpp/interfaces_pkg/msg/detail/target_point__type_support.cpp.o\x1b[0m\n'}
[2.805721] (interfaces_pkg) StdoutLine: {'line': b'[ 58%] \x1b[32mBuilding CXX object CMakeFiles/interfaces_pkg__rosidl_typesupport_fastrtps_cpp.dir/rosidl_typesupport_fastrtps_cpp/interfaces_pkg/msg/detail/dds_fastrtps/detection__type_support.cpp.o\x1b[0m\n'}
[2.806045] (-) TimerEvent: {}
[2.807457] (interfaces_pkg) StdoutLine: {'line': b'[ 59%] \x1b[32mBuilding CXX object CMakeFiles/interfaces_pkg__rosidl_typesupport_introspection_cpp.dir/rosidl_typesupport_introspection_cpp/interfaces_pkg/msg/detail/path_planning_result__type_support.cpp.o\x1b[0m\n'}
[2.813248] (interfaces_pkg) StdoutLine: {'line': b'[ 60%] \x1b[32mBuilding C object CMakeFiles/interfaces_pkg__rosidl_typesupport_introspection_c.dir/rosidl_typesupport_introspection_c/interfaces_pkg/msg/detail/bounding_box2_d__type_support.c.o\x1b[0m\n'}
[2.819053] (interfaces_pkg) StdoutLine: {'line': b'[ 60%] \x1b[32mBuilding C object CMakeFiles/interfaces_pkg__rosidl_typesupport_introspection_c.dir/rosidl_typesupport_introspection_c/interfaces_pkg/msg/detail/bounding_box3_d__type_support.c.o\x1b[0m\n'}
[2.822754] (interfaces_pkg) StdoutLine: {'line': b'[ 61%] \x1b[32mBuilding CXX object CMakeFiles/interfaces_pkg__rosidl_typesupport_fastrtps_cpp.dir/rosidl_typesupport_fastrtps_cpp/interfaces_pkg/msg/detail/dds_fastrtps/detection_array__type_support.cpp.o\x1b[0m\n'}
[2.826342] (interfaces_pkg) StdoutLine: {'line': b'[ 62%] \x1b[32mBuilding CXX object CMakeFiles/interfaces_pkg__rosidl_typesupport_fastrtps_cpp.dir/rosidl_typesupport_fastrtps_cpp/interfaces_pkg/msg/detail/dds_fastrtps/motion_command__type_support.cpp.o\x1b[0m\n'}
[2.826681] (interfaces_pkg) StdoutLine: {'line': b'[ 62%] \x1b[32mBuilding CXX object CMakeFiles/interfaces_pkg__rosidl_typesupport_fastrtps_cpp.dir/rosidl_typesupport_fastrtps_cpp/interfaces_pkg/msg/detail/dds_fastrtps/lane_info__type_support.cpp.o\x1b[0m\n'}
[2.850588] (interfaces_pkg) StdoutLine: {'line': b'[ 63%] \x1b[32mBuilding C object CMakeFiles/interfaces_pkg__rosidl_typesupport_introspection_c.dir/rosidl_typesupport_introspection_c/interfaces_pkg/msg/detail/mask__type_support.c.o\x1b[0m\n'}
[2.850840] (interfaces_pkg) StdoutLine: {'line': b'[ 64%] \x1b[32mBuilding C object CMakeFiles/interfaces_pkg__rosidl_typesupport_introspection_c.dir/rosidl_typesupport_introspection_c/interfaces_pkg/msg/detail/key_point2_d__type_support.c.o\x1b[0m\n'}
[2.852098] (interfaces_pkg) StdoutLine: {'line': b'[ 64%] \x1b[32mBuilding C object CMakeFiles/interfaces_pkg__rosidl_typesupport_introspection_c.dir/rosidl_typesupport_introspection_c/interfaces_pkg/msg/detail/key_point2_d_array__type_support.c.o\x1b[0m\n'}
[2.865178] (interfaces_pkg) StdoutLine: {'line': b'[ 65%] \x1b[32mBuilding C object CMakeFiles/interfaces_pkg__rosidl_typesupport_introspection_c.dir/rosidl_typesupport_introspection_c/interfaces_pkg/msg/detail/key_point3_d__type_support.c.o\x1b[0m\n'}
[2.865452] (interfaces_pkg) StdoutLine: {'line': b'[ 65%] \x1b[32mBuilding CXX object CMakeFiles/interfaces_pkg__rosidl_typesupport_fastrtps_c.dir/rosidl_typesupport_fastrtps_c/interfaces_pkg/msg/detail/point2_d__type_support_c.cpp.o\x1b[0m\n'}
[2.876696] (interfaces_pkg) StdoutLine: {'line': b'[ 66%] \x1b[32mBuilding C object CMakeFiles/interfaces_pkg__rosidl_typesupport_introspection_c.dir/rosidl_typesupport_introspection_c/interfaces_pkg/msg/detail/key_point3_d_array__type_support.c.o\x1b[0m\n'}
[2.885277] (interfaces_pkg) StdoutLine: {'line': b'[ 67%] \x1b[32mBuilding CXX object CMakeFiles/interfaces_pkg__rosidl_typesupport_fastrtps_c.dir/rosidl_typesupport_fastrtps_c/interfaces_pkg/msg/detail/vector2__type_support_c.cpp.o\x1b[0m\n'}
[2.885630] (interfaces_pkg) StdoutLine: {'line': b'[ 68%] \x1b[32mBuilding CXX object CMakeFiles/interfaces_pkg__rosidl_typesupport_fastrtps_cpp.dir/rosidl_typesupport_fastrtps_cpp/interfaces_pkg/msg/detail/dds_fastrtps/target_point__type_support.cpp.o\x1b[0m\n'}
[2.890592] (interfaces_pkg) StdoutLine: {'line': b'[ 69%] \x1b[32mBuilding CXX object CMakeFiles/interfaces_pkg__rosidl_typesupport_fastrtps_c.dir/rosidl_typesupport_fastrtps_c/interfaces_pkg/msg/detail/pose2_d__type_support_c.cpp.o\x1b[0m\n'}
[2.900770] (interfaces_pkg) StdoutLine: {'line': b'[ 69%] \x1b[32mBuilding C object CMakeFiles/interfaces_pkg__rosidl_typesupport_introspection_c.dir/rosidl_typesupport_introspection_c/interfaces_pkg/msg/detail/detection__type_support.c.o\x1b[0m\n'}
[2.901162] (interfaces_pkg) StdoutLine: {'line': b'[ 69%] \x1b[32mBuilding CXX object CMakeFiles/interfaces_pkg__rosidl_typesupport_fastrtps_c.dir/rosidl_typesupport_fastrtps_c/interfaces_pkg/msg/detail/bounding_box2_d__type_support_c.cpp.o\x1b[0m\n'}
[2.906202] (-) TimerEvent: {}
[2.921724] (interfaces_pkg) StdoutLine: {'line': b'[ 70%] \x1b[32mBuilding CXX object CMakeFiles/interfaces_pkg__rosidl_typesupport_fastrtps_cpp.dir/rosidl_typesupport_fastrtps_cpp/interfaces_pkg/msg/detail/dds_fastrtps/path_planning_result__type_support.cpp.o\x1b[0m\n'}
[2.946883] (interfaces_pkg) StdoutLine: {'line': b'[ 71%] \x1b[32mBuilding C object CMakeFiles/interfaces_pkg__rosidl_typesupport_introspection_c.dir/rosidl_typesupport_introspection_c/interfaces_pkg/msg/detail/detection_array__type_support.c.o\x1b[0m\n'}
[2.990334] (interfaces_pkg) StdoutLine: {'line': b'[ 72%] \x1b[32mBuilding C object CMakeFiles/interfaces_pkg__rosidl_typesupport_introspection_c.dir/rosidl_typesupport_introspection_c/interfaces_pkg/msg/detail/lane_info__type_support.c.o\x1b[0m\n'}
[3.006357] (-) TimerEvent: {}
[3.038335] (interfaces_pkg) StdoutLine: {'line': b'[ 72%] \x1b[32mBuilding C object CMakeFiles/interfaces_pkg__rosidl_typesupport_introspection_c.dir/rosidl_typesupport_introspection_c/interfaces_pkg/msg/detail/motion_command__type_support.c.o\x1b[0m\n'}
[3.083015] (interfaces_pkg) StdoutLine: {'line': b'[ 73%] \x1b[32mBuilding C object CMakeFiles/interfaces_pkg__rosidl_typesupport_introspection_c.dir/rosidl_typesupport_introspection_c/interfaces_pkg/msg/detail/target_point__type_support.c.o\x1b[0m\n'}
[3.106529] (-) TimerEvent: {}
[3.120409] (interfaces_pkg) StdoutLine: {'line': b'[ 74%] \x1b[32mBuilding C object CMakeFiles/interfaces_pkg__rosidl_typesupport_introspection_c.dir/rosidl_typesupport_introspection_c/interfaces_pkg/msg/detail/path_planning_result__type_support.c.o\x1b[0m\n'}
[3.145096] (interfaces_pkg) StdoutLine: {'line': b'[ 75%] \x1b[32mBuilding CXX object CMakeFiles/interfaces_pkg__rosidl_typesupport_fastrtps_c.dir/rosidl_typesupport_fastrtps_c/interfaces_pkg/msg/detail/bounding_box3_d__type_support_c.cpp.o\x1b[0m\n'}
[3.145425] (interfaces_pkg) StdoutLine: {'line': b'[ 76%] \x1b[32mBuilding CXX object CMakeFiles/interfaces_pkg__rosidl_typesupport_fastrtps_c.dir/rosidl_typesupport_fastrtps_c/interfaces_pkg/msg/detail/mask__type_support_c.cpp.o\x1b[0m\n'}
[3.162301] (interfaces_pkg) StdoutLine: {'line': b'[ 76%] \x1b[32m\x1b[1mLinking C shared library libinterfaces_pkg__rosidl_typesupport_introspection_c.so\x1b[0m\n'}
[3.164041] (interfaces_pkg) StdoutLine: {'line': b'[ 76%] \x1b[32mBuilding CXX object CMakeFiles/interfaces_pkg__rosidl_typesupport_fastrtps_c.dir/rosidl_typesupport_fastrtps_c/interfaces_pkg/msg/detail/key_point2_d__type_support_c.cpp.o\x1b[0m\n'}
[3.164279] (interfaces_pkg) StdoutLine: {'line': b'[ 78%] \x1b[32mBuilding CXX object CMakeFiles/interfaces_pkg__rosidl_typesupport_fastrtps_c.dir/rosidl_typesupport_fastrtps_c/interfaces_pkg/msg/detail/key_point3_d__type_support_c.cpp.o\x1b[0m\n'}
[3.164348] (interfaces_pkg) StdoutLine: {'line': b'[ 78%] \x1b[32mBuilding CXX object CMakeFiles/interfaces_pkg__rosidl_typesupport_fastrtps_c.dir/rosidl_typesupport_fastrtps_c/interfaces_pkg/msg/detail/key_point2_d_array__type_support_c.cpp.o\x1b[0m\n'}
[3.178578] (interfaces_pkg) StdoutLine: {'line': b'[ 78%] \x1b[32mBuilding CXX object CMakeFiles/interfaces_pkg__rosidl_typesupport_fastrtps_c.dir/rosidl_typesupport_fastrtps_c/interfaces_pkg/msg/detail/key_point3_d_array__type_support_c.cpp.o\x1b[0m\n'}
[3.196573] (interfaces_pkg) StdoutLine: {'line': b'[ 79%] \x1b[32mBuilding CXX object CMakeFiles/interfaces_pkg__rosidl_typesupport_fastrtps_c.dir/rosidl_typesupport_fastrtps_c/interfaces_pkg/msg/detail/detection__type_support_c.cpp.o\x1b[0m\n'}
[3.200671] (interfaces_pkg) StdoutLine: {'line': b'[ 80%] \x1b[32mBuilding CXX object CMakeFiles/interfaces_pkg__rosidl_typesupport_fastrtps_c.dir/rosidl_typesupport_fastrtps_c/interfaces_pkg/msg/detail/lane_info__type_support_c.cpp.o\x1b[0m\n'}
[3.200917] (interfaces_pkg) StdoutLine: {'line': b'[ 80%] \x1b[32mBuilding CXX object CMakeFiles/interfaces_pkg__rosidl_typesupport_fastrtps_c.dir/rosidl_typesupport_fastrtps_c/interfaces_pkg/msg/detail/detection_array__type_support_c.cpp.o\x1b[0m\n'}
[3.204265] (interfaces_pkg) StdoutLine: {'line': b'[ 80%] Built target interfaces_pkg__rosidl_typesupport_introspection_c\n'}
[3.206634] (-) TimerEvent: {}
[3.211505] (interfaces_pkg) StdoutLine: {'line': b'[ 82%] \x1b[32mBuilding CXX object CMakeFiles/interfaces_pkg__rosidl_typesupport_fastrtps_c.dir/rosidl_typesupport_fastrtps_c/interfaces_pkg/msg/detail/target_point__type_support_c.cpp.o\x1b[0m\n'}
[3.211740] (interfaces_pkg) StdoutLine: {'line': b'[ 82%] \x1b[32mBuilding CXX object CMakeFiles/interfaces_pkg__rosidl_typesupport_fastrtps_c.dir/rosidl_typesupport_fastrtps_c/interfaces_pkg/msg/detail/motion_command__type_support_c.cpp.o\x1b[0m\n'}
[3.214758] (interfaces_pkg) StdoutLine: {'line': b'[ 82%] \x1b[32mBuilding CXX object CMakeFiles/interfaces_pkg__rosidl_typesupport_fastrtps_c.dir/rosidl_typesupport_fastrtps_c/interfaces_pkg/msg/detail/path_planning_result__type_support_c.cpp.o\x1b[0m\n'}
[3.301423] (interfaces_pkg) StdoutLine: {'line': b'[ 83%] \x1b[32m\x1b[1mLinking CXX shared library libinterfaces_pkg__rosidl_typesupport_introspection_cpp.so\x1b[0m\n'}
[3.306823] (-) TimerEvent: {}
[3.343052] (interfaces_pkg) StdoutLine: {'line': b'[ 83%] \x1b[32m\x1b[1mLinking CXX shared library libinterfaces_pkg__rosidl_typesupport_fastrtps_cpp.so\x1b[0m\n'}
[3.406943] (-) TimerEvent: {}
[3.410600] (interfaces_pkg) StdoutLine: {'line': b'[ 83%] Built target interfaces_pkg__rosidl_typesupport_fastrtps_cpp\n'}
[3.420596] (interfaces_pkg) StdoutLine: {'line': b'[ 83%] Built target interfaces_pkg__rosidl_typesupport_introspection_cpp\n'}
[3.484019] (interfaces_pkg) StdoutLine: {'line': b'[ 84%] \x1b[32m\x1b[1mLinking CXX shared library libinterfaces_pkg__rosidl_typesupport_fastrtps_c.so\x1b[0m\n'}
[3.507048] (-) TimerEvent: {}
[3.528939] (interfaces_pkg) StdoutLine: {'line': b'[ 84%] Built target interfaces_pkg__rosidl_typesupport_fastrtps_c\n'}
[3.542708] (interfaces_pkg) StdoutLine: {'line': b'[ 84%] Built target interfaces_pkg\n'}
[3.564449] (interfaces_pkg) StdoutLine: {'line': b'[ 85%] \x1b[34m\x1b[1mGenerating Python code for ROS interfaces\x1b[0m\n'}
[3.607168] (-) TimerEvent: {}
[3.707452] (-) TimerEvent: {}
[3.807666] (-) TimerEvent: {}
[3.907843] (-) TimerEvent: {}
[4.008026] (-) TimerEvent: {}
[4.108222] (-) TimerEvent: {}
[4.208401] (-) TimerEvent: {}
[4.308581] (-) TimerEvent: {}
[4.408767] (-) TimerEvent: {}
[4.470842] (interfaces_pkg) StdoutLine: {'line': b'[ 85%] Built target interfaces_pkg__py\n'}
[4.484718] (interfaces_pkg) StdoutLine: {'line': b'[ 86%] \x1b[32mBuilding C object CMakeFiles/interfaces_pkg__rosidl_generator_py.dir/rosidl_generator_py/interfaces_pkg/msg/_key_point3_d_s.c.o\x1b[0m\n'}
[4.485082] (interfaces_pkg) StdoutLine: {'line': b'[ 88%] \x1b[32mBuilding C object CMakeFiles/interfaces_pkg__rosidl_generator_py.dir/rosidl_generator_py/interfaces_pkg/msg/_bounding_box2_d_s.c.o\x1b[0m\n'}
[4.485152] (interfaces_pkg) StdoutLine: {'line': b'[ 88%] \x1b[32mBuilding C object CMakeFiles/interfaces_pkg__rosidl_generator_py.dir/rosidl_generator_py/interfaces_pkg/msg/_lane_info_s.c.o\x1b[0m\n'}
[4.485227] (interfaces_pkg) StdoutLine: {'line': b'[ 88%] \x1b[32mBuilding C object CMakeFiles/interfaces_pkg__rosidl_generator_py.dir/rosidl_generator_py/interfaces_pkg/msg/_point2_d_s.c.o\x1b[0m\n'}
[4.485297] (interfaces_pkg) StdoutLine: {'line': b'[ 88%] \x1b[32mBuilding C object CMakeFiles/interfaces_pkg__rosidl_generator_py.dir/rosidl_generator_py/interfaces_pkg/msg/_vector2_s.c.o\x1b[0m\n'}
[4.485465] (interfaces_pkg) StdoutLine: {'line': b'[ 89%] \x1b[32mBuilding C object CMakeFiles/interfaces_pkg__rosidl_generator_py.dir/rosidl_generator_py/interfaces_pkg/msg/_pose2_d_s.c.o\x1b[0m\n'}
[4.485538] (interfaces_pkg) StdoutLine: {'line': b'[ 89%] \x1b[32mBuilding C object CMakeFiles/interfaces_pkg__rosidl_generator_py.dir/rosidl_generator_py/interfaces_pkg/msg/_key_point2_d_s.c.o\x1b[0m\n'}
[4.485598] (interfaces_pkg) StdoutLine: {'line': b'[ 90%] \x1b[32mBuilding C object CMakeFiles/interfaces_pkg__rosidl_generator_py.dir/rosidl_generator_py/interfaces_pkg/msg/_bounding_box3_d_s.c.o\x1b[0m\n'}
[4.485656] (interfaces_pkg) StdoutLine: {'line': b'[ 90%] \x1b[32mBuilding C object CMakeFiles/interfaces_pkg__rosidl_generator_py.dir/rosidl_generator_py/interfaces_pkg/msg/_mask_s.c.o\x1b[0m\n'}
[4.485714] (interfaces_pkg) StdoutLine: {'line': b'[ 91%] \x1b[32mBuilding C object CMakeFiles/interfaces_pkg__rosidl_generator_py.dir/rosidl_generator_py/interfaces_pkg/msg/_key_point2_d_array_s.c.o\x1b[0m\n'}
[4.485838] (interfaces_pkg) StdoutLine: {'line': b'[ 91%] \x1b[32mBuilding C object CMakeFiles/interfaces_pkg__rosidl_generator_py.dir/rosidl_generator_py/interfaces_pkg/msg/_key_point3_d_array_s.c.o\x1b[0m\n'}
[4.485968] (interfaces_pkg) StdoutLine: {'line': b'[ 93%] \x1b[32mBuilding C object CMakeFiles/interfaces_pkg__rosidl_generator_py.dir/rosidl_generator_py/interfaces_pkg/msg/_detection_array_s.c.o\x1b[0m\n'}
[4.486041] (interfaces_pkg) StdoutLine: {'line': b'[ 93%] \x1b[32mBuilding C object CMakeFiles/interfaces_pkg__rosidl_generator_py.dir/rosidl_generator_py/interfaces_pkg/msg/_detection_s.c.o\x1b[0m\n'}
[4.486471] (interfaces_pkg) StdoutLine: {'line': b'[ 94%] \x1b[32mBuilding C object CMakeFiles/interfaces_pkg__rosidl_generator_py.dir/rosidl_generator_py/interfaces_pkg/msg/_target_point_s.c.o\x1b[0m\n'}
[4.486669] (interfaces_pkg) StdoutLine: {'line': b'[ 95%] \x1b[32mBuilding C object CMakeFiles/interfaces_pkg__rosidl_generator_py.dir/rosidl_generator_py/interfaces_pkg/msg/_motion_command_s.c.o\x1b[0m\n'}
[4.486911] (interfaces_pkg) StdoutLine: {'line': b'[ 95%] \x1b[32mBuilding C object CMakeFiles/interfaces_pkg__rosidl_generator_py.dir/rosidl_generator_py/interfaces_pkg/msg/_path_planning_result_s.c.o\x1b[0m\n'}
[4.508915] (-) TimerEvent: {}
[4.578806] (interfaces_pkg) StdoutLine: {'line': b'[ 96%] \x1b[32m\x1b[1mLinking C shared library rosidl_generator_py/interfaces_pkg/libinterfaces_pkg__rosidl_generator_py.so\x1b[0m\n'}
[4.604999] (interfaces_pkg) StdoutLine: {'line': b'[ 96%] Built target interfaces_pkg__rosidl_generator_py\n'}
[4.608951] (-) TimerEvent: {}
[4.617401] (interfaces_pkg) StdoutLine: {'line': b'[ 97%] \x1b[32mBuilding C object CMakeFiles/interfaces_pkg__rosidl_typesupport_fastrtps_c__pyext.dir/rosidl_generator_py/interfaces_pkg/_interfaces_pkg_s.ep.rosidl_typesupport_fastrtps_c.c.o\x1b[0m\n'}
[4.618119] (interfaces_pkg) StdoutLine: {'line': b'[ 98%] \x1b[32mBuilding C object CMakeFiles/interfaces_pkg__rosidl_typesupport_introspection_c__pyext.dir/rosidl_generator_py/interfaces_pkg/_interfaces_pkg_s.ep.rosidl_typesupport_introspection_c.c.o\x1b[0m\n'}
[4.618304] (interfaces_pkg) StdoutLine: {'line': b'[ 99%] \x1b[32mBuilding C object CMakeFiles/interfaces_pkg__rosidl_typesupport_c__pyext.dir/rosidl_generator_py/interfaces_pkg/_interfaces_pkg_s.ep.rosidl_typesupport_c.c.o\x1b[0m\n'}
[4.687365] (interfaces_pkg) StdoutLine: {'line': b'[100%] \x1b[32m\x1b[1mLinking C shared library rosidl_generator_py/interfaces_pkg/interfaces_pkg_s__rosidl_typesupport_introspection_c.cpython-310-x86_64-linux-gnu.so\x1b[0m\n'}
[4.687891] (interfaces_pkg) StdoutLine: {'line': b'[100%] \x1b[32m\x1b[1mLinking C shared library rosidl_generator_py/interfaces_pkg/interfaces_pkg_s__rosidl_typesupport_fastrtps_c.cpython-310-x86_64-linux-gnu.so\x1b[0m\n'}
[4.690960] (interfaces_pkg) StdoutLine: {'line': b'[100%] \x1b[32m\x1b[1mLinking C shared library rosidl_generator_py/interfaces_pkg/interfaces_pkg_s__rosidl_typesupport_c.cpython-310-x86_64-linux-gnu.so\x1b[0m\n'}
[4.709045] (-) TimerEvent: {}
[4.712024] (interfaces_pkg) StdoutLine: {'line': b'[100%] Built target interfaces_pkg__rosidl_typesupport_fastrtps_c__pyext\n'}
[4.712628] (interfaces_pkg) StdoutLine: {'line': b'[100%] Built target interfaces_pkg__rosidl_typesupport_introspection_c__pyext\n'}
[4.713669] (interfaces_pkg) StdoutLine: {'line': b'[100%] Built target interfaces_pkg__rosidl_typesupport_c__pyext\n'}
[4.722402] (interfaces_pkg) CommandEnded: {'returncode': 0}
[4.723006] (interfaces_pkg) JobProgress: {'identifier': 'interfaces_pkg', 'progress': 'install'}
[4.731876] (interfaces_pkg) Command: {'cmd': ['/usr/bin/cmake', '--install', '/home/amrl_sunny/ros2_autonomous_vehicle_simulation/build/interfaces_pkg'], 'cwd': '/home/amrl_sunny/ros2_autonomous_vehicle_simulation/build/interfaces_pkg', 'env': OrderedDict([('LESSOPEN', '| /usr/bin/lesspipe %s'), ('LANGUAGE', 'ko:en'), ('USER', 'amrl_sunny'), ('LC_TIME', 'ko_KR.UTF-8'), ('XDG_SESSION_TYPE', 'x11'), ('SHLVL', '1'), ('LD_LIBRARY_PATH', '/opt/ros/humble/opt/rviz_ogre_vendor/lib:/usr/lib/x86_64-linux-gnu/gazebo-11/plugins:/opt/ros/humble/lib/x86_64-linux-gnu:/opt/ros/humble/lib'), ('HOME', '/home/amrl_sunny'), ('OLDPWD', '/home/amrl_sunny/ros2_autonomous_vehicle_simulation'), ('DESKTOP_SESSION', 'ubuntu'), ('ROS_PYTHON_VERSION', '3'), ('GNOME_SHELL_SESSION_MODE', 'ubuntu'), ('GTK_MODULES', 'gail:atk-bridge'), ('XDG_SEAT_PATH', '/org/freedesktop/DisplayManager/Seat0'), ('LC_MONETARY', 'ko_KR.UTF-8'), ('SYSTEMD_EXEC_PID', '1883'), ('DBUS_SESSION_BUS_ADDRESS', 'unix:path=/run/user/1000/bus'), ('COLORTERM', 'truecolor'), ('COLCON_PREFIX_PATH', '/home/amrl_sunny/2025_jacapdi/install'), ('ROS_DISTRO', 'humble'), ('GTK_IM_MODULE', 'ibus'), ('LOGNAME', 'amrl_sunny'), ('_', '/usr/bin/colcon'), ('ROS_VERSION', '2'), ('XDG_SESSION_CLASS', 'user'), ('TERM', 'xterm-256color'), ('GNOME_DESKTOP_SESSION_ID', 'this-is-deprecated'), ('ROS_LOCALHOST_ONLY', '0'), ('PATH', '/opt/ros/humble/bin:/home/amrl_sunny/.local/bin:/usr/local/sbin:/usr/local/bin:/usr/sbin:/usr/bin:/sbin:/bin:/usr/games:/usr/local/games:/snap/bin'), ('SESSION_MANAGER', 'local/amrl-desktop:@/tmp/.ICE-unix/1667,unix/amrl-desktop:/tmp/.ICE-unix/1667'), ('GDM_LANG', 'ko'), ('PAPERSIZE', 'a4'), ('XDG_SESSION_PATH', '/org/freedesktop/DisplayManager/Session0'), ('XDG_MENU_PREFIX', 'gnome-'), ('LC_ADDRESS', 'ko_KR.UTF-8'), ('GNOME_TERMINAL_SCREEN', '/org/gnome/Terminal/screen/749011a1_a9ba_417b_92ef_a087b4eec115'), ('XDG_RUNTIME_DIR', '/run/user/1000'), ('DISPLAY', ':0'), ('LANG', 'ko_KR.UTF-8'), ('XDG_CURRENT_DESKTOP', 'ubuntu:GNOME'), ('LC_TELEPHONE', 'ko_KR.UTF-8'), ('XMODIFIERS', '@im=ibus'), ('XDG_SESSION_DESKTOP', 'ubuntu'), ('XAUTHORITY', '/home/amrl_sunny/.Xauthority'), ('LS_COLORS', 'rs=0:di=01;34:ln=01;36:mh=00:pi=40;33:so=01;35:do=01;35:bd=40;33;01:cd=40;33;01:or=40;31;01:mi=00:su=37;41:sg=30;43:ca=30;41:tw=30;42:ow=34;42:st=37;44:ex=01;32:*.tar=01;31:*.tgz=01;31:*.arc=01;31:*.arj=01;31:*.taz=01;31:*.lha=01;31:*.lz4=01;31:*.lzh=01;31:*.lzma=01;31:*.tlz=01;31:*.txz=01;31:*.tzo=01;31:*.t7z=01;31:*.zip=01;31:*.z=01;31:*.dz=01;31:*.gz=01;31:*.lrz=01;31:*.lz=01;31:*.lzo=01;31:*.xz=01;31:*.zst=01;31:*.tzst=01;31:*.bz2=01;31:*.bz=01;31:*.tbz=01;31:*.tbz2=01;31:*.tz=01;31:*.deb=01;31:*.rpm=01;31:*.jar=01;31:*.war=01;31:*.ear=01;31:*.sar=01;31:*.rar=01;31:*.alz=01;31:*.ace=01;31:*.zoo=01;31:*.cpio=01;31:*.7z=01;31:*.rz=01;31:*.cab=01;31:*.wim=01;31:*.swm=01;31:*.dwm=01;31:*.esd=01;31:*.jpg=01;35:*.jpeg=01;35:*.mjpg=01;35:*.mjpeg=01;35:*.gif=01;35:*.bmp=01;35:*.pbm=01;35:*.pgm=01;35:*.ppm=01;35:*.tga=01;35:*.xbm=01;35:*.xpm=01;35:*.tif=01;35:*.tiff=01;35:*.png=01;35:*.svg=01;35:*.svgz=01;35:*.mng=01;35:*.pcx=01;35:*.mov=01;35:*.mpg=01;35:*.mpeg=01;35:*.m2v=01;35:*.mkv=01;35:*.webm=01;35:*.webp=01;35:*.ogm=01;35:*.mp4=01;35:*.m4v=01;35:*.mp4v=01;35:*.vob=01;35:*.qt=01;35:*.nuv=01;35:*.wmv=01;35:*.asf=01;35:*.rm=01;35:*.rmvb=01;35:*.flc=01;35:*.avi=01;35:*.fli=01;35:*.flv=01;35:*.gl=01;35:*.dl=01;35:*.xcf=01;35:*.xwd=01;35:*.yuv=01;35:*.cgm=01;35:*.emf=01;35:*.ogv=01;35:*.ogx=01;35:*.aac=00;36:*.au=00;36:*.flac=00;36:*.m4a=00;36:*.mid=00;36:*.midi=00;36:*.mka=00;36:*.mp3=00;36:*.mpc=00;36:*.ogg=00;36:*.ra=00;36:*.wav=00;36:*.oga=00;36:*.opus=00;36:*.spx=00;36:*.xspf=00;36:'), ('GNOME_TERMINAL_SERVICE', ':1.30987'), ('SSH_AGENT_LAUNCHER', 'gnome-keyring'), ('SSH_AUTH_SOCK', '/run/user/1000/keyring/ssh'), ('ROS_DOMAIN_ID', '0'), ('XDG_GREETER_DATA_DIR', '/var/lib/lightdm-data/amrl_sunny'), ('AMENT_PREFIX_PATH', '/home/amrl_sunny/2025_jacapdi/install/simulation_pkg:/home/amrl_sunny/2025_jacapdi/install/debug_pkg:/home/amrl_sunny/2025_jacapdi/install/decision_making_pkg:/home/amrl_sunny/2025_jacapdi/install/camera_perception_pkg:/opt/ros/humble'), ('SHELL', '/bin/bash'), ('LC_NAME', 'ko_KR.UTF-8'), ('QT_ACCESSIBILITY', '1'), ('GDMSESSION', 'ubuntu'), ('LESSCLOSE', '/usr/bin/lesspipe %s %s'), ('LC_MEASUREMENT', 'ko_KR.UTF-8'), ('GPG_AGENT_INFO', '/run/user/1000/gnupg/S.gpg-agent:0:1'), ('LC_IDENTIFICATION', 'ko_KR.UTF-8'), ('QT_IM_MODULE', 'ibus'), ('PWD', '/home/amrl_sunny/ros2_autonomous_vehicle_simulation/build/interfaces_pkg'), ('XDG_CONFIG_DIRS', '/etc/xdg/xdg-ubuntu:/etc/xdg'), ('XDG_DATA_DIRS', '/usr/share/ubuntu:/usr/share/gnome:/usr/local/share:/usr/share:/var/lib/snapd/desktop'), ('PYTHONPATH', '/home/amrl_sunny/2025_jacapdi/build/simulation_pkg:/home/amrl_sunny/2025_jacapdi/install/simulation_pkg/lib/python3.10/site-packages:/home/amrl_sunny/2025_jacapdi/build/debug_pkg:/home/amrl_sunny/2025_jacapdi/install/debug_pkg/lib/python3.10/site-packages:/home/amrl_sunny/2025_jacapdi/build/decision_making_pkg:/home/amrl_sunny/2025_jacapdi/install/decision_making_pkg/lib/python3.10/site-packages:/home/amrl_sunny/2025_jacapdi/build/camera_perception_pkg:/home/amrl_sunny/2025_jacapdi/install/camera_perception_pkg/lib/python3.10/site-packages:/opt/ros/humble/lib/python3.10/site-packages:/opt/ros/humble/local/lib/python3.10/dist-packages'), ('LC_NUMERIC', 'ko_KR.UTF-8'), ('LC_PAPER', 'ko_KR.UTF-8'), ('COLCON', '1'), ('VTE_VERSION', '6800'), ('CMAKE_PREFIX_PATH', '/home/amrl_sunny/2025_jacapdi/install/simulation_pkg:/home/amrl_sunny/2025_jacapdi/install/debug_pkg:/home/amrl_sunny/2025_jacapdi/install/decision_making_pkg:/home/amrl_sunny/2025_jacapdi/install/camera_perception_pkg:/opt/ros/humble')]), 'shell': False}
[4.742643] (interfaces_pkg) StdoutLine: {'line': b'-- Install configuration: ""\n'}
[4.742801] (interfaces_pkg) StdoutLine: {'line': b'-- Installing: /home/amrl_sunny/ros2_autonomous_vehicle_simulation/install/interfaces_pkg/share/ament_index/resource_index/rosidl_interfaces/interfaces_pkg\n'}
[4.742925] (interfaces_pkg) StdoutLine: {'line': b'-- Installing: /home/amrl_sunny/ros2_autonomous_vehicle_simulation/install/interfaces_pkg/include/interfaces_pkg/interfaces_pkg\n'}
[4.742994] (interfaces_pkg) StdoutLine: {'line': b'-- Installing: /home/amrl_sunny/ros2_autonomous_vehicle_simulation/install/interfaces_pkg/include/interfaces_pkg/interfaces_pkg/msg\n'}
[4.743072] (interfaces_pkg) StdoutLine: {'line': b'-- Installing: /home/amrl_sunny/ros2_autonomous_vehicle_simulation/install/interfaces_pkg/include/interfaces_pkg/interfaces_pkg/msg/rosidl_generator_c__visibility_control.h\n'}
[4.743142] (interfaces_pkg) StdoutLine: {'line': b'-- Installing: /home/amrl_sunny/ros2_autonomous_vehicle_simulation/install/interfaces_pkg/include/interfaces_pkg/interfaces_pkg/msg/point2_d.h\n'}
[4.743201] (interfaces_pkg) StdoutLine: {'line': b'-- Installing: /home/amrl_sunny/ros2_autonomous_vehicle_simulation/install/interfaces_pkg/include/interfaces_pkg/interfaces_pkg/msg/motion_command.h\n'}
[4.743280] (interfaces_pkg) StdoutLine: {'line': b'-- Installing: /home/amrl_sunny/ros2_autonomous_vehicle_simulation/install/interfaces_pkg/include/interfaces_pkg/interfaces_pkg/msg/key_point3_d.h\n'}
[4.743325] (interfaces_pkg) StdoutLine: {'line': b'-- Installing: /home/amrl_sunny/ros2_autonomous_vehicle_simulation/install/interfaces_pkg/include/interfaces_pkg/interfaces_pkg/msg/target_point.h\n'}
[4.743396] (interfaces_pkg) StdoutLine: {'line': b'-- Installing: /home/amrl_sunny/ros2_autonomous_vehicle_simulation/install/interfaces_pkg/include/interfaces_pkg/interfaces_pkg/msg/bounding_box3_d.h\n'}
[4.743443] (interfaces_pkg) StdoutLine: {'line': b'-- Installing: /home/amrl_sunny/ros2_autonomous_vehicle_simulation/install/interfaces_pkg/include/interfaces_pkg/interfaces_pkg/msg/detection.h\n'}
[4.743508] (interfaces_pkg) StdoutLine: {'line': b'-- Installing: /home/amrl_sunny/ros2_autonomous_vehicle_simulation/install/interfaces_pkg/include/interfaces_pkg/interfaces_pkg/msg/lane_info.h\n'}
[4.743548] (interfaces_pkg) StdoutLine: {'line': b'-- Installing: /home/amrl_sunny/ros2_autonomous_vehicle_simulation/install/interfaces_pkg/include/interfaces_pkg/interfaces_pkg/msg/bounding_box2_d.h\n'}
[4.743611] (interfaces_pkg) StdoutLine: {'line': b'-- Installing: /home/amrl_sunny/ros2_autonomous_vehicle_simulation/install/interfaces_pkg/include/interfaces_pkg/interfaces_pkg/msg/path_planning_result.h\n'}
[4.743654] (interfaces_pkg) StdoutLine: {'line': b'-- Installing: /home/amrl_sunny/ros2_autonomous_vehicle_simulation/install/interfaces_pkg/include/interfaces_pkg/interfaces_pkg/msg/key_point2_d_array.h\n'}
[4.743716] (interfaces_pkg) StdoutLine: {'line': b'-- Installing: /home/amrl_sunny/ros2_autonomous_vehicle_simulation/install/interfaces_pkg/include/interfaces_pkg/interfaces_pkg/msg/pose2_d.h\n'}
[4.743754] (interfaces_pkg) StdoutLine: {'line': b'-- Installing: /home/amrl_sunny/ros2_autonomous_vehicle_simulation/install/interfaces_pkg/include/interfaces_pkg/interfaces_pkg/msg/detail\n'}
[4.743811] (interfaces_pkg) StdoutLine: {'line': b'-- Installing: /home/amrl_sunny/ros2_autonomous_vehicle_simulation/install/interfaces_pkg/include/interfaces_pkg/interfaces_pkg/msg/detail/mask__struct.h\n'}
[4.743870] (interfaces_pkg) StdoutLine: {'line': b'-- Installing: /home/amrl_sunny/ros2_autonomous_vehicle_simulation/install/interfaces_pkg/include/interfaces_pkg/interfaces_pkg/msg/detail/key_point3_d_array__struct.h\n'}
[4.743930] (interfaces_pkg) StdoutLine: {'line': b'-- Installing: /home/amrl_sunny/ros2_autonomous_vehicle_simulation/install/interfaces_pkg/include/interfaces_pkg/interfaces_pkg/msg/detail/detection__functions.c\n'}
[4.743988] (interfaces_pkg) StdoutLine: {'line': b'-- Installing: /home/amrl_sunny/ros2_autonomous_vehicle_simulation/install/interfaces_pkg/include/interfaces_pkg/interfaces_pkg/msg/detail/motion_command__functions.c\n'}
[4.744047] (interfaces_pkg) StdoutLine: {'line': b'-- Installing: /home/amrl_sunny/ros2_autonomous_vehicle_simulation/install/interfaces_pkg/include/interfaces_pkg/interfaces_pkg/msg/detail/motion_command__struct.h\n'}
[4.744111] (interfaces_pkg) StdoutLine: {'line': b'-- Installing: /home/amrl_sunny/ros2_autonomous_vehicle_simulation/install/interfaces_pkg/include/interfaces_pkg/interfaces_pkg/msg/detail/bounding_box2_d__struct.h\n'}
[4.744148] (interfaces_pkg) StdoutLine: {'line': b'-- Installing: /home/amrl_sunny/ros2_autonomous_vehicle_simulation/install/interfaces_pkg/include/interfaces_pkg/interfaces_pkg/msg/detail/bounding_box2_d__type_support.h\n'}
[4.744213] (interfaces_pkg) StdoutLine: {'line': b'-- Installing: /home/amrl_sunny/ros2_autonomous_vehicle_simulation/install/interfaces_pkg/include/interfaces_pkg/interfaces_pkg/msg/detail/detection_array__functions.h\n'}
[4.744285] (interfaces_pkg) StdoutLine: {'line': b'-- Installing: /home/amrl_sunny/ros2_autonomous_vehicle_simulation/install/interfaces_pkg/include/interfaces_pkg/interfaces_pkg/msg/detail/key_point3_d__functions.h\n'}
[4.744327] (interfaces_pkg) StdoutLine: {'line': b'-- Installing: /home/amrl_sunny/ros2_autonomous_vehicle_simulation/install/interfaces_pkg/include/interfaces_pkg/interfaces_pkg/msg/detail/bounding_box3_d__functions.h\n'}
[4.744391] (interfaces_pkg) StdoutLine: {'line': b'-- Installing: /home/amrl_sunny/ros2_autonomous_vehicle_simulation/install/interfaces_pkg/include/interfaces_pkg/interfaces_pkg/msg/detail/motion_command__functions.h\n'}
[4.744431] (interfaces_pkg) StdoutLine: {'line': b'-- Installing: /home/amrl_sunny/ros2_autonomous_vehicle_simulation/install/interfaces_pkg/include/interfaces_pkg/interfaces_pkg/msg/detail/key_point3_d_array__type_support.h\n'}
[4.744487] (interfaces_pkg) StdoutLine: {'line': b'-- Installing: /home/amrl_sunny/ros2_autonomous_vehicle_simulation/install/interfaces_pkg/include/interfaces_pkg/interfaces_pkg/msg/detail/bounding_box3_d__type_support.h\n'}
[4.744550] (interfaces_pkg) StdoutLine: {'line': b'-- Installing: /home/amrl_sunny/ros2_autonomous_vehicle_simulation/install/interfaces_pkg/include/interfaces_pkg/interfaces_pkg/msg/detail/detection_array__type_support.h\n'}
[4.744590] (interfaces_pkg) StdoutLine: {'line': b'-- Installing: /home/amrl_sunny/ros2_autonomous_vehicle_simulation/install/interfaces_pkg/include/interfaces_pkg/interfaces_pkg/msg/detail/key_point3_d__functions.c\n'}
[4.744654] (interfaces_pkg) StdoutLine: {'line': b'-- Installing: /home/amrl_sunny/ros2_autonomous_vehicle_simulation/install/interfaces_pkg/include/interfaces_pkg/interfaces_pkg/msg/detail/detection__functions.h\n'}
[4.744692] (interfaces_pkg) StdoutLine: {'line': b'-- Installing: /home/amrl_sunny/ros2_autonomous_vehicle_simulation/install/interfaces_pkg/include/interfaces_pkg/interfaces_pkg/msg/detail/path_planning_result__functions.c\n'}
[4.744741] (interfaces_pkg) StdoutLine: {'line': b'-- Installing: /home/amrl_sunny/ros2_autonomous_vehicle_simulation/install/interfaces_pkg/include/interfaces_pkg/interfaces_pkg/msg/detail/vector2__type_support.h\n'}
[4.744789] (interfaces_pkg) StdoutLine: {'line': b'-- Installing: /home/amrl_sunny/ros2_autonomous_vehicle_simulation/install/interfaces_pkg/include/interfaces_pkg/interfaces_pkg/msg/detail/lane_info__functions.h\n'}
[4.744841] (interfaces_pkg) StdoutLine: {'line': b'-- Installing: /home/amrl_sunny/ros2_autonomous_vehicle_simulation/install/interfaces_pkg/include/interfaces_pkg/interfaces_pkg/msg/detail/pose2_d__functions.c\n'}
[4.744898] (interfaces_pkg) StdoutLine: {'line': b'-- Installing: /home/amrl_sunny/ros2_autonomous_vehicle_simulation/install/interfaces_pkg/include/interfaces_pkg/interfaces_pkg/msg/detail/point2_d__struct.h\n'}
[4.744932] (interfaces_pkg) StdoutLine: {'line': b'-- Installing: /home/amrl_sunny/ros2_autonomous_vehicle_simulation/install/interfaces_pkg/include/interfaces_pkg/interfaces_pkg/msg/detail/target_point__functions.c\n'}
[4.744980] (interfaces_pkg) StdoutLine: {'line': b'-- Installing: /home/amrl_sunny/ros2_autonomous_vehicle_simulation/install/interfaces_pkg/include/interfaces_pkg/interfaces_pkg/msg/detail/target_point__type_support.h\n'}
[4.745031] (interfaces_pkg) StdoutLine: {'line': b'-- Installing: /home/amrl_sunny/ros2_autonomous_vehicle_simulation/install/interfaces_pkg/include/interfaces_pkg/interfaces_pkg/msg/detail/key_point3_d_array__functions.c\n'}
[4.745088] (interfaces_pkg) StdoutLine: {'line': b'-- Installing: /home/amrl_sunny/ros2_autonomous_vehicle_simulation/install/interfaces_pkg/include/interfaces_pkg/interfaces_pkg/msg/detail/path_planning_result__type_support.h\n'}
[4.745122] (interfaces_pkg) StdoutLine: {'line': b'-- Installing: /home/amrl_sunny/ros2_autonomous_vehicle_simulation/install/interfaces_pkg/include/interfaces_pkg/interfaces_pkg/msg/detail/bounding_box3_d__functions.c\n'}
[4.745173] (interfaces_pkg) StdoutLine: {'line': b'-- Installing: /home/amrl_sunny/ros2_autonomous_vehicle_simulation/install/interfaces_pkg/include/interfaces_pkg/interfaces_pkg/msg/detail/target_point__struct.h\n'}
[4.745231] (interfaces_pkg) StdoutLine: {'line': b'-- Installing: /home/amrl_sunny/ros2_autonomous_vehicle_simulation/install/interfaces_pkg/include/interfaces_pkg/interfaces_pkg/msg/detail/key_point3_d_array__functions.h\n'}
[4.745292] (interfaces_pkg) StdoutLine: {'line': b'-- Installing: /home/amrl_sunny/ros2_autonomous_vehicle_simulation/install/interfaces_pkg/include/interfaces_pkg/interfaces_pkg/msg/detail/mask__type_support.h\n'}
[4.745326] (interfaces_pkg) StdoutLine: {'line': b'-- Installing: /home/amrl_sunny/ros2_autonomous_vehicle_simulation/install/interfaces_pkg/include/interfaces_pkg/interfaces_pkg/msg/detail/point2_d__type_support.h\n'}
[4.745377] (interfaces_pkg) StdoutLine: {'line': b'-- Installing: /home/amrl_sunny/ros2_autonomous_vehicle_simulation/install/interfaces_pkg/include/interfaces_pkg/interfaces_pkg/msg/detail/key_point2_d_array__functions.c\n'}
[4.745433] (interfaces_pkg) StdoutLine: {'line': b'-- Installing: /home/amrl_sunny/ros2_autonomous_vehicle_simulation/install/interfaces_pkg/include/interfaces_pkg/interfaces_pkg/msg/detail/mask__functions.h\n'}
[4.745468] (interfaces_pkg) StdoutLine: {'line': b'-- Installing: /home/amrl_sunny/ros2_autonomous_vehicle_simulation/install/interfaces_pkg/include/interfaces_pkg/interfaces_pkg/msg/detail/mask__functions.c\n'}
[4.745517] (interfaces_pkg) StdoutLine: {'line': b'-- Installing: /home/amrl_sunny/ros2_autonomous_vehicle_simulation/install/interfaces_pkg/include/interfaces_pkg/interfaces_pkg/msg/detail/bounding_box2_d__functions.h\n'}
[4.745567] (interfaces_pkg) StdoutLine: {'line': b'-- Installing: /home/amrl_sunny/ros2_autonomous_vehicle_simulation/install/interfaces_pkg/include/interfaces_pkg/interfaces_pkg/msg/detail/key_point2_d__struct.h\n'}
[4.745618] (interfaces_pkg) StdoutLine: {'line': b'-- Installing: /home/amrl_sunny/ros2_autonomous_vehicle_simulation/install/interfaces_pkg/include/interfaces_pkg/interfaces_pkg/msg/detail/key_point2_d_array__type_support.h\n'}
[4.745670] (interfaces_pkg) StdoutLine: {'line': b'-- Installing: /home/amrl_sunny/ros2_autonomous_vehicle_simulation/install/interfaces_pkg/include/interfaces_pkg/interfaces_pkg/msg/detail/key_point2_d__functions.h\n'}
[4.745721] (interfaces_pkg) StdoutLine: {'line': b'-- Installing: /home/amrl_sunny/ros2_autonomous_vehicle_simulation/install/interfaces_pkg/include/interfaces_pkg/interfaces_pkg/msg/detail/detection_array__functions.c\n'}
[4.745778] (interfaces_pkg) StdoutLine: {'line': b'-- Installing: /home/amrl_sunny/ros2_autonomous_vehicle_simulation/install/interfaces_pkg/include/interfaces_pkg/interfaces_pkg/msg/detail/key_point2_d_array__functions.h\n'}
[4.745811] (interfaces_pkg) StdoutLine: {'line': b'-- Installing: /home/amrl_sunny/ros2_autonomous_vehicle_simulation/install/interfaces_pkg/include/interfaces_pkg/interfaces_pkg/msg/detail/detection__type_support.h\n'}
[4.745858] (interfaces_pkg) StdoutLine: {'line': b'-- Installing: /home/amrl_sunny/ros2_autonomous_vehicle_simulation/install/interfaces_pkg/include/interfaces_pkg/interfaces_pkg/msg/detail/lane_info__type_support.h\n'}
[4.745908] (interfaces_pkg) StdoutLine: {'line': b'-- Installing: /home/amrl_sunny/ros2_autonomous_vehicle_simulation/install/interfaces_pkg/include/interfaces_pkg/interfaces_pkg/msg/detail/lane_info__struct.h\n'}
[4.745958] (interfaces_pkg) StdoutLine: {'line': b'-- Installing: /home/amrl_sunny/ros2_autonomous_vehicle_simulation/install/interfaces_pkg/include/interfaces_pkg/interfaces_pkg/msg/detail/target_point__functions.h\n'}
[4.746009] (interfaces_pkg) StdoutLine: {'line': b'-- Installing: /home/amrl_sunny/ros2_autonomous_vehicle_simulation/install/interfaces_pkg/include/interfaces_pkg/interfaces_pkg/msg/detail/key_point2_d__type_support.h\n'}
[4.746066] (interfaces_pkg) StdoutLine: {'line': b'-- Installing: /home/amrl_sunny/ros2_autonomous_vehicle_simulation/install/interfaces_pkg/include/interfaces_pkg/interfaces_pkg/msg/detail/vector2__functions.h\n'}
[4.746100] (interfaces_pkg) StdoutLine: {'line': b'-- Installing: /home/amrl_sunny/ros2_autonomous_vehicle_simulation/install/interfaces_pkg/include/interfaces_pkg/interfaces_pkg/msg/detail/point2_d__functions.h\n'}
[4.746149] (interfaces_pkg) StdoutLine: {'line': b'-- Installing: /home/amrl_sunny/ros2_autonomous_vehicle_simulation/install/interfaces_pkg/include/interfaces_pkg/interfaces_pkg/msg/detail/detection_array__struct.h\n'}
[4.746199] (interfaces_pkg) StdoutLine: {'line': b'-- Installing: /home/amrl_sunny/ros2_autonomous_vehicle_simulation/install/interfaces_pkg/include/interfaces_pkg/interfaces_pkg/msg/detail/detection__struct.h\n'}
[4.746258] (interfaces_pkg) StdoutLine: {'line': b'-- Installing: /home/amrl_sunny/ros2_autonomous_vehicle_simulation/install/interfaces_pkg/include/interfaces_pkg/interfaces_pkg/msg/detail/lane_info__functions.c\n'}
[4.746311] (interfaces_pkg) StdoutLine: {'line': b'-- Installing: /home/amrl_sunny/ros2_autonomous_vehicle_simulation/install/interfaces_pkg/include/interfaces_pkg/interfaces_pkg/msg/detail/motion_command__type_support.h\n'}
[4.746364] (interfaces_pkg) StdoutLine: {'line': b'-- Installing: /home/amrl_sunny/ros2_autonomous_vehicle_simulation/install/interfaces_pkg/include/interfaces_pkg/interfaces_pkg/msg/detail/bounding_box3_d__struct.h\n'}
[4.746416] (interfaces_pkg) StdoutLine: {'line': b'-- Installing: /home/amrl_sunny/ros2_autonomous_vehicle_simulation/install/interfaces_pkg/include/interfaces_pkg/interfaces_pkg/msg/detail/pose2_d__type_support.h\n'}
[4.746466] (interfaces_pkg) StdoutLine: {'line': b'-- Installing: /home/amrl_sunny/ros2_autonomous_vehicle_simulation/install/interfaces_pkg/include/interfaces_pkg/interfaces_pkg/msg/detail/bounding_box2_d__functions.c\n'}
[4.746516] (interfaces_pkg) StdoutLine: {'line': b'-- Installing: /home/amrl_sunny/ros2_autonomous_vehicle_simulation/install/interfaces_pkg/include/interfaces_pkg/interfaces_pkg/msg/detail/path_planning_result__functions.h\n'}
[4.746566] (interfaces_pkg) StdoutLine: {'line': b'-- Installing: /home/amrl_sunny/ros2_autonomous_vehicle_simulation/install/interfaces_pkg/include/interfaces_pkg/interfaces_pkg/msg/detail/key_point2_d__functions.c\n'}
[4.746613] (interfaces_pkg) StdoutLine: {'line': b'-- Installing: /home/amrl_sunny/ros2_autonomous_vehicle_simulation/install/interfaces_pkg/include/interfaces_pkg/interfaces_pkg/msg/detail/key_point3_d__struct.h\n'}
[4.746662] (interfaces_pkg) StdoutLine: {'line': b'-- Installing: /home/amrl_sunny/ros2_autonomous_vehicle_simulation/install/interfaces_pkg/include/interfaces_pkg/interfaces_pkg/msg/detail/vector2__functions.c\n'}
[4.746711] (interfaces_pkg) StdoutLine: {'line': b'-- Installing: /home/amrl_sunny/ros2_autonomous_vehicle_simulation/install/interfaces_pkg/include/interfaces_pkg/interfaces_pkg/msg/detail/pose2_d__struct.h\n'}
[4.746761] (interfaces_pkg) StdoutLine: {'line': b'-- Installing: /home/amrl_sunny/ros2_autonomous_vehicle_simulation/install/interfaces_pkg/include/interfaces_pkg/interfaces_pkg/msg/detail/pose2_d__functions.h\n'}
[4.746811] (interfaces_pkg) StdoutLine: {'line': b'-- Installing: /home/amrl_sunny/ros2_autonomous_vehicle_simulation/install/interfaces_pkg/include/interfaces_pkg/interfaces_pkg/msg/detail/vector2__struct.h\n'}
[4.746861] (interfaces_pkg) StdoutLine: {'line': b'-- Installing: /home/amrl_sunny/ros2_autonomous_vehicle_simulation/install/interfaces_pkg/include/interfaces_pkg/interfaces_pkg/msg/detail/path_planning_result__struct.h\n'}
[4.746910] (interfaces_pkg) StdoutLine: {'line': b'-- Installing: /home/amrl_sunny/ros2_autonomous_vehicle_simulation/install/interfaces_pkg/include/interfaces_pkg/interfaces_pkg/msg/detail/key_point3_d__type_support.h\n'}
[4.746960] (interfaces_pkg) StdoutLine: {'line': b'-- Installing: /home/amrl_sunny/ros2_autonomous_vehicle_simulation/install/interfaces_pkg/include/interfaces_pkg/interfaces_pkg/msg/detail/key_point2_d_array__struct.h\n'}
[4.747012] (interfaces_pkg) StdoutLine: {'line': b'-- Installing: /home/amrl_sunny/ros2_autonomous_vehicle_simulation/install/interfaces_pkg/include/interfaces_pkg/interfaces_pkg/msg/detail/point2_d__functions.c\n'}
[4.747063] (interfaces_pkg) StdoutLine: {'line': b'-- Installing: /home/amrl_sunny/ros2_autonomous_vehicle_simulation/install/interfaces_pkg/include/interfaces_pkg/interfaces_pkg/msg/mask.h\n'}
[4.747120] (interfaces_pkg) StdoutLine: {'line': b'-- Installing: /home/amrl_sunny/ros2_autonomous_vehicle_simulation/install/interfaces_pkg/include/interfaces_pkg/interfaces_pkg/msg/key_point2_d.h\n'}
[4.747153] (interfaces_pkg) StdoutLine: {'line': b'-- Installing: /home/amrl_sunny/ros2_autonomous_vehicle_simulation/install/interfaces_pkg/include/interfaces_pkg/interfaces_pkg/msg/vector2.h\n'}
[4.747212] (interfaces_pkg) StdoutLine: {'line': b'-- Installing: /home/amrl_sunny/ros2_autonomous_vehicle_simulation/install/interfaces_pkg/include/interfaces_pkg/interfaces_pkg/msg/detection_array.h\n'}
[4.747252] (interfaces_pkg) StdoutLine: {'line': b'-- Installing: /home/amrl_sunny/ros2_autonomous_vehicle_simulation/install/interfaces_pkg/include/interfaces_pkg/interfaces_pkg/msg/key_point3_d_array.h\n'}
[4.747326] (interfaces_pkg) StdoutLine: {'line': b'-- Installing: /home/amrl_sunny/ros2_autonomous_vehicle_simulation/install/interfaces_pkg/share/interfaces_pkg/environment/library_path.sh\n'}
[4.747394] (interfaces_pkg) StdoutLine: {'line': b'-- Installing: /home/amrl_sunny/ros2_autonomous_vehicle_simulation/install/interfaces_pkg/share/interfaces_pkg/environment/library_path.dsv\n'}
[4.747480] (interfaces_pkg) StdoutLine: {'line': b'-- Installing: /home/amrl_sunny/ros2_autonomous_vehicle_simulation/install/interfaces_pkg/lib/libinterfaces_pkg__rosidl_generator_c.so\n'}
[4.747647] (interfaces_pkg) StdoutLine: {'line': b'-- Set runtime path of "/home/amrl_sunny/ros2_autonomous_vehicle_simulation/install/interfaces_pkg/lib/libinterfaces_pkg__rosidl_generator_c.so" to ""\n'}
[4.747691] (interfaces_pkg) StdoutLine: {'line': b'-- Up-to-date: /home/amrl_sunny/ros2_autonomous_vehicle_simulation/install/interfaces_pkg/include/interfaces_pkg/interfaces_pkg\n'}
[4.747719] (interfaces_pkg) StdoutLine: {'line': b'-- Up-to-date: /home/amrl_sunny/ros2_autonomous_vehicle_simulation/install/interfaces_pkg/include/interfaces_pkg/interfaces_pkg/msg\n'}
[4.747762] (interfaces_pkg) StdoutLine: {'line': b'-- Up-to-date: /home/amrl_sunny/ros2_autonomous_vehicle_simulation/install/interfaces_pkg/include/interfaces_pkg/interfaces_pkg/msg/detail\n'}
[4.747791] (interfaces_pkg) StdoutLine: {'line': b'-- Installing: /home/amrl_sunny/ros2_autonomous_vehicle_simulation/install/interfaces_pkg/include/interfaces_pkg/interfaces_pkg/msg/detail/point2_d__rosidl_typesupport_fastrtps_c.h\n'}
[4.747834] (interfaces_pkg) StdoutLine: {'line': b'-- Installing: /home/amrl_sunny/ros2_autonomous_vehicle_simulation/install/interfaces_pkg/include/interfaces_pkg/interfaces_pkg/msg/detail/bounding_box2_d__rosidl_typesupport_fastrtps_c.h\n'}
[4.747862] (interfaces_pkg) StdoutLine: {'line': b'-- Installing: /home/amrl_sunny/ros2_autonomous_vehicle_simulation/install/interfaces_pkg/include/interfaces_pkg/interfaces_pkg/msg/detail/key_point3_d__rosidl_typesupport_fastrtps_c.h\n'}
[4.747905] (interfaces_pkg) StdoutLine: {'line': b'-- Installing: /home/amrl_sunny/ros2_autonomous_vehicle_simulation/install/interfaces_pkg/include/interfaces_pkg/interfaces_pkg/msg/detail/pose2_d__rosidl_typesupport_fastrtps_c.h\n'}
[4.747941] (interfaces_pkg) StdoutLine: {'line': b'-- Installing: /home/amrl_sunny/ros2_autonomous_vehicle_simulation/install/interfaces_pkg/include/interfaces_pkg/interfaces_pkg/msg/detail/path_planning_result__rosidl_typesupport_fastrtps_c.h\n'}
[4.747965] (interfaces_pkg) StdoutLine: {'line': b'-- Installing: /home/amrl_sunny/ros2_autonomous_vehicle_simulation/install/interfaces_pkg/include/interfaces_pkg/interfaces_pkg/msg/detail/bounding_box3_d__rosidl_typesupport_fastrtps_c.h\n'}
[4.748007] (interfaces_pkg) StdoutLine: {'line': b'-- Installing: /home/amrl_sunny/ros2_autonomous_vehicle_simulation/install/interfaces_pkg/include/interfaces_pkg/interfaces_pkg/msg/detail/target_point__rosidl_typesupport_fastrtps_c.h\n'}
[4.748034] (interfaces_pkg) StdoutLine: {'line': b'-- Installing: /home/amrl_sunny/ros2_autonomous_vehicle_simulation/install/interfaces_pkg/include/interfaces_pkg/interfaces_pkg/msg/detail/detection__rosidl_typesupport_fastrtps_c.h\n'}
[4.748071] (interfaces_pkg) StdoutLine: {'line': b'-- Installing: /home/amrl_sunny/ros2_autonomous_vehicle_simulation/install/interfaces_pkg/include/interfaces_pkg/interfaces_pkg/msg/detail/mask__rosidl_typesupport_fastrtps_c.h\n'}
[4.748109] (interfaces_pkg) StdoutLine: {'line': b'-- Installing: /home/amrl_sunny/ros2_autonomous_vehicle_simulation/install/interfaces_pkg/include/interfaces_pkg/interfaces_pkg/msg/detail/key_point2_d__rosidl_typesupport_fastrtps_c.h\n'}
[4.748147] (interfaces_pkg) StdoutLine: {'line': b'-- Installing: /home/amrl_sunny/ros2_autonomous_vehicle_simulation/install/interfaces_pkg/include/interfaces_pkg/interfaces_pkg/msg/detail/key_point2_d_array__rosidl_typesupport_fastrtps_c.h\n'}
[4.748184] (interfaces_pkg) StdoutLine: {'line': b'-- Installing: /home/amrl_sunny/ros2_autonomous_vehicle_simulation/install/interfaces_pkg/include/interfaces_pkg/interfaces_pkg/msg/detail/vector2__rosidl_typesupport_fastrtps_c.h\n'}
[4.748224] (interfaces_pkg) StdoutLine: {'line': b'-- Installing: /home/amrl_sunny/ros2_autonomous_vehicle_simulation/install/interfaces_pkg/include/interfaces_pkg/interfaces_pkg/msg/detail/motion_command__rosidl_typesupport_fastrtps_c.h\n'}
[4.748264] (interfaces_pkg) StdoutLine: {'line': b'-- Installing: /home/amrl_sunny/ros2_autonomous_vehicle_simulation/install/interfaces_pkg/include/interfaces_pkg/interfaces_pkg/msg/detail/lane_info__rosidl_typesupport_fastrtps_c.h\n'}
[4.748300] (interfaces_pkg) StdoutLine: {'line': b'-- Installing: /home/amrl_sunny/ros2_autonomous_vehicle_simulation/install/interfaces_pkg/include/interfaces_pkg/interfaces_pkg/msg/detail/detection_array__rosidl_typesupport_fastrtps_c.h\n'}
[4.748337] (interfaces_pkg) StdoutLine: {'line': b'-- Installing: /home/amrl_sunny/ros2_autonomous_vehicle_simulation/install/interfaces_pkg/include/interfaces_pkg/interfaces_pkg/msg/detail/key_point3_d_array__rosidl_typesupport_fastrtps_c.h\n'}
[4.748374] (interfaces_pkg) StdoutLine: {'line': b'-- Installing: /home/amrl_sunny/ros2_autonomous_vehicle_simulation/install/interfaces_pkg/include/interfaces_pkg/interfaces_pkg/msg/rosidl_typesupport_fastrtps_c__visibility_control.h\n'}
[4.748433] (interfaces_pkg) StdoutLine: {'line': b'-- Installing: /home/amrl_sunny/ros2_autonomous_vehicle_simulation/install/interfaces_pkg/lib/libinterfaces_pkg__rosidl_typesupport_fastrtps_c.so\n'}
[4.748594] (interfaces_pkg) StdoutLine: {'line': b'-- Set runtime path of "/home/amrl_sunny/ros2_autonomous_vehicle_simulation/install/interfaces_pkg/lib/libinterfaces_pkg__rosidl_typesupport_fastrtps_c.so" to ""\n'}
[4.748627] (interfaces_pkg) StdoutLine: {'line': b'-- Up-to-date: /home/amrl_sunny/ros2_autonomous_vehicle_simulation/install/interfaces_pkg/include/interfaces_pkg/interfaces_pkg\n'}
[4.748672] (interfaces_pkg) StdoutLine: {'line': b'-- Up-to-date: /home/amrl_sunny/ros2_autonomous_vehicle_simulation/install/interfaces_pkg/include/interfaces_pkg/interfaces_pkg/msg\n'}
[4.748697] (interfaces_pkg) StdoutLine: {'line': b'-- Up-to-date: /home/amrl_sunny/ros2_autonomous_vehicle_simulation/install/interfaces_pkg/include/interfaces_pkg/interfaces_pkg/msg/detail\n'}
[4.748723] (interfaces_pkg) StdoutLine: {'line': b'-- Installing: /home/amrl_sunny/ros2_autonomous_vehicle_simulation/install/interfaces_pkg/include/interfaces_pkg/interfaces_pkg/msg/detail/key_point3_d__type_support.c\n'}
[4.748764] (interfaces_pkg) StdoutLine: {'line': b'-- Installing: /home/amrl_sunny/ros2_autonomous_vehicle_simulation/install/interfaces_pkg/include/interfaces_pkg/interfaces_pkg/msg/detail/key_point2_d_array__rosidl_typesupport_introspection_c.h\n'}
[4.748789] (interfaces_pkg) StdoutLine: {'line': b'-- Installing: /home/amrl_sunny/ros2_autonomous_vehicle_simulation/install/interfaces_pkg/include/interfaces_pkg/interfaces_pkg/msg/detail/mask__type_support.c\n'}
[4.748830] (interfaces_pkg) StdoutLine: {'line': b'-- Installing: /home/amrl_sunny/ros2_autonomous_vehicle_simulation/install/interfaces_pkg/include/interfaces_pkg/interfaces_pkg/msg/detail/bounding_box3_d__type_support.c\n'}
[4.748870] (interfaces_pkg) StdoutLine: {'line': b'-- Installing: /home/amrl_sunny/ros2_autonomous_vehicle_simulation/install/interfaces_pkg/include/interfaces_pkg/interfaces_pkg/msg/detail/path_planning_result__type_support.c\n'}
[4.748901] (interfaces_pkg) StdoutLine: {'line': b'-- Installing: /home/amrl_sunny/ros2_autonomous_vehicle_simulation/install/interfaces_pkg/include/interfaces_pkg/interfaces_pkg/msg/detail/detection_array__rosidl_typesupport_introspection_c.h\n'}
[4.748933] (interfaces_pkg) StdoutLine: {'line': b'-- Installing: /home/amrl_sunny/ros2_autonomous_vehicle_simulation/install/interfaces_pkg/include/interfaces_pkg/interfaces_pkg/msg/detail/mask__rosidl_typesupport_introspection_c.h\n'}
[4.748965] (interfaces_pkg) StdoutLine: {'line': b'-- Installing: /home/amrl_sunny/ros2_autonomous_vehicle_simulation/install/interfaces_pkg/include/interfaces_pkg/interfaces_pkg/msg/detail/motion_command__rosidl_typesupport_introspection_c.h\n'}
[4.748996] (interfaces_pkg) StdoutLine: {'line': b'-- Installing: /home/amrl_sunny/ros2_autonomous_vehicle_simulation/install/interfaces_pkg/include/interfaces_pkg/interfaces_pkg/msg/detail/detection__type_support.c\n'}
[4.749130] (interfaces_pkg) StdoutLine: {'line': b'-- Installing: /home/amrl_sunny/ros2_autonomous_vehicle_simulation/install/interfaces_pkg/include/interfaces_pkg/interfaces_pkg/msg/detail/bounding_box2_d__type_support.c\n'}
[4.749151] (interfaces_pkg) StdoutLine: {'line': b'-- Installing: /home/amrl_sunny/ros2_autonomous_vehicle_simulation/install/interfaces_pkg/include/interfaces_pkg/interfaces_pkg/msg/detail/target_point__rosidl_typesupport_introspection_c.h\n'}
[4.749173] (interfaces_pkg) StdoutLine: {'line': b'-- Installing: /home/amrl_sunny/ros2_autonomous_vehicle_simulation/install/interfaces_pkg/include/interfaces_pkg/interfaces_pkg/msg/detail/point2_d__type_support.c\n'}
[4.749206] (interfaces_pkg) StdoutLine: {'line': b'-- Installing: /home/amrl_sunny/ros2_autonomous_vehicle_simulation/install/interfaces_pkg/include/interfaces_pkg/interfaces_pkg/msg/detail/vector2__type_support.c\n'}
[4.749235] (interfaces_pkg) StdoutLine: {'line': b'-- Installing: /home/amrl_sunny/ros2_autonomous_vehicle_simulation/install/interfaces_pkg/include/interfaces_pkg/interfaces_pkg/msg/detail/key_point3_d__rosidl_typesupport_introspection_c.h\n'}
[4.749258] (interfaces_pkg) StdoutLine: {'line': b'-- Installing: /home/amrl_sunny/ros2_autonomous_vehicle_simulation/install/interfaces_pkg/include/interfaces_pkg/interfaces_pkg/msg/detail/bounding_box2_d__rosidl_typesupport_introspection_c.h\n'}
[4.749293] (interfaces_pkg) StdoutLine: {'line': b'-- Installing: /home/amrl_sunny/ros2_autonomous_vehicle_simulation/install/interfaces_pkg/include/interfaces_pkg/interfaces_pkg/msg/detail/lane_info__type_support.c\n'}
[4.749322] (interfaces_pkg) StdoutLine: {'line': b'-- Installing: /home/amrl_sunny/ros2_autonomous_vehicle_simulation/install/interfaces_pkg/include/interfaces_pkg/interfaces_pkg/msg/detail/path_planning_result__rosidl_typesupport_introspection_c.h\n'}
[4.749344] (interfaces_pkg) StdoutLine: {'line': b'-- Installing: /home/amrl_sunny/ros2_autonomous_vehicle_simulation/install/interfaces_pkg/include/interfaces_pkg/interfaces_pkg/msg/detail/bounding_box3_d__rosidl_typesupport_introspection_c.h\n'}
[4.749379] (interfaces_pkg) StdoutLine: {'line': b'-- Installing: /home/amrl_sunny/ros2_autonomous_vehicle_simulation/install/interfaces_pkg/include/interfaces_pkg/interfaces_pkg/msg/detail/key_point3_d_array__type_support.c\n'}
[4.749400] (interfaces_pkg) StdoutLine: {'line': b'-- Installing: /home/amrl_sunny/ros2_autonomous_vehicle_simulation/install/interfaces_pkg/include/interfaces_pkg/interfaces_pkg/msg/detail/pose2_d__rosidl_typesupport_introspection_c.h\n'}
[4.749431] (interfaces_pkg) StdoutLine: {'line': b'-- Installing: /home/amrl_sunny/ros2_autonomous_vehicle_simulation/install/interfaces_pkg/include/interfaces_pkg/interfaces_pkg/msg/detail/key_point2_d_array__type_support.c\n'}
[4.749463] (interfaces_pkg) StdoutLine: {'line': b'-- Installing: /home/amrl_sunny/ros2_autonomous_vehicle_simulation/install/interfaces_pkg/include/interfaces_pkg/interfaces_pkg/msg/detail/motion_command__type_support.c\n'}
[4.749494] (interfaces_pkg) StdoutLine: {'line': b'-- Installing: /home/amrl_sunny/ros2_autonomous_vehicle_simulation/install/interfaces_pkg/include/interfaces_pkg/interfaces_pkg/msg/detail/lane_info__rosidl_typesupport_introspection_c.h\n'}
[4.749529] (interfaces_pkg) StdoutLine: {'line': b'-- Installing: /home/amrl_sunny/ros2_autonomous_vehicle_simulation/install/interfaces_pkg/include/interfaces_pkg/interfaces_pkg/msg/detail/vector2__rosidl_typesupport_introspection_c.h\n'}
[4.749561] (interfaces_pkg) StdoutLine: {'line': b'-- Installing: /home/amrl_sunny/ros2_autonomous_vehicle_simulation/install/interfaces_pkg/include/interfaces_pkg/interfaces_pkg/msg/detail/pose2_d__type_support.c\n'}
[4.749595] (interfaces_pkg) StdoutLine: {'line': b'-- Installing: /home/amrl_sunny/ros2_autonomous_vehicle_simulation/install/interfaces_pkg/include/interfaces_pkg/interfaces_pkg/msg/detail/key_point2_d__rosidl_typesupport_introspection_c.h\n'}
[4.749628] (interfaces_pkg) StdoutLine: {'line': b'-- Installing: /home/amrl_sunny/ros2_autonomous_vehicle_simulation/install/interfaces_pkg/include/interfaces_pkg/interfaces_pkg/msg/detail/detection_array__type_support.c\n'}
[4.749663] (interfaces_pkg) StdoutLine: {'line': b'-- Installing: /home/amrl_sunny/ros2_autonomous_vehicle_simulation/install/interfaces_pkg/include/interfaces_pkg/interfaces_pkg/msg/detail/key_point2_d__type_support.c\n'}
[4.749697] (interfaces_pkg) StdoutLine: {'line': b'-- Installing: /home/amrl_sunny/ros2_autonomous_vehicle_simulation/install/interfaces_pkg/include/interfaces_pkg/interfaces_pkg/msg/detail/target_point__type_support.c\n'}
[4.749730] (interfaces_pkg) StdoutLine: {'line': b'-- Installing: /home/amrl_sunny/ros2_autonomous_vehicle_simulation/install/interfaces_pkg/include/interfaces_pkg/interfaces_pkg/msg/detail/point2_d__rosidl_typesupport_introspection_c.h\n'}
[4.749763] (interfaces_pkg) StdoutLine: {'line': b'-- Installing: /home/amrl_sunny/ros2_autonomous_vehicle_simulation/install/interfaces_pkg/include/interfaces_pkg/interfaces_pkg/msg/detail/key_point3_d_array__rosidl_typesupport_introspection_c.h\n'}
[4.749796] (interfaces_pkg) StdoutLine: {'line': b'-- Installing: /home/amrl_sunny/ros2_autonomous_vehicle_simulation/install/interfaces_pkg/include/interfaces_pkg/interfaces_pkg/msg/detail/detection__rosidl_typesupport_introspection_c.h\n'}
[4.749829] (interfaces_pkg) StdoutLine: {'line': b'-- Installing: /home/amrl_sunny/ros2_autonomous_vehicle_simulation/install/interfaces_pkg/include/interfaces_pkg/interfaces_pkg/msg/rosidl_typesupport_introspection_c__visibility_control.h\n'}
[4.749886] (interfaces_pkg) StdoutLine: {'line': b'-- Installing: /home/amrl_sunny/ros2_autonomous_vehicle_simulation/install/interfaces_pkg/lib/libinterfaces_pkg__rosidl_typesupport_introspection_c.so\n'}
[4.750014] (interfaces_pkg) StdoutLine: {'line': b'-- Set runtime path of "/home/amrl_sunny/ros2_autonomous_vehicle_simulation/install/interfaces_pkg/lib/libinterfaces_pkg__rosidl_typesupport_introspection_c.so" to ""\n'}
[4.750050] (interfaces_pkg) StdoutLine: {'line': b'-- Installing: /home/amrl_sunny/ros2_autonomous_vehicle_simulation/install/interfaces_pkg/lib/libinterfaces_pkg__rosidl_typesupport_c.so\n'}
[4.750136] (interfaces_pkg) StdoutLine: {'line': b'-- Set runtime path of "/home/amrl_sunny/ros2_autonomous_vehicle_simulation/install/interfaces_pkg/lib/libinterfaces_pkg__rosidl_typesupport_c.so" to ""\n'}
[4.750171] (interfaces_pkg) StdoutLine: {'line': b'-- Up-to-date: /home/amrl_sunny/ros2_autonomous_vehicle_simulation/install/interfaces_pkg/include/interfaces_pkg/interfaces_pkg\n'}
[4.750200] (interfaces_pkg) StdoutLine: {'line': b'-- Up-to-date: /home/amrl_sunny/ros2_autonomous_vehicle_simulation/install/interfaces_pkg/include/interfaces_pkg/interfaces_pkg/msg\n'}
[4.750230] (interfaces_pkg) StdoutLine: {'line': b'-- Installing: /home/amrl_sunny/ros2_autonomous_vehicle_simulation/install/interfaces_pkg/include/interfaces_pkg/interfaces_pkg/msg/pose2_d.hpp\n'}
[4.750266] (interfaces_pkg) StdoutLine: {'line': b'-- Installing: /home/amrl_sunny/ros2_autonomous_vehicle_simulation/install/interfaces_pkg/include/interfaces_pkg/interfaces_pkg/msg/detection.hpp\n'}
[4.750290] (interfaces_pkg) StdoutLine: {'line': b'-- Installing: /home/amrl_sunny/ros2_autonomous_vehicle_simulation/install/interfaces_pkg/include/interfaces_pkg/interfaces_pkg/msg/bounding_box2_d.hpp\n'}
[4.750326] (interfaces_pkg) StdoutLine: {'line': b'-- Installing: /home/amrl_sunny/ros2_autonomous_vehicle_simulation/install/interfaces_pkg/include/interfaces_pkg/interfaces_pkg/msg/key_point3_d.hpp\n'}
[4.750350] (interfaces_pkg) StdoutLine: {'line': b'-- Installing: /home/amrl_sunny/ros2_autonomous_vehicle_simulation/install/interfaces_pkg/include/interfaces_pkg/interfaces_pkg/msg/bounding_box3_d.hpp\n'}
[4.750386] (interfaces_pkg) StdoutLine: {'line': b'-- Installing: /home/amrl_sunny/ros2_autonomous_vehicle_simulation/install/interfaces_pkg/include/interfaces_pkg/interfaces_pkg/msg/lane_info.hpp\n'}
[4.750410] (interfaces_pkg) StdoutLine: {'line': b'-- Installing: /home/amrl_sunny/ros2_autonomous_vehicle_simulation/install/interfaces_pkg/include/interfaces_pkg/interfaces_pkg/msg/path_planning_result.hpp\n'}
[4.750444] (interfaces_pkg) StdoutLine: {'line': b'-- Installing: /home/amrl_sunny/ros2_autonomous_vehicle_simulation/install/interfaces_pkg/include/interfaces_pkg/interfaces_pkg/msg/key_point3_d_array.hpp\n'}
[4.750467] (interfaces_pkg) StdoutLine: {'line': b'-- Installing: /home/amrl_sunny/ros2_autonomous_vehicle_simulation/install/interfaces_pkg/include/interfaces_pkg/interfaces_pkg/msg/key_point2_d.hpp\n'}
[4.750502] (interfaces_pkg) StdoutLine: {'line': b'-- Installing: /home/amrl_sunny/ros2_autonomous_vehicle_simulation/install/interfaces_pkg/include/interfaces_pkg/interfaces_pkg/msg/key_point2_d_array.hpp\n'}
[4.750524] (interfaces_pkg) StdoutLine: {'line': b'-- Installing: /home/amrl_sunny/ros2_autonomous_vehicle_simulation/install/interfaces_pkg/include/interfaces_pkg/interfaces_pkg/msg/point2_d.hpp\n'}
[4.750559] (interfaces_pkg) StdoutLine: {'line': b'-- Installing: /home/amrl_sunny/ros2_autonomous_vehicle_simulation/install/interfaces_pkg/include/interfaces_pkg/interfaces_pkg/msg/vector2.hpp\n'}
[4.750590] (interfaces_pkg) StdoutLine: {'line': b'-- Installing: /home/amrl_sunny/ros2_autonomous_vehicle_simulation/install/interfaces_pkg/include/interfaces_pkg/interfaces_pkg/msg/target_point.hpp\n'}
[4.750612] (interfaces_pkg) StdoutLine: {'line': b'-- Up-to-date: /home/amrl_sunny/ros2_autonomous_vehicle_simulation/install/interfaces_pkg/include/interfaces_pkg/interfaces_pkg/msg/detail\n'}
[4.750644] (interfaces_pkg) StdoutLine: {'line': b'-- Installing: /home/amrl_sunny/ros2_autonomous_vehicle_simulation/install/interfaces_pkg/include/interfaces_pkg/interfaces_pkg/msg/detail/bounding_box2_d__type_support.hpp\n'}
[4.750664] (interfaces_pkg) StdoutLine: {'line': b'-- Installing: /home/amrl_sunny/ros2_autonomous_vehicle_simulation/install/interfaces_pkg/include/interfaces_pkg/interfaces_pkg/msg/detail/pose2_d__struct.hpp\n'}
[4.750689] (interfaces_pkg) StdoutLine: {'line': b'-- Installing: /home/amrl_sunny/ros2_autonomous_vehicle_simulation/install/interfaces_pkg/include/interfaces_pkg/interfaces_pkg/msg/detail/key_point3_d__traits.hpp\n'}
[4.750715] (interfaces_pkg) StdoutLine: {'line': b'-- Installing: /home/amrl_sunny/ros2_autonomous_vehicle_simulation/install/interfaces_pkg/include/interfaces_pkg/interfaces_pkg/msg/detail/bounding_box3_d__type_support.hpp\n'}
[4.750741] (interfaces_pkg) StdoutLine: {'line': b'-- Installing: /home/amrl_sunny/ros2_autonomous_vehicle_simulation/install/interfaces_pkg/include/interfaces_pkg/interfaces_pkg/msg/detail/bounding_box2_d__struct.hpp\n'}
[4.750774] (interfaces_pkg) StdoutLine: {'line': b'-- Installing: /home/amrl_sunny/ros2_autonomous_vehicle_simulation/install/interfaces_pkg/include/interfaces_pkg/interfaces_pkg/msg/detail/key_point2_d__type_support.hpp\n'}
[4.750803] (interfaces_pkg) StdoutLine: {'line': b'-- Installing: /home/amrl_sunny/ros2_autonomous_vehicle_simulation/install/interfaces_pkg/include/interfaces_pkg/interfaces_pkg/msg/detail/bounding_box3_d__builder.hpp\n'}
[4.750834] (interfaces_pkg) StdoutLine: {'line': b'-- Installing: /home/amrl_sunny/ros2_autonomous_vehicle_simulation/install/interfaces_pkg/include/interfaces_pkg/interfaces_pkg/msg/detail/key_point3_d__struct.hpp\n'}
[4.750865] (interfaces_pkg) StdoutLine: {'line': b'-- Installing: /home/amrl_sunny/ros2_autonomous_vehicle_simulation/install/interfaces_pkg/include/interfaces_pkg/interfaces_pkg/msg/detail/detection_array__builder.hpp\n'}
[4.750897] (interfaces_pkg) StdoutLine: {'line': b'-- Installing: /home/amrl_sunny/ros2_autonomous_vehicle_simulation/install/interfaces_pkg/include/interfaces_pkg/interfaces_pkg/msg/detail/lane_info__traits.hpp\n'}
[4.750927] (interfaces_pkg) StdoutLine: {'line': b'-- Installing: /home/amrl_sunny/ros2_autonomous_vehicle_simulation/install/interfaces_pkg/include/interfaces_pkg/interfaces_pkg/msg/detail/pose2_d__traits.hpp\n'}
[4.750958] (interfaces_pkg) StdoutLine: {'line': b'-- Installing: /home/amrl_sunny/ros2_autonomous_vehicle_simulation/install/interfaces_pkg/include/interfaces_pkg/interfaces_pkg/msg/detail/key_point2_d__traits.hpp\n'}
[4.750990] (interfaces_pkg) StdoutLine: {'line': b'-- Installing: /home/amrl_sunny/ros2_autonomous_vehicle_simulation/install/interfaces_pkg/include/interfaces_pkg/interfaces_pkg/msg/detail/detection_array__struct.hpp\n'}
[4.751021] (interfaces_pkg) StdoutLine: {'line': b'-- Installing: /home/amrl_sunny/ros2_autonomous_vehicle_simulation/install/interfaces_pkg/include/interfaces_pkg/interfaces_pkg/msg/detail/key_point2_d_array__struct.hpp\n'}
[4.751052] (interfaces_pkg) StdoutLine: {'line': b'-- Installing: /home/amrl_sunny/ros2_autonomous_vehicle_simulation/install/interfaces_pkg/include/interfaces_pkg/interfaces_pkg/msg/detail/mask__traits.hpp\n'}
[4.751084] (interfaces_pkg) StdoutLine: {'line': b'-- Installing: /home/amrl_sunny/ros2_autonomous_vehicle_simulation/install/interfaces_pkg/include/interfaces_pkg/interfaces_pkg/msg/detail/motion_command__type_support.hpp\n'}
[4.751117] (interfaces_pkg) StdoutLine: {'line': b'-- Installing: /home/amrl_sunny/ros2_autonomous_vehicle_simulation/install/interfaces_pkg/include/interfaces_pkg/interfaces_pkg/msg/detail/detection__traits.hpp\n'}
[4.751150] (interfaces_pkg) StdoutLine: {'line': b'-- Installing: /home/amrl_sunny/ros2_autonomous_vehicle_simulation/install/interfaces_pkg/include/interfaces_pkg/interfaces_pkg/msg/detail/motion_command__builder.hpp\n'}
[4.751180] (interfaces_pkg) StdoutLine: {'line': b'-- Installing: /home/amrl_sunny/ros2_autonomous_vehicle_simulation/install/interfaces_pkg/include/interfaces_pkg/interfaces_pkg/msg/detail/bounding_box2_d__traits.hpp\n'}
[4.751213] (interfaces_pkg) StdoutLine: {'line': b'-- Installing: /home/amrl_sunny/ros2_autonomous_vehicle_simulation/install/interfaces_pkg/include/interfaces_pkg/interfaces_pkg/msg/detail/lane_info__struct.hpp\n'}
[4.751244] (interfaces_pkg) StdoutLine: {'line': b'-- Installing: /home/amrl_sunny/ros2_autonomous_vehicle_simulation/install/interfaces_pkg/include/interfaces_pkg/interfaces_pkg/msg/detail/bounding_box3_d__traits.hpp\n'}
[4.751276] (interfaces_pkg) StdoutLine: {'line': b'-- Installing: /home/amrl_sunny/ros2_autonomous_vehicle_simulation/install/interfaces_pkg/include/interfaces_pkg/interfaces_pkg/msg/detail/vector2__type_support.hpp\n'}
[4.751308] (interfaces_pkg) StdoutLine: {'line': b'-- Installing: /home/amrl_sunny/ros2_autonomous_vehicle_simulation/install/interfaces_pkg/include/interfaces_pkg/interfaces_pkg/msg/detail/path_planning_result__struct.hpp\n'}
[4.751340] (interfaces_pkg) StdoutLine: {'line': b'-- Installing: /home/amrl_sunny/ros2_autonomous_vehicle_simulation/install/interfaces_pkg/include/interfaces_pkg/interfaces_pkg/msg/detail/bounding_box2_d__builder.hpp\n'}
[4.751372] (interfaces_pkg) StdoutLine: {'line': b'-- Installing: /home/amrl_sunny/ros2_autonomous_vehicle_simulation/install/interfaces_pkg/include/interfaces_pkg/interfaces_pkg/msg/detail/path_planning_result__builder.hpp\n'}
[4.751404] (interfaces_pkg) StdoutLine: {'line': b'-- Installing: /home/amrl_sunny/ros2_autonomous_vehicle_simulation/install/interfaces_pkg/include/interfaces_pkg/interfaces_pkg/msg/detail/detection_array__traits.hpp\n'}
[4.751435] (interfaces_pkg) StdoutLine: {'line': b'-- Installing: /home/amrl_sunny/ros2_autonomous_vehicle_simulation/install/interfaces_pkg/include/interfaces_pkg/interfaces_pkg/msg/detail/path_planning_result__type_support.hpp\n'}
[4.751467] (interfaces_pkg) StdoutLine: {'line': b'-- Installing: /home/amrl_sunny/ros2_autonomous_vehicle_simulation/install/interfaces_pkg/include/interfaces_pkg/interfaces_pkg/msg/detail/motion_command__struct.hpp\n'}
[4.751500] (interfaces_pkg) StdoutLine: {'line': b'-- Installing: /home/amrl_sunny/ros2_autonomous_vehicle_simulation/install/interfaces_pkg/include/interfaces_pkg/interfaces_pkg/msg/detail/point2_d__traits.hpp\n'}
[4.751533] (interfaces_pkg) StdoutLine: {'line': b'-- Installing: /home/amrl_sunny/ros2_autonomous_vehicle_simulation/install/interfaces_pkg/include/interfaces_pkg/interfaces_pkg/msg/detail/key_point3_d_array__traits.hpp\n'}
[4.751565] (interfaces_pkg) StdoutLine: {'line': b'-- Installing: /home/amrl_sunny/ros2_autonomous_vehicle_simulation/install/interfaces_pkg/include/interfaces_pkg/interfaces_pkg/msg/detail/key_point3_d__type_support.hpp\n'}
[4.751597] (interfaces_pkg) StdoutLine: {'line': b'-- Installing: /home/amrl_sunny/ros2_autonomous_vehicle_simulation/install/interfaces_pkg/include/interfaces_pkg/interfaces_pkg/msg/detail/mask__struct.hpp\n'}
[4.751630] (interfaces_pkg) StdoutLine: {'line': b'-- Installing: /home/amrl_sunny/ros2_autonomous_vehicle_simulation/install/interfaces_pkg/include/interfaces_pkg/interfaces_pkg/msg/detail/mask__builder.hpp\n'}
[4.751661] (interfaces_pkg) StdoutLine: {'line': b'-- Installing: /home/amrl_sunny/ros2_autonomous_vehicle_simulation/install/interfaces_pkg/include/interfaces_pkg/interfaces_pkg/msg/detail/vector2__traits.hpp\n'}
[4.751693] (interfaces_pkg) StdoutLine: {'line': b'-- Installing: /home/amrl_sunny/ros2_autonomous_vehicle_simulation/install/interfaces_pkg/include/interfaces_pkg/interfaces_pkg/msg/detail/point2_d__struct.hpp\n'}
[4.751726] (interfaces_pkg) StdoutLine: {'line': b'-- Installing: /home/amrl_sunny/ros2_autonomous_vehicle_simulation/install/interfaces_pkg/include/interfaces_pkg/interfaces_pkg/msg/detail/target_point__struct.hpp\n'}
[4.751758] (interfaces_pkg) StdoutLine: {'line': b'-- Installing: /home/amrl_sunny/ros2_autonomous_vehicle_simulation/install/interfaces_pkg/include/interfaces_pkg/interfaces_pkg/msg/detail/path_planning_result__traits.hpp\n'}
[4.751788] (interfaces_pkg) StdoutLine: {'line': b'-- Installing: /home/amrl_sunny/ros2_autonomous_vehicle_simulation/install/interfaces_pkg/include/interfaces_pkg/interfaces_pkg/msg/detail/detection__builder.hpp\n'}
[4.751820] (interfaces_pkg) StdoutLine: {'line': b'-- Installing: /home/amrl_sunny/ros2_autonomous_vehicle_simulation/install/interfaces_pkg/include/interfaces_pkg/interfaces_pkg/msg/detail/key_point2_d_array__builder.hpp\n'}
[4.751851] (interfaces_pkg) StdoutLine: {'line': b'-- Installing: /home/amrl_sunny/ros2_autonomous_vehicle_simulation/install/interfaces_pkg/include/interfaces_pkg/interfaces_pkg/msg/detail/point2_d__type_support.hpp\n'}
[4.751882] (interfaces_pkg) StdoutLine: {'line': b'-- Installing: /home/amrl_sunny/ros2_autonomous_vehicle_simulation/install/interfaces_pkg/include/interfaces_pkg/interfaces_pkg/msg/detail/key_point2_d_array__type_support.hpp\n'}
[4.751914] (interfaces_pkg) StdoutLine: {'line': b'-- Installing: /home/amrl_sunny/ros2_autonomous_vehicle_simulation/install/interfaces_pkg/include/interfaces_pkg/interfaces_pkg/msg/detail/key_point3_d_array__struct.hpp\n'}
[4.751946] (interfaces_pkg) StdoutLine: {'line': b'-- Installing: /home/amrl_sunny/ros2_autonomous_vehicle_simulation/install/interfaces_pkg/include/interfaces_pkg/interfaces_pkg/msg/detail/detection_array__type_support.hpp\n'}
[4.751980] (interfaces_pkg) StdoutLine: {'line': b'-- Installing: /home/amrl_sunny/ros2_autonomous_vehicle_simulation/install/interfaces_pkg/include/interfaces_pkg/interfaces_pkg/msg/detail/vector2__struct.hpp\n'}
[4.752011] (interfaces_pkg) StdoutLine: {'line': b'-- Installing: /home/amrl_sunny/ros2_autonomous_vehicle_simulation/install/interfaces_pkg/include/interfaces_pkg/interfaces_pkg/msg/detail/mask__type_support.hpp\n'}
[4.752043] (interfaces_pkg) StdoutLine: {'line': b'-- Installing: /home/amrl_sunny/ros2_autonomous_vehicle_simulation/install/interfaces_pkg/include/interfaces_pkg/interfaces_pkg/msg/detail/motion_command__traits.hpp\n'}
[4.752075] (interfaces_pkg) StdoutLine: {'line': b'-- Installing: /home/amrl_sunny/ros2_autonomous_vehicle_simulation/install/interfaces_pkg/include/interfaces_pkg/interfaces_pkg/msg/detail/key_point3_d_array__type_support.hpp\n'}
[4.752107] (interfaces_pkg) StdoutLine: {'line': b'-- Installing: /home/amrl_sunny/ros2_autonomous_vehicle_simulation/install/interfaces_pkg/include/interfaces_pkg/interfaces_pkg/msg/detail/key_point3_d__builder.hpp\n'}
[4.752139] (interfaces_pkg) StdoutLine: {'line': b'-- Installing: /home/amrl_sunny/ros2_autonomous_vehicle_simulation/install/interfaces_pkg/include/interfaces_pkg/interfaces_pkg/msg/detail/target_point__traits.hpp\n'}
[4.752170] (interfaces_pkg) StdoutLine: {'line': b'-- Installing: /home/amrl_sunny/ros2_autonomous_vehicle_simulation/install/interfaces_pkg/include/interfaces_pkg/interfaces_pkg/msg/detail/key_point2_d_array__traits.hpp\n'}
[4.752202] (interfaces_pkg) StdoutLine: {'line': b'-- Installing: /home/amrl_sunny/ros2_autonomous_vehicle_simulation/install/interfaces_pkg/include/interfaces_pkg/interfaces_pkg/msg/detail/detection__type_support.hpp\n'}
[4.752235] (interfaces_pkg) StdoutLine: {'line': b'-- Installing: /home/amrl_sunny/ros2_autonomous_vehicle_simulation/install/interfaces_pkg/include/interfaces_pkg/interfaces_pkg/msg/detail/key_point2_d__builder.hpp\n'}
[4.752267] (interfaces_pkg) StdoutLine: {'line': b'-- Installing: /home/amrl_sunny/ros2_autonomous_vehicle_simulation/install/interfaces_pkg/include/interfaces_pkg/interfaces_pkg/msg/detail/lane_info__builder.hpp\n'}
[4.752298] (interfaces_pkg) StdoutLine: {'line': b'-- Installing: /home/amrl_sunny/ros2_autonomous_vehicle_simulation/install/interfaces_pkg/include/interfaces_pkg/interfaces_pkg/msg/detail/lane_info__type_support.hpp\n'}
[4.752329] (interfaces_pkg) StdoutLine: {'line': b'-- Installing: /home/amrl_sunny/ros2_autonomous_vehicle_simulation/install/interfaces_pkg/include/interfaces_pkg/interfaces_pkg/msg/detail/key_point2_d__struct.hpp\n'}
[4.752362] (interfaces_pkg) StdoutLine: {'line': b'-- Installing: /home/amrl_sunny/ros2_autonomous_vehicle_simulation/install/interfaces_pkg/include/interfaces_pkg/interfaces_pkg/msg/detail/bounding_box3_d__struct.hpp\n'}
[4.752399] (interfaces_pkg) StdoutLine: {'line': b'-- Installing: /home/amrl_sunny/ros2_autonomous_vehicle_simulation/install/interfaces_pkg/include/interfaces_pkg/interfaces_pkg/msg/detail/vector2__builder.hpp\n'}
[4.752432] (interfaces_pkg) StdoutLine: {'line': b'-- Installing: /home/amrl_sunny/ros2_autonomous_vehicle_simulation/install/interfaces_pkg/include/interfaces_pkg/interfaces_pkg/msg/detail/pose2_d__type_support.hpp\n'}
[4.752464] (interfaces_pkg) StdoutLine: {'line': b'-- Installing: /home/amrl_sunny/ros2_autonomous_vehicle_simulation/install/interfaces_pkg/include/interfaces_pkg/interfaces_pkg/msg/detail/pose2_d__builder.hpp\n'}
[4.752496] (interfaces_pkg) StdoutLine: {'line': b'-- Installing: /home/amrl_sunny/ros2_autonomous_vehicle_simulation/install/interfaces_pkg/include/interfaces_pkg/interfaces_pkg/msg/detail/target_point__builder.hpp\n'}
[4.752528] (interfaces_pkg) StdoutLine: {'line': b'-- Installing: /home/amrl_sunny/ros2_autonomous_vehicle_simulation/install/interfaces_pkg/include/interfaces_pkg/interfaces_pkg/msg/detail/detection__struct.hpp\n'}
[4.752562] (interfaces_pkg) StdoutLine: {'line': b'-- Installing: /home/amrl_sunny/ros2_autonomous_vehicle_simulation/install/interfaces_pkg/include/interfaces_pkg/interfaces_pkg/msg/detail/point2_d__builder.hpp\n'}
[4.752594] (interfaces_pkg) StdoutLine: {'line': b'-- Installing: /home/amrl_sunny/ros2_autonomous_vehicle_simulation/install/interfaces_pkg/include/interfaces_pkg/interfaces_pkg/msg/detail/key_point3_d_array__builder.hpp\n'}
[4.752626] (interfaces_pkg) StdoutLine: {'line': b'-- Installing: /home/amrl_sunny/ros2_autonomous_vehicle_simulation/install/interfaces_pkg/include/interfaces_pkg/interfaces_pkg/msg/detail/target_point__type_support.hpp\n'}
[4.752658] (interfaces_pkg) StdoutLine: {'line': b'-- Installing: /home/amrl_sunny/ros2_autonomous_vehicle_simulation/install/interfaces_pkg/include/interfaces_pkg/interfaces_pkg/msg/detection_array.hpp\n'}
[4.752687] (interfaces_pkg) StdoutLine: {'line': b'-- Installing: /home/amrl_sunny/ros2_autonomous_vehicle_simulation/install/interfaces_pkg/include/interfaces_pkg/interfaces_pkg/msg/rosidl_generator_cpp__visibility_control.hpp\n'}
[4.752716] (interfaces_pkg) StdoutLine: {'line': b'-- Installing: /home/amrl_sunny/ros2_autonomous_vehicle_simulation/install/interfaces_pkg/include/interfaces_pkg/interfaces_pkg/msg/mask.hpp\n'}
[4.752744] (interfaces_pkg) StdoutLine: {'line': b'-- Installing: /home/amrl_sunny/ros2_autonomous_vehicle_simulation/install/interfaces_pkg/include/interfaces_pkg/interfaces_pkg/msg/motion_command.hpp\n'}
[4.752797] (interfaces_pkg) StdoutLine: {'line': b'-- Up-to-date: /home/amrl_sunny/ros2_autonomous_vehicle_simulation/install/interfaces_pkg/include/interfaces_pkg/interfaces_pkg\n'}
[4.752831] (interfaces_pkg) StdoutLine: {'line': b'-- Up-to-date: /home/amrl_sunny/ros2_autonomous_vehicle_simulation/install/interfaces_pkg/include/interfaces_pkg/interfaces_pkg/msg\n'}
[4.752852] (interfaces_pkg) StdoutLine: {'line': b'-- Up-to-date: /home/amrl_sunny/ros2_autonomous_vehicle_simulation/install/interfaces_pkg/include/interfaces_pkg/interfaces_pkg/msg/detail\n'}
[4.752885] (interfaces_pkg) StdoutLine: {'line': b'-- Installing: /home/amrl_sunny/ros2_autonomous_vehicle_simulation/install/interfaces_pkg/include/interfaces_pkg/interfaces_pkg/msg/detail/path_planning_result__rosidl_typesupport_fastrtps_cpp.hpp\n'}
[4.752906] (interfaces_pkg) StdoutLine: {'line': b'-- Installing: /home/amrl_sunny/ros2_autonomous_vehicle_simulation/install/interfaces_pkg/include/interfaces_pkg/interfaces_pkg/msg/detail/key_point3_d_array__rosidl_typesupport_fastrtps_cpp.hpp\n'}
[4.752939] (interfaces_pkg) StdoutLine: {'line': b'-- Installing: /home/amrl_sunny/ros2_autonomous_vehicle_simulation/install/interfaces_pkg/include/interfaces_pkg/interfaces_pkg/msg/detail/target_point__rosidl_typesupport_fastrtps_cpp.hpp\n'}
[4.752960] (interfaces_pkg) StdoutLine: {'line': b'-- Installing: /home/amrl_sunny/ros2_autonomous_vehicle_simulation/install/interfaces_pkg/include/interfaces_pkg/interfaces_pkg/msg/detail/detection__rosidl_typesupport_fastrtps_cpp.hpp\n'}
[4.752990] (interfaces_pkg) StdoutLine: {'line': b'-- Installing: /home/amrl_sunny/ros2_autonomous_vehicle_simulation/install/interfaces_pkg/include/interfaces_pkg/interfaces_pkg/msg/detail/pose2_d__rosidl_typesupport_fastrtps_cpp.hpp\n'}
[4.753019] (interfaces_pkg) StdoutLine: {'line': b'-- Installing: /home/amrl_sunny/ros2_autonomous_vehicle_simulation/install/interfaces_pkg/include/interfaces_pkg/interfaces_pkg/msg/detail/bounding_box3_d__rosidl_typesupport_fastrtps_cpp.hpp\n'}
[4.753049] (interfaces_pkg) StdoutLine: {'line': b'-- Installing: /home/amrl_sunny/ros2_autonomous_vehicle_simulation/install/interfaces_pkg/include/interfaces_pkg/interfaces_pkg/msg/detail/vector2__rosidl_typesupport_fastrtps_cpp.hpp\n'}
[4.753079] (interfaces_pkg) StdoutLine: {'line': b'-- Installing: /home/amrl_sunny/ros2_autonomous_vehicle_simulation/install/interfaces_pkg/include/interfaces_pkg/interfaces_pkg/msg/detail/mask__rosidl_typesupport_fastrtps_cpp.hpp\n'}
[4.753106] (interfaces_pkg) StdoutLine: {'line': b'-- Installing: /home/amrl_sunny/ros2_autonomous_vehicle_simulation/install/interfaces_pkg/include/interfaces_pkg/interfaces_pkg/msg/detail/detection_array__rosidl_typesupport_fastrtps_cpp.hpp\n'}
[4.753134] (interfaces_pkg) StdoutLine: {'line': b'-- Installing: /home/amrl_sunny/ros2_autonomous_vehicle_simulation/install/interfaces_pkg/include/interfaces_pkg/interfaces_pkg/msg/detail/key_point2_d_array__rosidl_typesupport_fastrtps_cpp.hpp\n'}
[4.753161] (interfaces_pkg) StdoutLine: {'line': b'-- Installing: /home/amrl_sunny/ros2_autonomous_vehicle_simulation/install/interfaces_pkg/include/interfaces_pkg/interfaces_pkg/msg/detail/key_point2_d__rosidl_typesupport_fastrtps_cpp.hpp\n'}
[4.753195] (interfaces_pkg) StdoutLine: {'line': b'-- Installing: /home/amrl_sunny/ros2_autonomous_vehicle_simulation/install/interfaces_pkg/include/interfaces_pkg/interfaces_pkg/msg/detail/lane_info__rosidl_typesupport_fastrtps_cpp.hpp\n'}
[4.753294] (interfaces_pkg) StdoutLine: {'line': b'-- Installing: /home/amrl_sunny/ros2_autonomous_vehicle_simulation/install/interfaces_pkg/include/interfaces_pkg/interfaces_pkg/msg/detail/dds_fastrtps\n'}
[4.753336] (interfaces_pkg) StdoutLine: {'line': b'-- Installing: /home/amrl_sunny/ros2_autonomous_vehicle_simulation/install/interfaces_pkg/include/interfaces_pkg/interfaces_pkg/msg/detail/motion_command__rosidl_typesupport_fastrtps_cpp.hpp\n'}
[4.753382] (interfaces_pkg) StdoutLine: {'line': b'-- Installing: /home/amrl_sunny/ros2_autonomous_vehicle_simulation/install/interfaces_pkg/include/interfaces_pkg/interfaces_pkg/msg/detail/point2_d__rosidl_typesupport_fastrtps_cpp.hpp\n'}
[4.753413] (interfaces_pkg) StdoutLine: {'line': b'-- Installing: /home/amrl_sunny/ros2_autonomous_vehicle_simulation/install/interfaces_pkg/include/interfaces_pkg/interfaces_pkg/msg/detail/key_point3_d__rosidl_typesupport_fastrtps_cpp.hpp\n'}
[4.753446] (interfaces_pkg) StdoutLine: {'line': b'-- Installing: /home/amrl_sunny/ros2_autonomous_vehicle_simulation/install/interfaces_pkg/include/interfaces_pkg/interfaces_pkg/msg/detail/bounding_box2_d__rosidl_typesupport_fastrtps_cpp.hpp\n'}
[4.753476] (interfaces_pkg) StdoutLine: {'line': b'-- Installing: /home/amrl_sunny/ros2_autonomous_vehicle_simulation/install/interfaces_pkg/include/interfaces_pkg/interfaces_pkg/msg/rosidl_typesupport_fastrtps_cpp__visibility_control.h\n'}
[4.753536] (interfaces_pkg) StdoutLine: {'line': b'-- Installing: /home/amrl_sunny/ros2_autonomous_vehicle_simulation/install/interfaces_pkg/lib/libinterfaces_pkg__rosidl_typesupport_fastrtps_cpp.so\n'}
[4.753755] (interfaces_pkg) StdoutLine: {'line': b'-- Set runtime path of "/home/amrl_sunny/ros2_autonomous_vehicle_simulation/install/interfaces_pkg/lib/libinterfaces_pkg__rosidl_typesupport_fastrtps_cpp.so" to ""\n'}
[4.753783] (interfaces_pkg) StdoutLine: {'line': b'-- Up-to-date: /home/amrl_sunny/ros2_autonomous_vehicle_simulation/install/interfaces_pkg/include/interfaces_pkg/interfaces_pkg\n'}
[4.753817] (interfaces_pkg) StdoutLine: {'line': b'-- Up-to-date: /home/amrl_sunny/ros2_autonomous_vehicle_simulation/install/interfaces_pkg/include/interfaces_pkg/interfaces_pkg/msg\n'}
[4.753837] (interfaces_pkg) StdoutLine: {'line': b'-- Up-to-date: /home/amrl_sunny/ros2_autonomous_vehicle_simulation/install/interfaces_pkg/include/interfaces_pkg/interfaces_pkg/msg/detail\n'}
[4.753857] (interfaces_pkg) StdoutLine: {'line': b'-- Installing: /home/amrl_sunny/ros2_autonomous_vehicle_simulation/install/interfaces_pkg/include/interfaces_pkg/interfaces_pkg/msg/detail/key_point3_d__type_support.cpp\n'}
[4.753889] (interfaces_pkg) StdoutLine: {'line': b'-- Installing: /home/amrl_sunny/ros2_autonomous_vehicle_simulation/install/interfaces_pkg/include/interfaces_pkg/interfaces_pkg/msg/detail/detection_array__rosidl_typesupport_introspection_cpp.hpp\n'}
[4.753909] (interfaces_pkg) StdoutLine: {'line': b'-- Installing: /home/amrl_sunny/ros2_autonomous_vehicle_simulation/install/interfaces_pkg/include/interfaces_pkg/interfaces_pkg/msg/detail/mask__rosidl_typesupport_introspection_cpp.hpp\n'}
[4.753940] (interfaces_pkg) StdoutLine: {'line': b'-- Installing: /home/amrl_sunny/ros2_autonomous_vehicle_simulation/install/interfaces_pkg/include/interfaces_pkg/interfaces_pkg/msg/detail/point2_d__type_support.cpp\n'}
[4.753969] (interfaces_pkg) StdoutLine: {'line': b'-- Installing: /home/amrl_sunny/ros2_autonomous_vehicle_simulation/install/interfaces_pkg/include/interfaces_pkg/interfaces_pkg/msg/detail/vector2__rosidl_typesupport_introspection_cpp.hpp\n'}
[4.753999] (interfaces_pkg) StdoutLine: {'line': b'-- Installing: /home/amrl_sunny/ros2_autonomous_vehicle_simulation/install/interfaces_pkg/include/interfaces_pkg/interfaces_pkg/msg/detail/bounding_box2_d__type_support.cpp\n'}
[4.754027] (interfaces_pkg) StdoutLine: {'line': b'-- Installing: /home/amrl_sunny/ros2_autonomous_vehicle_simulation/install/interfaces_pkg/include/interfaces_pkg/interfaces_pkg/msg/detail/pose2_d__type_support.cpp\n'}
[4.754055] (interfaces_pkg) StdoutLine: {'line': b'-- Installing: /home/amrl_sunny/ros2_autonomous_vehicle_simulation/install/interfaces_pkg/include/interfaces_pkg/interfaces_pkg/msg/detail/pose2_d__rosidl_typesupport_introspection_cpp.hpp\n'}
[4.754088] (interfaces_pkg) StdoutLine: {'line': b'-- Installing: /home/amrl_sunny/ros2_autonomous_vehicle_simulation/install/interfaces_pkg/include/interfaces_pkg/interfaces_pkg/msg/detail/path_planning_result__type_support.cpp\n'}
[4.754123] (interfaces_pkg) StdoutLine: {'line': b'-- Installing: /home/amrl_sunny/ros2_autonomous_vehicle_simulation/install/interfaces_pkg/include/interfaces_pkg/interfaces_pkg/msg/detail/key_point2_d_array__rosidl_typesupport_introspection_cpp.hpp\n'}
[4.754160] (interfaces_pkg) StdoutLine: {'line': b'-- Installing: /home/amrl_sunny/ros2_autonomous_vehicle_simulation/install/interfaces_pkg/include/interfaces_pkg/interfaces_pkg/msg/detail/bounding_box2_d__rosidl_typesupport_introspection_cpp.hpp\n'}
[4.754205] (interfaces_pkg) StdoutLine: {'line': b'-- Installing: /home/amrl_sunny/ros2_autonomous_vehicle_simulation/install/interfaces_pkg/include/interfaces_pkg/interfaces_pkg/msg/detail/lane_info__rosidl_typesupport_introspection_cpp.hpp\n'}
[4.754242] (interfaces_pkg) StdoutLine: {'line': b'-- Installing: /home/amrl_sunny/ros2_autonomous_vehicle_simulation/install/interfaces_pkg/include/interfaces_pkg/interfaces_pkg/msg/detail/target_point__rosidl_typesupport_introspection_cpp.hpp\n'}
[4.754272] (interfaces_pkg) StdoutLine: {'line': b'-- Installing: /home/amrl_sunny/ros2_autonomous_vehicle_simulation/install/interfaces_pkg/include/interfaces_pkg/interfaces_pkg/msg/detail/detection__type_support.cpp\n'}
[4.754302] (interfaces_pkg) StdoutLine: {'line': b'-- Installing: /home/amrl_sunny/ros2_autonomous_vehicle_simulation/install/interfaces_pkg/include/interfaces_pkg/interfaces_pkg/msg/detail/bounding_box3_d__type_support.cpp\n'}
[4.754335] (interfaces_pkg) StdoutLine: {'line': b'-- Installing: /home/amrl_sunny/ros2_autonomous_vehicle_simulation/install/interfaces_pkg/include/interfaces_pkg/interfaces_pkg/msg/detail/key_point3_d_array__rosidl_typesupport_introspection_cpp.hpp\n'}
[4.754366] (interfaces_pkg) StdoutLine: {'line': b'-- Installing: /home/amrl_sunny/ros2_autonomous_vehicle_simulation/install/interfaces_pkg/include/interfaces_pkg/interfaces_pkg/msg/detail/key_point2_d_array__type_support.cpp\n'}
[4.754397] (interfaces_pkg) StdoutLine: {'line': b'-- Installing: /home/amrl_sunny/ros2_autonomous_vehicle_simulation/install/interfaces_pkg/include/interfaces_pkg/interfaces_pkg/msg/detail/detection__rosidl_typesupport_introspection_cpp.hpp\n'}
[4.754429] (interfaces_pkg) StdoutLine: {'line': b'-- Installing: /home/amrl_sunny/ros2_autonomous_vehicle_simulation/install/interfaces_pkg/include/interfaces_pkg/interfaces_pkg/msg/detail/detection_array__type_support.cpp\n'}
[4.754461] (interfaces_pkg) StdoutLine: {'line': b'-- Installing: /home/amrl_sunny/ros2_autonomous_vehicle_simulation/install/interfaces_pkg/include/interfaces_pkg/interfaces_pkg/msg/detail/lane_info__type_support.cpp\n'}
[4.754493] (interfaces_pkg) StdoutLine: {'line': b'-- Installing: /home/amrl_sunny/ros2_autonomous_vehicle_simulation/install/interfaces_pkg/include/interfaces_pkg/interfaces_pkg/msg/detail/target_point__type_support.cpp\n'}
[4.754524] (interfaces_pkg) StdoutLine: {'line': b'-- Installing: /home/amrl_sunny/ros2_autonomous_vehicle_simulation/install/interfaces_pkg/include/interfaces_pkg/interfaces_pkg/msg/detail/motion_command__type_support.cpp\n'}
[4.754558] (interfaces_pkg) StdoutLine: {'line': b'-- Installing: /home/amrl_sunny/ros2_autonomous_vehicle_simulation/install/interfaces_pkg/include/interfaces_pkg/interfaces_pkg/msg/detail/bounding_box3_d__rosidl_typesupport_introspection_cpp.hpp\n'}
[4.754588] (interfaces_pkg) StdoutLine: {'line': b'-- Installing: /home/amrl_sunny/ros2_autonomous_vehicle_simulation/install/interfaces_pkg/include/interfaces_pkg/interfaces_pkg/msg/detail/vector2__type_support.cpp\n'}
[4.754623] (interfaces_pkg) StdoutLine: {'line': b'-- Installing: /home/amrl_sunny/ros2_autonomous_vehicle_simulation/install/interfaces_pkg/include/interfaces_pkg/interfaces_pkg/msg/detail/key_point2_d__rosidl_typesupport_introspection_cpp.hpp\n'}
[4.754654] (interfaces_pkg) StdoutLine: {'line': b'-- Installing: /home/amrl_sunny/ros2_autonomous_vehicle_simulation/install/interfaces_pkg/include/interfaces_pkg/interfaces_pkg/msg/detail/key_point3_d__rosidl_typesupport_introspection_cpp.hpp\n'}
[4.754684] (interfaces_pkg) StdoutLine: {'line': b'-- Installing: /home/amrl_sunny/ros2_autonomous_vehicle_simulation/install/interfaces_pkg/include/interfaces_pkg/interfaces_pkg/msg/detail/key_point2_d__type_support.cpp\n'}
[4.754717] (interfaces_pkg) StdoutLine: {'line': b'-- Installing: /home/amrl_sunny/ros2_autonomous_vehicle_simulation/install/interfaces_pkg/include/interfaces_pkg/interfaces_pkg/msg/detail/path_planning_result__rosidl_typesupport_introspection_cpp.hpp\n'}
[4.754748] (interfaces_pkg) StdoutLine: {'line': b'-- Installing: /home/amrl_sunny/ros2_autonomous_vehicle_simulation/install/interfaces_pkg/include/interfaces_pkg/interfaces_pkg/msg/detail/point2_d__rosidl_typesupport_introspection_cpp.hpp\n'}
[4.754779] (interfaces_pkg) StdoutLine: {'line': b'-- Installing: /home/amrl_sunny/ros2_autonomous_vehicle_simulation/install/interfaces_pkg/include/interfaces_pkg/interfaces_pkg/msg/detail/key_point3_d_array__type_support.cpp\n'}
[4.754811] (interfaces_pkg) StdoutLine: {'line': b'-- Installing: /home/amrl_sunny/ros2_autonomous_vehicle_simulation/install/interfaces_pkg/include/interfaces_pkg/interfaces_pkg/msg/detail/motion_command__rosidl_typesupport_introspection_cpp.hpp\n'}
[4.754843] (interfaces_pkg) StdoutLine: {'line': b'-- Installing: /home/amrl_sunny/ros2_autonomous_vehicle_simulation/install/interfaces_pkg/include/interfaces_pkg/interfaces_pkg/msg/detail/mask__type_support.cpp\n'}
[4.754897] (interfaces_pkg) StdoutLine: {'line': b'-- Installing: /home/amrl_sunny/ros2_autonomous_vehicle_simulation/install/interfaces_pkg/lib/libinterfaces_pkg__rosidl_typesupport_introspection_cpp.so\n'}
[4.755130] (interfaces_pkg) StdoutLine: {'line': b'-- Set runtime path of "/home/amrl_sunny/ros2_autonomous_vehicle_simulation/install/interfaces_pkg/lib/libinterfaces_pkg__rosidl_typesupport_introspection_cpp.so" to ""\n'}
[4.755159] (interfaces_pkg) StdoutLine: {'line': b'-- Installing: /home/amrl_sunny/ros2_autonomous_vehicle_simulation/install/interfaces_pkg/lib/libinterfaces_pkg__rosidl_typesupport_cpp.so\n'}
[4.755268] (interfaces_pkg) StdoutLine: {'line': b'-- Set runtime path of "/home/amrl_sunny/ros2_autonomous_vehicle_simulation/install/interfaces_pkg/lib/libinterfaces_pkg__rosidl_typesupport_cpp.so" to ""\n'}
[4.755299] (interfaces_pkg) StdoutLine: {'line': b'-- Installing: /home/amrl_sunny/ros2_autonomous_vehicle_simulation/install/interfaces_pkg/share/interfaces_pkg/environment/pythonpath.sh\n'}
[4.755332] (interfaces_pkg) StdoutLine: {'line': b'-- Installing: /home/amrl_sunny/ros2_autonomous_vehicle_simulation/install/interfaces_pkg/share/interfaces_pkg/environment/pythonpath.dsv\n'}
[4.755370] (interfaces_pkg) StdoutLine: {'line': b'-- Installing: /home/amrl_sunny/ros2_autonomous_vehicle_simulation/install/interfaces_pkg/local/lib/python3.10/dist-packages/interfaces_pkg-0.0.0-py3.10.egg-info\n'}
[4.755420] (interfaces_pkg) StdoutLine: {'line': b'-- Installing: /home/amrl_sunny/ros2_autonomous_vehicle_simulation/install/interfaces_pkg/local/lib/python3.10/dist-packages/interfaces_pkg-0.0.0-py3.10.egg-info/dependency_links.txt\n'}
[4.755449] (interfaces_pkg) StdoutLine: {'line': b'-- Installing: /home/amrl_sunny/ros2_autonomous_vehicle_simulation/install/interfaces_pkg/local/lib/python3.10/dist-packages/interfaces_pkg-0.0.0-py3.10.egg-info/top_level.txt\n'}
[4.755476] (interfaces_pkg) StdoutLine: {'line': b'-- Installing: /home/amrl_sunny/ros2_autonomous_vehicle_simulation/install/interfaces_pkg/local/lib/python3.10/dist-packages/interfaces_pkg-0.0.0-py3.10.egg-info/PKG-INFO\n'}
[4.755507] (interfaces_pkg) StdoutLine: {'line': b'-- Installing: /home/amrl_sunny/ros2_autonomous_vehicle_simulation/install/interfaces_pkg/local/lib/python3.10/dist-packages/interfaces_pkg-0.0.0-py3.10.egg-info/SOURCES.txt\n'}
[4.755551] (interfaces_pkg) StdoutLine: {'line': b'-- Installing: /home/amrl_sunny/ros2_autonomous_vehicle_simulation/install/interfaces_pkg/local/lib/python3.10/dist-packages/interfaces_pkg\n'}
[4.755579] (interfaces_pkg) StdoutLine: {'line': b'-- Installing: /home/amrl_sunny/ros2_autonomous_vehicle_simulation/install/interfaces_pkg/local/lib/python3.10/dist-packages/interfaces_pkg/interfaces_pkg_s__rosidl_typesupport_c.cpython-310-x86_64-linux-gnu.so\n'}
[4.755618] (interfaces_pkg) StdoutLine: {'line': b'-- Installing: /home/amrl_sunny/ros2_autonomous_vehicle_simulation/install/interfaces_pkg/local/lib/python3.10/dist-packages/interfaces_pkg/libinterfaces_pkg__rosidl_generator_py.so\n'}
[4.755685] (interfaces_pkg) StdoutLine: {'line': b'-- Installing: /home/amrl_sunny/ros2_autonomous_vehicle_simulation/install/interfaces_pkg/local/lib/python3.10/dist-packages/interfaces_pkg/msg\n'}
[4.755714] (interfaces_pkg) StdoutLine: {'line': b'-- Installing: /home/amrl_sunny/ros2_autonomous_vehicle_simulation/install/interfaces_pkg/local/lib/python3.10/dist-packages/interfaces_pkg/msg/_bounding_box3_d.py\n'}
[4.755742] (interfaces_pkg) StdoutLine: {'line': b'-- Installing: /home/amrl_sunny/ros2_autonomous_vehicle_simulation/install/interfaces_pkg/local/lib/python3.10/dist-packages/interfaces_pkg/msg/_lane_info.py\n'}
[4.755772] (interfaces_pkg) StdoutLine: {'line': b'-- Installing: /home/amrl_sunny/ros2_autonomous_vehicle_simulation/install/interfaces_pkg/local/lib/python3.10/dist-packages/interfaces_pkg/msg/_key_point2_d_array.py\n'}
[4.755801] (interfaces_pkg) StdoutLine: {'line': b'-- Installing: /home/amrl_sunny/ros2_autonomous_vehicle_simulation/install/interfaces_pkg/local/lib/python3.10/dist-packages/interfaces_pkg/msg/_pose2_d.py\n'}
[4.755829] (interfaces_pkg) StdoutLine: {'line': b'-- Installing: /home/amrl_sunny/ros2_autonomous_vehicle_simulation/install/interfaces_pkg/local/lib/python3.10/dist-packages/interfaces_pkg/msg/_key_point3_d.py\n'}
[4.755861] (interfaces_pkg) StdoutLine: {'line': b'-- Installing: /home/amrl_sunny/ros2_autonomous_vehicle_simulation/install/interfaces_pkg/local/lib/python3.10/dist-packages/interfaces_pkg/msg/_mask_s.c\n'}
[4.755891] (interfaces_pkg) StdoutLine: {'line': b'-- Installing: /home/amrl_sunny/ros2_autonomous_vehicle_simulation/install/interfaces_pkg/local/lib/python3.10/dist-packages/interfaces_pkg/msg/_vector2.py\n'}
[4.755922] (interfaces_pkg) StdoutLine: {'line': b'-- Installing: /home/amrl_sunny/ros2_autonomous_vehicle_simulation/install/interfaces_pkg/local/lib/python3.10/dist-packages/interfaces_pkg/msg/_lane_info_s.c\n'}
[4.755950] (interfaces_pkg) StdoutLine: {'line': b'-- Installing: /home/amrl_sunny/ros2_autonomous_vehicle_simulation/install/interfaces_pkg/local/lib/python3.10/dist-packages/interfaces_pkg/msg/_bounding_box2_d.py\n'}
[4.755979] (interfaces_pkg) StdoutLine: {'line': b'-- Installing: /home/amrl_sunny/ros2_autonomous_vehicle_simulation/install/interfaces_pkg/local/lib/python3.10/dist-packages/interfaces_pkg/msg/_vector2_s.c\n'}
[4.756007] (interfaces_pkg) StdoutLine: {'line': b'-- Installing: /home/amrl_sunny/ros2_autonomous_vehicle_simulation/install/interfaces_pkg/local/lib/python3.10/dist-packages/interfaces_pkg/msg/_mask.py\n'}
[4.756036] (interfaces_pkg) StdoutLine: {'line': b'-- Installing: /home/amrl_sunny/ros2_autonomous_vehicle_simulation/install/interfaces_pkg/local/lib/python3.10/dist-packages/interfaces_pkg/msg/_detection_s.c\n'}
[4.756067] (interfaces_pkg) StdoutLine: {'line': b'-- Installing: /home/amrl_sunny/ros2_autonomous_vehicle_simulation/install/interfaces_pkg/local/lib/python3.10/dist-packages/interfaces_pkg/msg/_key_point2_d_s.c\n'}
[4.756096] (interfaces_pkg) StdoutLine: {'line': b'-- Installing: /home/amrl_sunny/ros2_autonomous_vehicle_simulation/install/interfaces_pkg/local/lib/python3.10/dist-packages/interfaces_pkg/msg/_key_point3_d_s.c\n'}
[4.756124] (interfaces_pkg) StdoutLine: {'line': b'-- Installing: /home/amrl_sunny/ros2_autonomous_vehicle_simulation/install/interfaces_pkg/local/lib/python3.10/dist-packages/interfaces_pkg/msg/_bounding_box3_d_s.c\n'}
[4.756153] (interfaces_pkg) StdoutLine: {'line': b'-- Installing: /home/amrl_sunny/ros2_autonomous_vehicle_simulation/install/interfaces_pkg/local/lib/python3.10/dist-packages/interfaces_pkg/msg/_motion_command_s.c\n'}
[4.756183] (interfaces_pkg) StdoutLine: {'line': b'-- Installing: /home/amrl_sunny/ros2_autonomous_vehicle_simulation/install/interfaces_pkg/local/lib/python3.10/dist-packages/interfaces_pkg/msg/_key_point2_d.py\n'}
[4.756216] (interfaces_pkg) StdoutLine: {'line': b'-- Installing: /home/amrl_sunny/ros2_autonomous_vehicle_simulation/install/interfaces_pkg/local/lib/python3.10/dist-packages/interfaces_pkg/msg/_path_planning_result_s.c\n'}
[4.756247] (interfaces_pkg) StdoutLine: {'line': b'-- Installing: /home/amrl_sunny/ros2_autonomous_vehicle_simulation/install/interfaces_pkg/local/lib/python3.10/dist-packages/interfaces_pkg/msg/_motion_command.py\n'}
[4.756280] (interfaces_pkg) StdoutLine: {'line': b'-- Installing: /home/amrl_sunny/ros2_autonomous_vehicle_simulation/install/interfaces_pkg/local/lib/python3.10/dist-packages/interfaces_pkg/msg/_bounding_box2_d_s.c\n'}
[4.756309] (interfaces_pkg) StdoutLine: {'line': b'-- Installing: /home/amrl_sunny/ros2_autonomous_vehicle_simulation/install/interfaces_pkg/local/lib/python3.10/dist-packages/interfaces_pkg/msg/_key_point3_d_array.py\n'}
[4.756338] (interfaces_pkg) StdoutLine: {'line': b'-- Installing: /home/amrl_sunny/ros2_autonomous_vehicle_simulation/install/interfaces_pkg/local/lib/python3.10/dist-packages/interfaces_pkg/msg/_pose2_d_s.c\n'}
[4.756365] (interfaces_pkg) StdoutLine: {'line': b'-- Installing: /home/amrl_sunny/ros2_autonomous_vehicle_simulation/install/interfaces_pkg/local/lib/python3.10/dist-packages/interfaces_pkg/msg/_path_planning_result.py\n'}
[4.756398] (interfaces_pkg) StdoutLine: {'line': b'-- Installing: /home/amrl_sunny/ros2_autonomous_vehicle_simulation/install/interfaces_pkg/local/lib/python3.10/dist-packages/interfaces_pkg/msg/_target_point_s.c\n'}
[4.756427] (interfaces_pkg) StdoutLine: {'line': b'-- Installing: /home/amrl_sunny/ros2_autonomous_vehicle_simulation/install/interfaces_pkg/local/lib/python3.10/dist-packages/interfaces_pkg/msg/_key_point3_d_array_s.c\n'}
[4.756457] (interfaces_pkg) StdoutLine: {'line': b'-- Installing: /home/amrl_sunny/ros2_autonomous_vehicle_simulation/install/interfaces_pkg/local/lib/python3.10/dist-packages/interfaces_pkg/msg/_key_point2_d_array_s.c\n'}
[4.756486] (interfaces_pkg) StdoutLine: {'line': b'-- Installing: /home/amrl_sunny/ros2_autonomous_vehicle_simulation/install/interfaces_pkg/local/lib/python3.10/dist-packages/interfaces_pkg/msg/__init__.py\n'}
[4.756516] (interfaces_pkg) StdoutLine: {'line': b'-- Installing: /home/amrl_sunny/ros2_autonomous_vehicle_simulation/install/interfaces_pkg/local/lib/python3.10/dist-packages/interfaces_pkg/msg/_point2_d.py\n'}
[4.756546] (interfaces_pkg) StdoutLine: {'line': b'-- Installing: /home/amrl_sunny/ros2_autonomous_vehicle_simulation/install/interfaces_pkg/local/lib/python3.10/dist-packages/interfaces_pkg/msg/_point2_d_s.c\n'}
[4.756576] (interfaces_pkg) StdoutLine: {'line': b'-- Installing: /home/amrl_sunny/ros2_autonomous_vehicle_simulation/install/interfaces_pkg/local/lib/python3.10/dist-packages/interfaces_pkg/msg/_detection.py\n'}
[4.756606] (interfaces_pkg) StdoutLine: {'line': b'-- Installing: /home/amrl_sunny/ros2_autonomous_vehicle_simulation/install/interfaces_pkg/local/lib/python3.10/dist-packages/interfaces_pkg/msg/_target_point.py\n'}
[4.756636] (interfaces_pkg) StdoutLine: {'line': b'-- Installing: /home/amrl_sunny/ros2_autonomous_vehicle_simulation/install/interfaces_pkg/local/lib/python3.10/dist-packages/interfaces_pkg/msg/_detection_array.py\n'}
[4.756669] (interfaces_pkg) StdoutLine: {'line': b'-- Installing: /home/amrl_sunny/ros2_autonomous_vehicle_simulation/install/interfaces_pkg/local/lib/python3.10/dist-packages/interfaces_pkg/msg/_detection_array_s.c\n'}
[4.756701] (interfaces_pkg) StdoutLine: {'line': b'-- Installing: /home/amrl_sunny/ros2_autonomous_vehicle_simulation/install/interfaces_pkg/local/lib/python3.10/dist-packages/interfaces_pkg/_interfaces_pkg_s.ep.rosidl_typesupport_fastrtps_c.c\n'}
[4.756756] (interfaces_pkg) StdoutLine: {'line': b'-- Installing: /home/amrl_sunny/ros2_autonomous_vehicle_simulation/install/interfaces_pkg/local/lib/python3.10/dist-packages/interfaces_pkg/_interfaces_pkg_s.ep.rosidl_typesupport_c.c\n'}
[4.756812] (interfaces_pkg) StdoutLine: {'line': b'-- Installing: /home/amrl_sunny/ros2_autonomous_vehicle_simulation/install/interfaces_pkg/local/lib/python3.10/dist-packages/interfaces_pkg/_interfaces_pkg_s.ep.rosidl_typesupport_introspection_c.c\n'}
[4.756867] (interfaces_pkg) StdoutLine: {'line': b'-- Installing: /home/amrl_sunny/ros2_autonomous_vehicle_simulation/install/interfaces_pkg/local/lib/python3.10/dist-packages/interfaces_pkg/interfaces_pkg_s__rosidl_typesupport_fastrtps_c.cpython-310-x86_64-linux-gnu.so\n'}
[4.756917] (interfaces_pkg) StdoutLine: {'line': b'-- Installing: /home/amrl_sunny/ros2_autonomous_vehicle_simulation/install/interfaces_pkg/local/lib/python3.10/dist-packages/interfaces_pkg/interfaces_pkg_s__rosidl_typesupport_introspection_c.cpython-310-x86_64-linux-gnu.so\n'}
[4.756963] (interfaces_pkg) StdoutLine: {'line': b'-- Installing: /home/amrl_sunny/ros2_autonomous_vehicle_simulation/install/interfaces_pkg/local/lib/python3.10/dist-packages/interfaces_pkg/__init__.py\n'}
[4.782565] (interfaces_pkg) StdoutLine: {'line': b"Listing '/home/amrl_sunny/ros2_autonomous_vehicle_simulation/install/interfaces_pkg/local/lib/python3.10/dist-packages/interfaces_pkg'...\n"}
[4.782610] (interfaces_pkg) StdoutLine: {'line': b"Compiling '/home/amrl_sunny/ros2_autonomous_vehicle_simulation/install/interfaces_pkg/local/lib/python3.10/dist-packages/interfaces_pkg/__init__.py'...\n"}
[4.782637] (interfaces_pkg) StdoutLine: {'line': b"Listing '/home/amrl_sunny/ros2_autonomous_vehicle_simulation/install/interfaces_pkg/local/lib/python3.10/dist-packages/interfaces_pkg/msg'...\n"}
[4.782661] (interfaces_pkg) StdoutLine: {'line': b"Compiling '/home/amrl_sunny/ros2_autonomous_vehicle_simulation/install/interfaces_pkg/local/lib/python3.10/dist-packages/interfaces_pkg/msg/__init__.py'...\n"}
[4.782682] (interfaces_pkg) StdoutLine: {'line': b"Compiling '/home/amrl_sunny/ros2_autonomous_vehicle_simulation/install/interfaces_pkg/local/lib/python3.10/dist-packages/interfaces_pkg/msg/_bounding_box2_d.py'...\n"}
[4.782705] (interfaces_pkg) StdoutLine: {'line': b"Compiling '/home/amrl_sunny/ros2_autonomous_vehicle_simulation/install/interfaces_pkg/local/lib/python3.10/dist-packages/interfaces_pkg/msg/_bounding_box3_d.py'...\n"}
[4.782725] (interfaces_pkg) StdoutLine: {'line': b"Compiling '/home/amrl_sunny/ros2_autonomous_vehicle_simulation/install/interfaces_pkg/local/lib/python3.10/dist-packages/interfaces_pkg/msg/_detection.py'...\n"}
[4.782742] (interfaces_pkg) StdoutLine: {'line': b"Compiling '/home/amrl_sunny/ros2_autonomous_vehicle_simulation/install/interfaces_pkg/local/lib/python3.10/dist-packages/interfaces_pkg/msg/_detection_array.py'...\n"}
[4.782763] (interfaces_pkg) StdoutLine: {'line': b"Compiling '/home/amrl_sunny/ros2_autonomous_vehicle_simulation/install/interfaces_pkg/local/lib/python3.10/dist-packages/interfaces_pkg/msg/_key_point2_d.py'...\n"}
[4.782782] (interfaces_pkg) StdoutLine: {'line': b"Compiling '/home/amrl_sunny/ros2_autonomous_vehicle_simulation/install/interfaces_pkg/local/lib/python3.10/dist-packages/interfaces_pkg/msg/_key_point2_d_array.py'...\n"}
[4.782800] (interfaces_pkg) StdoutLine: {'line': b"Compiling '/home/amrl_sunny/ros2_autonomous_vehicle_simulation/install/interfaces_pkg/local/lib/python3.10/dist-packages/interfaces_pkg/msg/_key_point3_d.py'...\n"}
[4.782818] (interfaces_pkg) StdoutLine: {'line': b"Compiling '/home/amrl_sunny/ros2_autonomous_vehicle_simulation/install/interfaces_pkg/local/lib/python3.10/dist-packages/interfaces_pkg/msg/_key_point3_d_array.py'...\n"}
[4.782836] (interfaces_pkg) StdoutLine: {'line': b"Compiling '/home/amrl_sunny/ros2_autonomous_vehicle_simulation/install/interfaces_pkg/local/lib/python3.10/dist-packages/interfaces_pkg/msg/_lane_info.py'...\n"}
[4.782853] (interfaces_pkg) StdoutLine: {'line': b"Compiling '/home/amrl_sunny/ros2_autonomous_vehicle_simulation/install/interfaces_pkg/local/lib/python3.10/dist-packages/interfaces_pkg/msg/_mask.py'...\n"}
[4.782871] (interfaces_pkg) StdoutLine: {'line': b"Compiling '/home/amrl_sunny/ros2_autonomous_vehicle_simulation/install/interfaces_pkg/local/lib/python3.10/dist-packages/interfaces_pkg/msg/_motion_command.py'...\n"}
[4.782889] (interfaces_pkg) StdoutLine: {'line': b"Compiling '/home/amrl_sunny/ros2_autonomous_vehicle_simulation/install/interfaces_pkg/local/lib/python3.10/dist-packages/interfaces_pkg/msg/_path_planning_result.py'...\n"}
[4.782907] (interfaces_pkg) StdoutLine: {'line': b"Compiling '/home/amrl_sunny/ros2_autonomous_vehicle_simulation/install/interfaces_pkg/local/lib/python3.10/dist-packages/interfaces_pkg/msg/_point2_d.py'...\n"}
[4.782925] (interfaces_pkg) StdoutLine: {'line': b"Compiling '/home/amrl_sunny/ros2_autonomous_vehicle_simulation/install/interfaces_pkg/local/lib/python3.10/dist-packages/interfaces_pkg/msg/_pose2_d.py'...\n"}
[4.782943] (interfaces_pkg) StdoutLine: {'line': b"Compiling '/home/amrl_sunny/ros2_autonomous_vehicle_simulation/install/interfaces_pkg/local/lib/python3.10/dist-packages/interfaces_pkg/msg/_target_point.py'...\n"}
[4.782961] (interfaces_pkg) StdoutLine: {'line': b"Compiling '/home/amrl_sunny/ros2_autonomous_vehicle_simulation/install/interfaces_pkg/local/lib/python3.10/dist-packages/interfaces_pkg/msg/_vector2.py'...\n"}
[4.784887] (interfaces_pkg) StdoutLine: {'line': b'-- Installing: /home/amrl_sunny/ros2_autonomous_vehicle_simulation/install/interfaces_pkg/local/lib/python3.10/dist-packages/interfaces_pkg/interfaces_pkg_s__rosidl_typesupport_fastrtps_c.cpython-310-x86_64-linux-gnu.so\n'}
[4.784961] (interfaces_pkg) StdoutLine: {'line': b'-- Set runtime path of "/home/amrl_sunny/ros2_autonomous_vehicle_simulation/install/interfaces_pkg/local/lib/python3.10/dist-packages/interfaces_pkg/interfaces_pkg_s__rosidl_typesupport_fastrtps_c.cpython-310-x86_64-linux-gnu.so" to ""\n'}
[4.785032] (interfaces_pkg) StdoutLine: {'line': b'-- Installing: /home/amrl_sunny/ros2_autonomous_vehicle_simulation/install/interfaces_pkg/local/lib/python3.10/dist-packages/interfaces_pkg/interfaces_pkg_s__rosidl_typesupport_introspection_c.cpython-310-x86_64-linux-gnu.so\n'}
[4.785153] (interfaces_pkg) StdoutLine: {'line': b'-- Set runtime path of "/home/amrl_sunny/ros2_autonomous_vehicle_simulation/install/interfaces_pkg/local/lib/python3.10/dist-packages/interfaces_pkg/interfaces_pkg_s__rosidl_typesupport_introspection_c.cpython-310-x86_64-linux-gnu.so" to ""\n'}
[4.785293] (interfaces_pkg) StdoutLine: {'line': b'-- Installing: /home/amrl_sunny/ros2_autonomous_vehicle_simulation/install/interfaces_pkg/local/lib/python3.10/dist-packages/interfaces_pkg/interfaces_pkg_s__rosidl_typesupport_c.cpython-310-x86_64-linux-gnu.so\n'}
[4.785392] (interfaces_pkg) StdoutLine: {'line': b'-- Set runtime path of "/home/amrl_sunny/ros2_autonomous_vehicle_simulation/install/interfaces_pkg/local/lib/python3.10/dist-packages/interfaces_pkg/interfaces_pkg_s__rosidl_typesupport_c.cpython-310-x86_64-linux-gnu.so" to ""\n'}
[4.785414] (interfaces_pkg) StdoutLine: {'line': b'-- Installing: /home/amrl_sunny/ros2_autonomous_vehicle_simulation/install/interfaces_pkg/lib/libinterfaces_pkg__rosidl_generator_py.so\n'}
[4.785574] (interfaces_pkg) StdoutLine: {'line': b'-- Set runtime path of "/home/amrl_sunny/ros2_autonomous_vehicle_simulation/install/interfaces_pkg/lib/libinterfaces_pkg__rosidl_generator_py.so" to ""\n'}
[4.785594] (interfaces_pkg) StdoutLine: {'line': b'-- Installing: /home/amrl_sunny/ros2_autonomous_vehicle_simulation/install/interfaces_pkg/share/interfaces_pkg/msg/Point2D.idl\n'}
[4.785665] (interfaces_pkg) StdoutLine: {'line': b'-- Installing: /home/amrl_sunny/ros2_autonomous_vehicle_simulation/install/interfaces_pkg/share/interfaces_pkg/msg/Vector2.idl\n'}
[4.785685] (interfaces_pkg) StdoutLine: {'line': b'-- Installing: /home/amrl_sunny/ros2_autonomous_vehicle_simulation/install/interfaces_pkg/share/interfaces_pkg/msg/Pose2D.idl\n'}
[4.785752] (interfaces_pkg) StdoutLine: {'line': b'-- Installing: /home/amrl_sunny/ros2_autonomous_vehicle_simulation/install/interfaces_pkg/share/interfaces_pkg/msg/BoundingBox2D.idl\n'}
[4.785842] (interfaces_pkg) StdoutLine: {'line': b'-- Installing: /home/amrl_sunny/ros2_autonomous_vehicle_simulation/install/interfaces_pkg/share/interfaces_pkg/msg/BoundingBox3D.idl\n'}
[4.785939] (interfaces_pkg) StdoutLine: {'line': b'-- Installing: /home/amrl_sunny/ros2_autonomous_vehicle_simulation/install/interfaces_pkg/share/interfaces_pkg/msg/Mask.idl\n'}
[4.785961] (interfaces_pkg) StdoutLine: {'line': b'-- Installing: /home/amrl_sunny/ros2_autonomous_vehicle_simulation/install/interfaces_pkg/share/interfaces_pkg/msg/KeyPoint2D.idl\n'}
[4.786003] (interfaces_pkg) StdoutLine: {'line': b'-- Installing: /home/amrl_sunny/ros2_autonomous_vehicle_simulation/install/interfaces_pkg/share/interfaces_pkg/msg/KeyPoint2DArray.idl\n'}
[4.786023] (interfaces_pkg) StdoutLine: {'line': b'-- Installing: /home/amrl_sunny/ros2_autonomous_vehicle_simulation/install/interfaces_pkg/share/interfaces_pkg/msg/KeyPoint3D.idl\n'}
[4.786043] (interfaces_pkg) StdoutLine: {'line': b'-- Installing: /home/amrl_sunny/ros2_autonomous_vehicle_simulation/install/interfaces_pkg/share/interfaces_pkg/msg/KeyPoint3DArray.idl\n'}
[4.786064] (interfaces_pkg) StdoutLine: {'line': b'-- Installing: /home/amrl_sunny/ros2_autonomous_vehicle_simulation/install/interfaces_pkg/share/interfaces_pkg/msg/Detection.idl\n'}
[4.786094] (interfaces_pkg) StdoutLine: {'line': b'-- Installing: /home/amrl_sunny/ros2_autonomous_vehicle_simulation/install/interfaces_pkg/share/interfaces_pkg/msg/DetectionArray.idl\n'}
[4.786125] (interfaces_pkg) StdoutLine: {'line': b'-- Installing: /home/amrl_sunny/ros2_autonomous_vehicle_simulation/install/interfaces_pkg/share/interfaces_pkg/msg/LaneInfo.idl\n'}
[4.786155] (interfaces_pkg) StdoutLine: {'line': b'-- Installing: /home/amrl_sunny/ros2_autonomous_vehicle_simulation/install/interfaces_pkg/share/interfaces_pkg/msg/MotionCommand.idl\n'}
[4.786185] (interfaces_pkg) StdoutLine: {'line': b'-- Installing: /home/amrl_sunny/ros2_autonomous_vehicle_simulation/install/interfaces_pkg/share/interfaces_pkg/msg/TargetPoint.idl\n'}
[4.786219] (interfaces_pkg) StdoutLine: {'line': b'-- Installing: /home/amrl_sunny/ros2_autonomous_vehicle_simulation/install/interfaces_pkg/share/interfaces_pkg/msg/PathPlanningResult.idl\n'}
[4.786269] (interfaces_pkg) StdoutLine: {'line': b'-- Installing: /home/amrl_sunny/ros2_autonomous_vehicle_simulation/install/interfaces_pkg/share/interfaces_pkg/msg/Point2D.msg\n'}
[4.786314] (interfaces_pkg) StdoutLine: {'line': b'-- Installing: /home/amrl_sunny/ros2_autonomous_vehicle_simulation/install/interfaces_pkg/share/interfaces_pkg/msg/Vector2.msg\n'}
[4.786355] (interfaces_pkg) StdoutLine: {'line': b'-- Installing: /home/amrl_sunny/ros2_autonomous_vehicle_simulation/install/interfaces_pkg/share/interfaces_pkg/msg/Pose2D.msg\n'}
[4.786398] (interfaces_pkg) StdoutLine: {'line': b'-- Installing: /home/amrl_sunny/ros2_autonomous_vehicle_simulation/install/interfaces_pkg/share/interfaces_pkg/msg/BoundingBox2D.msg\n'}
[4.786446] (interfaces_pkg) StdoutLine: {'line': b'-- Installing: /home/amrl_sunny/ros2_autonomous_vehicle_simulation/install/interfaces_pkg/share/interfaces_pkg/msg/BoundingBox3D.msg\n'}
[4.786490] (interfaces_pkg) StdoutLine: {'line': b'-- Installing: /home/amrl_sunny/ros2_autonomous_vehicle_simulation/install/interfaces_pkg/share/interfaces_pkg/msg/Mask.msg\n'}
[4.786533] (interfaces_pkg) StdoutLine: {'line': b'-- Installing: /home/amrl_sunny/ros2_autonomous_vehicle_simulation/install/interfaces_pkg/share/interfaces_pkg/msg/KeyPoint2D.msg\n'}
[4.786577] (interfaces_pkg) StdoutLine: {'line': b'-- Installing: /home/amrl_sunny/ros2_autonomous_vehicle_simulation/install/interfaces_pkg/share/interfaces_pkg/msg/KeyPoint2DArray.msg\n'}
[4.786623] (interfaces_pkg) StdoutLine: {'line': b'-- Installing: /home/amrl_sunny/ros2_autonomous_vehicle_simulation/install/interfaces_pkg/share/interfaces_pkg/msg/KeyPoint3D.msg\n'}
[4.786668] (interfaces_pkg) StdoutLine: {'line': b'-- Installing: /home/amrl_sunny/ros2_autonomous_vehicle_simulation/install/interfaces_pkg/share/interfaces_pkg/msg/KeyPoint3DArray.msg\n'}
[4.786709] (interfaces_pkg) StdoutLine: {'line': b'-- Installing: /home/amrl_sunny/ros2_autonomous_vehicle_simulation/install/interfaces_pkg/share/interfaces_pkg/msg/Detection.msg\n'}
[4.786752] (interfaces_pkg) StdoutLine: {'line': b'-- Installing: /home/amrl_sunny/ros2_autonomous_vehicle_simulation/install/interfaces_pkg/share/interfaces_pkg/msg/DetectionArray.msg\n'}
[4.786798] (interfaces_pkg) StdoutLine: {'line': b'-- Installing: /home/amrl_sunny/ros2_autonomous_vehicle_simulation/install/interfaces_pkg/share/interfaces_pkg/msg/LaneInfo.msg\n'}
[4.786843] (interfaces_pkg) StdoutLine: {'line': b'-- Installing: /home/amrl_sunny/ros2_autonomous_vehicle_simulation/install/interfaces_pkg/share/interfaces_pkg/msg/MotionCommand.msg\n'}
[4.786885] (interfaces_pkg) StdoutLine: {'line': b'-- Installing: /home/amrl_sunny/ros2_autonomous_vehicle_simulation/install/interfaces_pkg/share/interfaces_pkg/msg/TargetPoint.msg\n'}
[4.786934] (interfaces_pkg) StdoutLine: {'line': b'-- Installing: /home/amrl_sunny/ros2_autonomous_vehicle_simulation/install/interfaces_pkg/share/interfaces_pkg/msg/PathPlanningResult.msg\n'}
[4.786992] (interfaces_pkg) StdoutLine: {'line': b'-- Installing: /home/amrl_sunny/ros2_autonomous_vehicle_simulation/install/interfaces_pkg/share/ament_index/resource_index/package_run_dependencies/interfaces_pkg\n'}
[4.787051] (interfaces_pkg) StdoutLine: {'line': b'-- Installing: /home/amrl_sunny/ros2_autonomous_vehicle_simulation/install/interfaces_pkg/share/ament_index/resource_index/parent_prefix_path/interfaces_pkg\n'}
[4.787097] (interfaces_pkg) StdoutLine: {'line': b'-- Installing: /home/amrl_sunny/ros2_autonomous_vehicle_simulation/install/interfaces_pkg/share/interfaces_pkg/environment/ament_prefix_path.sh\n'}
[4.787142] (interfaces_pkg) StdoutLine: {'line': b'-- Installing: /home/amrl_sunny/ros2_autonomous_vehicle_simulation/install/interfaces_pkg/share/interfaces_pkg/environment/ament_prefix_path.dsv\n'}
[4.787189] (interfaces_pkg) StdoutLine: {'line': b'-- Installing: /home/amrl_sunny/ros2_autonomous_vehicle_simulation/install/interfaces_pkg/share/interfaces_pkg/environment/path.sh\n'}
[4.787239] (interfaces_pkg) StdoutLine: {'line': b'-- Installing: /home/amrl_sunny/ros2_autonomous_vehicle_simulation/install/interfaces_pkg/share/interfaces_pkg/environment/path.dsv\n'}
[4.787281] (interfaces_pkg) StdoutLine: {'line': b'-- Installing: /home/amrl_sunny/ros2_autonomous_vehicle_simulation/install/interfaces_pkg/share/interfaces_pkg/local_setup.bash\n'}
[4.787322] (interfaces_pkg) StdoutLine: {'line': b'-- Installing: /home/amrl_sunny/ros2_autonomous_vehicle_simulation/install/interfaces_pkg/share/interfaces_pkg/local_setup.sh\n'}
[4.787372] (interfaces_pkg) StdoutLine: {'line': b'-- Installing: /home/amrl_sunny/ros2_autonomous_vehicle_simulation/install/interfaces_pkg/share/interfaces_pkg/local_setup.zsh\n'}
[4.787416] (interfaces_pkg) StdoutLine: {'line': b'-- Installing: /home/amrl_sunny/ros2_autonomous_vehicle_simulation/install/interfaces_pkg/share/interfaces_pkg/local_setup.dsv\n'}
[4.787457] (interfaces_pkg) StdoutLine: {'line': b'-- Installing: /home/amrl_sunny/ros2_autonomous_vehicle_simulation/install/interfaces_pkg/share/interfaces_pkg/package.dsv\n'}
[4.787512] (interfaces_pkg) StdoutLine: {'line': b'-- Installing: /home/amrl_sunny/ros2_autonomous_vehicle_simulation/install/interfaces_pkg/share/ament_index/resource_index/packages/interfaces_pkg\n'}
[4.787577] (interfaces_pkg) StdoutLine: {'line': b'-- Installing: /home/amrl_sunny/ros2_autonomous_vehicle_simulation/install/interfaces_pkg/share/interfaces_pkg/cmake/export_interfaces_pkg__rosidl_generator_cExport.cmake\n'}
[4.787629] (interfaces_pkg) StdoutLine: {'line': b'-- Installing: /home/amrl_sunny/ros2_autonomous_vehicle_simulation/install/interfaces_pkg/share/interfaces_pkg/cmake/export_interfaces_pkg__rosidl_generator_cExport-noconfig.cmake\n'}
[4.787678] (interfaces_pkg) StdoutLine: {'line': b'-- Installing: /home/amrl_sunny/ros2_autonomous_vehicle_simulation/install/interfaces_pkg/share/interfaces_pkg/cmake/export_interfaces_pkg__rosidl_typesupport_fastrtps_cExport.cmake\n'}
[4.787725] (interfaces_pkg) StdoutLine: {'line': b'-- Installing: /home/amrl_sunny/ros2_autonomous_vehicle_simulation/install/interfaces_pkg/share/interfaces_pkg/cmake/export_interfaces_pkg__rosidl_typesupport_fastrtps_cExport-noconfig.cmake\n'}
[4.787779] (interfaces_pkg) StdoutLine: {'line': b'-- Installing: /home/amrl_sunny/ros2_autonomous_vehicle_simulation/install/interfaces_pkg/share/interfaces_pkg/cmake/interfaces_pkg__rosidl_typesupport_introspection_cExport.cmake\n'}
[4.787828] (interfaces_pkg) StdoutLine: {'line': b'-- Installing: /home/amrl_sunny/ros2_autonomous_vehicle_simulation/install/interfaces_pkg/share/interfaces_pkg/cmake/interfaces_pkg__rosidl_typesupport_introspection_cExport-noconfig.cmake\n'}
[4.787878] (interfaces_pkg) StdoutLine: {'line': b'-- Installing: /home/amrl_sunny/ros2_autonomous_vehicle_simulation/install/interfaces_pkg/share/interfaces_pkg/cmake/interfaces_pkg__rosidl_typesupport_cExport.cmake\n'}
[4.787923] (interfaces_pkg) StdoutLine: {'line': b'-- Installing: /home/amrl_sunny/ros2_autonomous_vehicle_simulation/install/interfaces_pkg/share/interfaces_pkg/cmake/interfaces_pkg__rosidl_typesupport_cExport-noconfig.cmake\n'}
[4.787976] (interfaces_pkg) StdoutLine: {'line': b'-- Installing: /home/amrl_sunny/ros2_autonomous_vehicle_simulation/install/interfaces_pkg/share/interfaces_pkg/cmake/export_interfaces_pkg__rosidl_generator_cppExport.cmake\n'}
[4.788030] (interfaces_pkg) StdoutLine: {'line': b'-- Installing: /home/amrl_sunny/ros2_autonomous_vehicle_simulation/install/interfaces_pkg/share/interfaces_pkg/cmake/export_interfaces_pkg__rosidl_typesupport_fastrtps_cppExport.cmake\n'}
[4.788076] (interfaces_pkg) StdoutLine: {'line': b'-- Installing: /home/amrl_sunny/ros2_autonomous_vehicle_simulation/install/interfaces_pkg/share/interfaces_pkg/cmake/export_interfaces_pkg__rosidl_typesupport_fastrtps_cppExport-noconfig.cmake\n'}
[4.788125] (interfaces_pkg) StdoutLine: {'line': b'-- Installing: /home/amrl_sunny/ros2_autonomous_vehicle_simulation/install/interfaces_pkg/share/interfaces_pkg/cmake/interfaces_pkg__rosidl_typesupport_introspection_cppExport.cmake\n'}
[4.788175] (interfaces_pkg) StdoutLine: {'line': b'-- Installing: /home/amrl_sunny/ros2_autonomous_vehicle_simulation/install/interfaces_pkg/share/interfaces_pkg/cmake/interfaces_pkg__rosidl_typesupport_introspection_cppExport-noconfig.cmake\n'}
[4.788229] (interfaces_pkg) StdoutLine: {'line': b'-- Installing: /home/amrl_sunny/ros2_autonomous_vehicle_simulation/install/interfaces_pkg/share/interfaces_pkg/cmake/interfaces_pkg__rosidl_typesupport_cppExport.cmake\n'}
[4.788275] (interfaces_pkg) StdoutLine: {'line': b'-- Installing: /home/amrl_sunny/ros2_autonomous_vehicle_simulation/install/interfaces_pkg/share/interfaces_pkg/cmake/interfaces_pkg__rosidl_typesupport_cppExport-noconfig.cmake\n'}
[4.788325] (interfaces_pkg) StdoutLine: {'line': b'-- Installing: /home/amrl_sunny/ros2_autonomous_vehicle_simulation/install/interfaces_pkg/share/interfaces_pkg/cmake/export_interfaces_pkg__rosidl_generator_pyExport.cmake\n'}
[4.788375] (interfaces_pkg) StdoutLine: {'line': b'-- Installing: /home/amrl_sunny/ros2_autonomous_vehicle_simulation/install/interfaces_pkg/share/interfaces_pkg/cmake/export_interfaces_pkg__rosidl_generator_pyExport-noconfig.cmake\n'}
[4.788424] (interfaces_pkg) StdoutLine: {'line': b'-- Installing: /home/amrl_sunny/ros2_autonomous_vehicle_simulation/install/interfaces_pkg/share/interfaces_pkg/cmake/rosidl_cmake-extras.cmake\n'}
[4.788468] (interfaces_pkg) StdoutLine: {'line': b'-- Installing: /home/amrl_sunny/ros2_autonomous_vehicle_simulation/install/interfaces_pkg/share/interfaces_pkg/cmake/ament_cmake_export_dependencies-extras.cmake\n'}
[4.788514] (interfaces_pkg) StdoutLine: {'line': b'-- Installing: /home/amrl_sunny/ros2_autonomous_vehicle_simulation/install/interfaces_pkg/share/interfaces_pkg/cmake/ament_cmake_export_include_directories-extras.cmake\n'}
[4.788564] (interfaces_pkg) StdoutLine: {'line': b'-- Installing: /home/amrl_sunny/ros2_autonomous_vehicle_simulation/install/interfaces_pkg/share/interfaces_pkg/cmake/ament_cmake_export_libraries-extras.cmake\n'}
[4.788612] (interfaces_pkg) StdoutLine: {'line': b'-- Installing: /home/amrl_sunny/ros2_autonomous_vehicle_simulation/install/interfaces_pkg/share/interfaces_pkg/cmake/ament_cmake_export_targets-extras.cmake\n'}
[4.788657] (interfaces_pkg) StdoutLine: {'line': b'-- Installing: /home/amrl_sunny/ros2_autonomous_vehicle_simulation/install/interfaces_pkg/share/interfaces_pkg/cmake/rosidl_cmake_export_typesupport_targets-extras.cmake\n'}
[4.788700] (interfaces_pkg) StdoutLine: {'line': b'-- Installing: /home/amrl_sunny/ros2_autonomous_vehicle_simulation/install/interfaces_pkg/share/interfaces_pkg/cmake/rosidl_cmake_export_typesupport_libraries-extras.cmake\n'}
[4.788749] (interfaces_pkg) StdoutLine: {'line': b'-- Installing: /home/amrl_sunny/ros2_autonomous_vehicle_simulation/install/interfaces_pkg/share/interfaces_pkg/cmake/interfaces_pkgConfig.cmake\n'}
[4.788780] (interfaces_pkg) StdoutLine: {'line': b'-- Installing: /home/amrl_sunny/ros2_autonomous_vehicle_simulation/install/interfaces_pkg/share/interfaces_pkg/cmake/interfaces_pkgConfig-version.cmake\n'}
[4.788827] (interfaces_pkg) StdoutLine: {'line': b'-- Installing: /home/amrl_sunny/ros2_autonomous_vehicle_simulation/install/interfaces_pkg/share/interfaces_pkg/package.xml\n'}
[4.790154] (interfaces_pkg) CommandEnded: {'returncode': 0}
[4.798424] (interfaces_pkg) JobEnded: {'identifier': 'interfaces_pkg', 'rc': 0}
[4.798650] (-) EventReactorShutdown: {}
